{"type":"FeatureCollection","features":[{"type":"Feature","properties":{"cod_regpol":"18R1","regionpol":"PUNO","cod_cpnp":"4525","comisaria":"CPNP JULIACA","tipo":"A","categoria":"PUNO","cod_uni":"219303","cod_divpol":"18R1A","divpol":"DIVOPUS JULIACA","departamento":"PUNO","provincia":"SAN ROMAN","distrito":"JULIACA"},"geometry":{"type":"Point","coordinates":[-70.12805249899998,-15.49258541699993]}},{"type":"Feature","properties":{"cod_regpol":"18R1","regionpol":"PUNO","cod_cpnp":"4532","comisaria":"CPNP SANTA BARBARA","tipo":"B","categoria":"PUNO","cod_uni":"219307","cod_divpol":"18R1A","divpol":"DIVOPUS JULIACA","departamento":"PUNO","provincia":"SAN ROMAN","distrito":"JULIACA"},"geometry":{"type":"Point","coordinates":[-70.12800629899994,-15.504740950999974]}},{"type":"Feature","properties":{"cod_regpol":"19R1","regionpol":"AMAZONAS","cod_cpnp":"1529","comisaria":"CPNP SANTA MARIA DE NIEVA","tipo":"A","categoria":"AMAZONAS","cod_uni":"222078","cod_divpol":"19R1A","divpol":"DIVOPUS AMAZONAS","departamento":"AMAZONAS","provincia":"CONDORCANQUI","distrito":"NIEVA"},"geometry":{"type":"Point","coordinates":[-77.86418228899998,-4.592240298999968]}},{"type":"Feature","properties":{"cod_regpol":"18R1","regionpol":"PUNO","cod_cpnp":"4550","comisaria":"CPNP TARACO","tipo":"E","categoria":"PUNO","cod_uni":"219335","cod_divpol":"18R1A","divpol":"DIVOPUS JULIACA","departamento":"PUNO","provincia":"HUANCANE","distrito":"TARACO"},"geometry":{"type":"Point","coordinates":[-69.97882370999997,-15.297966419999966]}},{"type":"Feature","properties":{"cod_regpol":"08R1","regionpol":"HUANUCO","cod_cpnp":"5908","comisaria":"CPNP ACOMAYO","tipo":"C","categoria":"HUANUCO","cod_uni":"217489","cod_divpol":"08R1B","divpol":"DIVOPUS HUANUCO","departamento":"HUANUCO","provincia":"HUANUCO","distrito":"CHINCHAO"},"geometry":{"type":"Point","coordinates":[-76.07137441999998,-9.801651589999949]}},{"type":"Feature","properties":{"cod_regpol":"08R1","regionpol":"HUANUCO","cod_cpnp":"5920","comisaria":"CPNP PANAO","tipo":"B","categoria":"HUANUCO","cod_uni":"217493","cod_divpol":"08R1B","divpol":"DIVOPUS HUANUCO","departamento":"HUANUCO","provincia":"PACHITEA","distrito":"PANAO"},"geometry":{"type":"Point","coordinates":[-75.99477199999995,-9.896672999999964]}},{"type":"Feature","properties":{"cod_regpol":"10R2","regionpol":"JUNIN","cod_cpnp":"3105","comisaria":"CPNP SAN RAMON","tipo":"B","categoria":"JUNIN","cod_uni":"217909","cod_divpol":"10R2B","divpol":"DIVOPUS CHANCHAMAYO","departamento":"JUNIN","provincia":"CHANCHAMAYO","distrito":"SAN RAMON"},"geometry":{"type":"Point","coordinates":[-75.35467475999997,-11.12086058999995]}},{"type":"Feature","properties":{"cod_regpol":"10R2","regionpol":"JUNIN","cod_cpnp":"3115","comisaria":"CPNP PICHANAQUI","tipo":"B","categoria":"JUNIN","cod_uni":"217915","cod_divpol":"10R2B","divpol":"DIVOPUS CHANCHAMAYO","departamento":"JUNIN","provincia":"CHANCHAMAYO","distrito":"PICHANAQUI"},"geometry":{"type":"Point","coordinates":[-74.87355960999997,-10.927216569999928]}},{"type":"Feature","properties":{"cod_regpol":"10R2","regionpol":"JUNIN","cod_cpnp":"3110","comisaria":"CPNP VILLA PERENE","tipo":"C","categoria":"JUNIN","cod_uni":"217912","cod_divpol":"10R2B","divpol":"DIVOPUS CHANCHAMAYO","departamento":"JUNIN","provincia":"CHANCHAMAYO","distrito":"PERENE"},"geometry":{"type":"Point","coordinates":[-75.22554401999997,-10.952262979999944]}},{"type":"Feature","properties":{"cod_regpol":"10R2","regionpol":"JUNIN","cod_cpnp":"3100","comisaria":"CPNP LA MERCED","tipo":"B","categoria":"JUNIN","cod_uni":"224394","cod_divpol":"10R2B","divpol":"DIVOPUS CHANCHAMAYO","departamento":"JUNIN","provincia":"CHANCHAMAYO","distrito":"CHANCHAMAYO"},"geometry":{"type":"Point","coordinates":[-75.33092406899993,-11.056072142999938]}},{"type":"Feature","properties":{"cod_regpol":"08R1","regionpol":"HUANUCO","cod_cpnp":"7050","comisaria":"CPNP LLATA","tipo":"D","categoria":"HUANUCO","cod_uni":"217513","cod_divpol":"08R1B","divpol":"DIVOPUS HUANUCO","departamento":"HUANUCO","provincia":"HUAMALIES","distrito":"LLATA"},"geometry":{"type":"Point","coordinates":[-76.81845405999997,-9.550164259999974]}},{"type":"Feature","properties":{"cod_regpol":"18R1","regionpol":"PUNO","cod_cpnp":"4575","comisaria":"CPNP LAMPA","tipo":"B","categoria":"PUNO","cod_uni":"219311","cod_divpol":"18R1A","divpol":"DIVOPUS JULIACA","departamento":"PUNO","provincia":"LAMPA","distrito":"LAMPA"},"geometry":{"type":"Point","coordinates":[-70.36706799999996,-15.363348000999963]}},{"type":"Feature","properties":{"cod_regpol":"09R1","regionpol":"ICA","cod_cpnp":"5360","comisaria":"CPNP MARCONA","tipo":"B","categoria":"ICA","cod_uni":"223555","cod_divpol":"09R1B","divpol":"DIVOPUS ICA","departamento":"ICA","provincia":"NASCA","distrito":"MARCONA"},"geometry":{"type":"Point","coordinates":[-75.16480591999994,-15.361831209999934]}},{"type":"Feature","properties":{"cod_regpol":"18R1","regionpol":"PUNO","cod_cpnp":"4596","comisaria":"CPNP SANTA ROSA","tipo":"D","categoria":"PUNO","cod_uni":"219328","cod_divpol":"18R1A","divpol":"DIVOPUS JULIACA","departamento":"PUNO","provincia":"MELGAR","distrito":"SANTA ROSA"},"geometry":{"type":"Point","coordinates":[-70.79123215999994,-14.608121849999975]}},{"type":"Feature","properties":{"cod_regpol":"02R1","regionpol":"APURIMAC","cod_cpnp":"5466","comisaria":"CPNP TAMBOBAMBA","tipo":"C","categoria":"APURIMAC","cod_uni":"223440","cod_divpol":"02R1B","divpol":"DIVOPUS ABANCAY","departamento":"APURIMAC","provincia":"COTABAMBAS","distrito":"TAMBOBAMBA"},"geometry":{"type":"Point","coordinates":[-72.17535690999995,-13.94843955999994]}},{"type":"Feature","properties":{"cod_regpol":"13R1","regionpol":"LIMA CENTRO","cod_cpnp":"2265","comisaria":"CPNP SAN GENARO","tipo":"B","categoria":"LIMAMETRO","cod_uni":"220142","cod_divpol":"13R1N","divpol":"DIVPOL SUR 2","departamento":"LIMA","provincia":"LIMA","distrito":"CHORRILLOS"},"geometry":{"type":"Point","coordinates":[-77.02055971999994,-12.194025900999975]}},{"type":"Feature","properties":{"cod_regpol":"13R1","regionpol":"LIMA CENTRO","cod_cpnp":"2235","comisaria":"CPNP VILLA","tipo":"B","categoria":"LIMAMETRO","cod_uni":"220124","cod_divpol":"13R1N","divpol":"DIVPOL SUR 2","departamento":"LIMA","provincia":"LIMA","distrito":"CHORRILLOS"},"geometry":{"type":"Point","coordinates":[-77.00795843899994,-12.185805969999933]}},{"type":"Feature","properties":{"cod_regpol":"13R1","regionpol":"LIMA CENTRO","cod_cpnp":"2240","comisaria":"CPNP MATEO PUMACAHUA","tipo":"B","categoria":"LIMAMETRO","cod_uni":"220127","cod_divpol":"13R1N","divpol":"DIVPOL SUR 2","departamento":"LIMA","provincia":"LIMA","distrito":"CHORRILLOS"},"geometry":{"type":"Point","coordinates":[-76.97995471599995,-12.192048646999979]}},{"type":"Feature","properties":{"cod_regpol":"13R1","regionpol":"LIMA CENTRO","cod_cpnp":"2230","comisaria":"CPNP CHORRILLOS","tipo":"A","categoria":"LIMAMETRO","cod_uni":"220121","cod_divpol":"13R1N","divpol":"DIVPOL SUR 2","departamento":"LIMA","provincia":"LIMA","distrito":"CHORRILLOS"},"geometry":{"type":"Point","coordinates":[-77.02342208399995,-12.170409974999927]}},{"type":"Feature","properties":{"cod_regpol":"04R1","regionpol":"AYACUCHO","cod_cpnp":"3390","comisaria":"CPNP HUANCASANCOS","tipo":"E","categoria":"AYACUCHO","cod_uni":"218534","cod_divpol":"04R1A","divpol":"DIVOPUS AYACUCHO","departamento":"AYACUCHO","provincia":"HUANCA SANCOS","distrito":"SANCOS"},"geometry":{"type":"Point","coordinates":[-74.33418146999998,-13.919908169999928]}},{"type":"Feature","properties":{"cod_regpol":"10R2","regionpol":"JUNIN","cod_cpnp":"3012","comisaria":"CPNP CHONGOS ALTO","tipo":"C","categoria":"JUNIN","cod_uni":"217848","cod_divpol":"10R2A","divpol":"DIVOPUS HUANCAYO","departamento":"JUNIN","provincia":"HUANCAYO","distrito":"CHONGOS ALTO"},"geometry":{"type":"Point","coordinates":[-75.28863653999997,-12.311311839999973]}},{"type":"Feature","properties":{"cod_regpol":"10R1","regionpol":"HUANCAVELICA","cod_cpnp":"3200","comisaria":"CPNP HUANCAVELICA","tipo":"A","categoria":"HUANCAVELICA","cod_uni":"218052","cod_divpol":"10R1A","divpol":"DIVOPUS HUANCAVELICA","departamento":"HUANCAVELICA","provincia":"HUANCAVELICA","distrito":"HUANCAVELICA"},"geometry":{"type":"Point","coordinates":[-74.96901210599998,-12.785860404999937]}},{"type":"Feature","properties":{"cod_regpol":"07R1","regionpol":"CUSCO","cod_cpnp":"3580","comisaria":"CPNP PAUCARTAMBO","tipo":"C","categoria":"CUSCO","cod_uni":"218223","cod_divpol":"07R1B","divpol":"DIVOPUS CUSCO","departamento":"CUSCO","provincia":"PAUCARTAMBO","distrito":"PAUCARTAMBO"},"geometry":{"type":"Point","coordinates":[-71.59763077999997,-13.317981409999959]}},{"type":"Feature","properties":{"cod_regpol":"07R1","regionpol":"CUSCO","cod_cpnp":"3574","comisaria":"CPNP QUINCEMIL","tipo":"C","categoria":"CUSCO","cod_uni":"218217","cod_divpol":"07R1B","divpol":"DIVOPUS CUSCO","departamento":"CUSCO","provincia":"QUISPICANCHI","distrito":"CAMANTI"},"geometry":{"type":"Point","coordinates":[-70.75622017999996,-13.232437129999937]}},{"type":"Feature","properties":{"cod_regpol":"07R1","regionpol":"CUSCO","cod_cpnp":"3530","comisaria":"CPNP OLLANTAYTAMBO","tipo":"D","categoria":"CUSCO","cod_uni":"218191","cod_divpol":"07R1B","divpol":"DIVOPUS CUSCO","departamento":"CUSCO","provincia":"URUBAMBA","distrito":"OLLANTAYTAMBO"},"geometry":{"type":"Point","coordinates":[-72.26415655899996,-13.258535949999953]}},{"type":"Feature","properties":{"cod_regpol":"10R1","regionpol":"HUANCAVELICA","cod_cpnp":"3230","comisaria":"CPNP ANGARAES LIRCAY","tipo":"B","categoria":"HUANCAVELICA","cod_uni":"218085","cod_divpol":"10R1A","divpol":"DIVOPUS HUANCAVELICA","departamento":"HUANCAVELICA","provincia":"ANGARAES","distrito":"LIRCAY"},"geometry":{"type":"Point","coordinates":[-74.72394490999994,-12.98745447999994]}},{"type":"Feature","properties":{"cod_regpol":"10R2","regionpol":"JUNIN","cod_cpnp":"3044","comisaria":"CPNP PACHACAYO","tipo":"C","categoria":"JUNIN","cod_uni":"217882","cod_divpol":"10R2A","divpol":"DIVOPUS HUANCAYO","departamento":"JUNIN","provincia":"JAUJA","distrito":"CANCHAYLLO"},"geometry":{"type":"Point","coordinates":[-75.71752055999997,-11.784278099999938]}},{"type":"Feature","properties":{"cod_regpol":"11R1","regionpol":"LA LIBERTAD","cod_cpnp":"1092","comisaria":"CPNP BUENOS AIRES","tipo":"B","categoria":"LA LIBERTAD","cod_uni":"216949","cod_divpol":"11R1B","divpol":"DIVPOL TRUJILLO","departamento":"LA LIBERTAD","provincia":"TRUJILLO","distrito":"VICTOR LARCO HERRERA"},"geometry":{"type":"Point","coordinates":[-79.05253931999994,-8.140817049999953]}},{"type":"Feature","properties":{"cod_regpol":"19R1","regionpol":"AMAZONAS","cod_cpnp":"1493","comisaria":"CPNP CAJARURO","tipo":"D","categoria":"AMAZONAS","cod_uni":"222037","cod_divpol":"19R1A","divpol":"DIVOPUS AMAZONAS","departamento":"AMAZONAS","provincia":"UTCUBAMBA","distrito":"CAJARURO"},"geometry":{"type":"Point","coordinates":[-78.42965809999998,-5.7373602999999775]}},{"type":"Feature","properties":{"cod_regpol":"19R1","regionpol":"AMAZONAS","cod_cpnp":"1448","comisaria":"CPNP BUENOS AIRES","tipo":"E","categoria":"AMAZONAS","cod_uni":"222077","cod_divpol":"19R1A","divpol":"DIVOPUS AMAZONAS","departamento":"AMAZONAS","provincia":"BONGARA","distrito":"YAMBRASBAMBA"},"geometry":{"type":"Point","coordinates":[-77.90673659999999,-5.738191399999948]}},{"type":"Feature","properties":{"cod_regpol":"09R1","regionpol":"ICA","cod_cpnp":"5356","comisaria":"CPNP NASCA","tipo":"A","categoria":"ICA","cod_uni":"223552","cod_divpol":"09R1B","divpol":"DIVOPUS ICA","departamento":"ICA","provincia":"NASCA","distrito":"NASCA"},"geometry":{"type":"Point","coordinates":[-74.94449209999993,-14.828220009999939]}},{"type":"Feature","properties":{"cod_regpol":"01R1","regionpol":"ANCASH","cod_cpnp":"4801","comisaria":"CPNP HUARAZ","tipo":"A","categoria":"ANCASH","cod_uni":"222128","cod_divpol":"01R1B","divpol":"DIVOPUS HUARAZ","departamento":"ANCASH","provincia":"HUARAZ","distrito":"HUARAZ"},"geometry":{"type":"Point","coordinates":[-77.52979371999999,-9.529383269999926]}},{"type":"Feature","properties":{"cod_regpol":"01R1","regionpol":"ANCASH","cod_cpnp":"4804","comisaria":"CPNP SAN GERONIMO","tipo":"B","categoria":"ANCASH","cod_uni":"222132","cod_divpol":"01R1B","divpol":"DIVOPUS HUARAZ","departamento":"ANCASH","provincia":"HUARAZ","distrito":"HUARAZ"},"geometry":{"type":"Point","coordinates":[-77.53541275999999,-9.527079069999957]}},{"type":"Feature","properties":{"cod_regpol":"01R1","regionpol":"ANCASH","cod_cpnp":"4806","comisaria":"CPNP TACLLAN","tipo":"C","categoria":"ANCASH","cod_uni":"222135","cod_divpol":"01R1B","divpol":"DIVOPUS HUARAZ","departamento":"ANCASH","provincia":"HUARAZ","distrito":"HUARAZ"},"geometry":{"type":"Point","coordinates":[-77.53300928999994,-9.542605049999963]}},{"type":"Feature","properties":{"cod_regpol":"04R1","regionpol":"AYACUCHO","cod_cpnp":"3350","comisaria":"CPNP AYACUCHO","tipo":"A","categoria":"AYACUCHO","cod_uni":"218516","cod_divpol":"04R1A","divpol":"DIVOPUS AYACUCHO","departamento":"AYACUCHO","provincia":"HUAMANGA","distrito":"AYACUCHO"},"geometry":{"type":"Point","coordinates":[-74.22716349999996,-13.16395252999996]}},{"type":"Feature","properties":{"cod_regpol":"05R1","regionpol":"CAJAMARCA","cod_cpnp":"5038","comisaria":"CPNP GUZMANGO","tipo":"E","categoria":"CAJAMARCA","cod_uni":"223259","cod_divpol":"05R1B","divpol":"DIVOPUS CAJAMARCA","departamento":"CAJAMARCA","provincia":"CONTUMAZA","distrito":"GUZMANGO"},"geometry":{"type":"Point","coordinates":[-78.89649461999994,-7.385714939999957]}},{"type":"Feature","properties":{"cod_regpol":"10R1","regionpol":"HUANCAVELICA","cod_cpnp":"3245","comisaria":"CPNP CASTROVIRREYNA","tipo":"B","categoria":"HUANCAVELICA","cod_uni":"218070","cod_divpol":"10R1A","divpol":"DIVOPUS HUANCAVELICA","departamento":"HUANCAVELICA","provincia":"CASTROVIRREYNA","distrito":"CASTROVIRREYNA"},"geometry":{"type":"Point","coordinates":[-75.31908941099994,-13.282463529999973]}},{"type":"Feature","properties":{"cod_regpol":"18R1","regionpol":"PUNO","cod_cpnp":"4545","comisaria":"CPNP HUANCANE","tipo":"B","categoria":"PUNO","cod_uni":"219332","cod_divpol":"18R1A","divpol":"DIVOPUS JULIACA","departamento":"PUNO","provincia":"HUANCANE","distrito":"HUANCANE"},"geometry":{"type":"Point","coordinates":[-69.76561490899996,-15.20133192999998]}},{"type":"Feature","properties":{"cod_regpol":"09R1","regionpol":"ICA","cod_cpnp":"5345","comisaria":"CPNP EL CARMEN","tipo":"D","categoria":"ICA","cod_uni":"225879","cod_divpol":"09R1A","divpol":"DIVPOL CHINCHA","departamento":"ICA","provincia":"CHINCHA","distrito":"EL CARMEN"},"geometry":{"type":"Point","coordinates":[-76.05726543999998,-13.499425299999928]}},{"type":"Feature","properties":{"cod_regpol":"04R1","regionpol":"AYACUCHO","cod_cpnp":"3360","comisaria":"CPNP OCROS","tipo":"D","categoria":"AYACUCHO","cod_uni":"218526","cod_divpol":"04R1A","divpol":"DIVOPUS AYACUCHO","departamento":null,"provincia":"HUAMANGA","distrito":"OCROS"},"geometry":{"type":"Point","coordinates":[-73.91469657099998,-13.391063919999965]}},{"type":"Feature","properties":{"cod_regpol":"04R1","regionpol":"AYACUCHO","cod_cpnp":"3358","comisaria":"CPNP QUINUA","tipo":"C","categoria":"AYACUCHO","cod_uni":"218543","cod_divpol":"04R1A","divpol":"DIVOPUS AYACUCHO","departamento":null,"provincia":"HUAMANGA","distrito":"QUINUA"},"geometry":{"type":"Point","coordinates":[-74.13909962899999,-13.048996789999933]}},{"type":"Feature","properties":{"cod_regpol":"07R1","regionpol":"CUSCO","cod_cpnp":"3590","comisaria":"CPNP PILCOPATA","tipo":"D","categoria":"CUSCO","cod_uni":"218228","cod_divpol":"07R1B","divpol":"DIVOPUS CUSCO","departamento":"CUSCO","provincia":"PAUCARTAMBO","distrito":"KOSÑIPATA"},"geometry":{"type":"Point","coordinates":[-71.40411376999998,-12.911093938999954]}},{"type":"Feature","properties":{"cod_regpol":"18R1","regionpol":"PUNO","cod_cpnp":"4630","comisaria":"CPNP CRUCERO","tipo":"D","categoria":"PUNO","cod_uni":"219357","cod_divpol":"18R1A","divpol":"DIVOPUS JULIACA","departamento":"PUNO","provincia":"CARABAYA","distrito":"CRUCERO"},"geometry":{"type":"Point","coordinates":[-70.02375431999997,-14.361565089999942]}},{"type":"Feature","properties":{"cod_regpol":"18R1","regionpol":"PUNO","cod_cpnp":"4580","comisaria":"CPNP SANTA LUCIA","tipo":"D","categoria":"PUNO","cod_uni":"219315","cod_divpol":"18R1A","divpol":"DIVOPUS JULIACA","departamento":"PUNO","provincia":"LAMPA","distrito":"SANTA LUCIA"},"geometry":{"type":"Point","coordinates":[-70.60899599099997,-15.701757209999982]}},{"type":"Feature","properties":{"cod_regpol":"18R1","regionpol":"PUNO","cod_cpnp":"4560","comisaria":"CPNP MOHO","tipo":"D","categoria":"PUNO","cod_uni":"219338","cod_divpol":"18R1A","divpol":"DIVOPUS JULIACA","departamento":"PUNO","provincia":"MOHO","distrito":"MOHO"},"geometry":{"type":"Point","coordinates":[-69.49883999999997,-15.359147999999948]}},{"type":"Feature","properties":{"cod_regpol":"18R1","regionpol":"PUNO","cod_cpnp":"4590","comisaria":"CPNP LA RINCONADA","tipo":"C","categoria":"PUNO","cod_uni":"219319","cod_divpol":"18R1A","divpol":"DIVOPUS JULIACA","departamento":"PUNO","provincia":"SAN ANTONIO DE PUTINA","distrito":"ANANEA"},"geometry":{"type":"Point","coordinates":[-69.44691888999995,-14.634383219999961]}},{"type":"Feature","properties":{"cod_regpol":"18R1","regionpol":"PUNO","cod_cpnp":"4592","comisaria":"CPNP ANANEA","tipo":"C","categoria":"PUNO","cod_uni":"219322","cod_divpol":"18R1A","divpol":"DIVOPUS JULIACA","departamento":"PUNO","provincia":"SAN ANTONIO DE PUTINA","distrito":"ANANEA"},"geometry":{"type":"Point","coordinates":[-69.52835908899993,-14.681991098999958]}},{"type":"Feature","properties":{"cod_regpol":"11R1","regionpol":"LA LIBERTAD","cod_cpnp":"1209","comisaria":"CPNP PAIJAN","tipo":"A","categoria":"LA LIBERTAD","cod_uni":"217018","cod_divpol":"11R1A","divpol":"DIVPOL PAIJAN","departamento":"LA LIBERTAD","provincia":"ASCOPE","distrito":"PAIJAN"},"geometry":{"type":"Point","coordinates":[-79.30479797999999,-7.735726159999956]}},{"type":"Feature","properties":{"cod_regpol":"13R1","regionpol":"LIMA CENTRO","cod_cpnp":"1954","comisaria":"CPNP BREÑA","tipo":"A","categoria":"LIMAMETRO","cod_uni":"219819","cod_divpol":"13R1H","divpol":"DIVPOL OESTE","departamento":"LIMA","provincia":"LIMA","distrito":"BREÑA"},"geometry":{"type":"Point","coordinates":[-77.05302613599997,-12.067146616999935]}},{"type":"Feature","properties":{"cod_regpol":"13R1","regionpol":"LIMA CENTRO","cod_cpnp":"1951","comisaria":"CPNP CHACRA COLORADA","tipo":"B","categoria":"LIMAMETRO","cod_uni":"219822","cod_divpol":"13R1H","divpol":"DIVPOL OESTE","departamento":"LIMA","provincia":"LIMA","distrito":"BREÑA"},"geometry":{"type":"Point","coordinates":[-77.05109756599995,-12.054234220999945]}},{"type":"Feature","properties":{"cod_regpol":"19R1","regionpol":"AMAZONAS","cod_cpnp":"1449","comisaria":"CPNP SANTO TOMAS","tipo":"E","categoria":"AMAZONAS","cod_uni":"222065","cod_divpol":"19R1A","divpol":"DIVOPUS AMAZONAS","departamento":"AMAZONAS","provincia":"LUYA","distrito":"SANTO TOMAS"},"geometry":{"type":"Point","coordinates":[-77.86555629999998,-6.572361999999941]}},{"type":"Feature","properties":{"cod_regpol":"09R1","regionpol":"ICA","cod_cpnp":"5316","comisaria":"CPNP SAN JUAN BAUTISTA","tipo":"D","categoria":"ICA","cod_uni":"223534","cod_divpol":"09R1B","divpol":"DIVOPUS ICA","departamento":"ICA","provincia":"ICA","distrito":"SAN JUAN BAUTISTA"},"geometry":{"type":"Point","coordinates":[-75.73469764999999,-14.011291620999941]}},{"type":"Feature","properties":{"cod_regpol":"09R1","regionpol":"ICA","cod_cpnp":"5340","comisaria":"CPNP SAN ANDRES","tipo":"B","categoria":"ICA","cod_uni":"223587","cod_divpol":"09R1B","divpol":"DIVOPUS ICA","departamento":"ICA","provincia":"PISCO","distrito":"SAN ANDRES"},"geometry":{"type":"Point","coordinates":[-76.22114160999996,-13.732465069999932]}},{"type":"Feature","properties":{"cod_regpol":"09R1","regionpol":"ICA","cod_cpnp":"5330","comisaria":"CPNP PAMPA VILLACURI","tipo":"D","categoria":"ICA","cod_uni":"223536","cod_divpol":"09R1B","divpol":"DIVOPUS ICA","departamento":"ICA","provincia":"ICA","distrito":"SALAS"},"geometry":{"type":"Point","coordinates":[-75.90577999899995,-13.932804999999973]}},{"type":"Feature","properties":{"cod_regpol":"09R1","regionpol":"ICA","cod_cpnp":"5310","comisaria":"CPNP GUADALUPE","tipo":"D","categoria":"ICA","cod_uni":"223535","cod_divpol":"09R1B","divpol":"DIVOPUS ICA","departamento":"ICA","provincia":"ICA","distrito":"SALAS"},"geometry":{"type":"Point","coordinates":[-75.77229478999999,-13.985909359999937]}},{"type":"Feature","properties":{"cod_regpol":"10R2","regionpol":"JUNIN","cod_cpnp":"3006","comisaria":"CPNP HUAYUCACHI","tipo":"B","categoria":"JUNIN","cod_uni":"217839","cod_divpol":"10R2A","divpol":"DIVOPUS HUANCAYO","departamento":"JUNIN","provincia":"HUANCAYO","distrito":"HUAYUCACHI"},"geometry":{"type":"Point","coordinates":[-75.22358888899998,-12.138384439999982]}},{"type":"Feature","properties":{"cod_regpol":"07R1","regionpol":"CUSCO","cod_cpnp":"3497","comisaria":"CPNP SAN JERONIMO","tipo":"B","categoria":"CUSCO","cod_uni":"218169","cod_divpol":"07R1B","divpol":"DIVOPUS CUSCO","departamento":"CUSCO","provincia":"CUSCO","distrito":"SAN JERONIMO"},"geometry":{"type":"Point","coordinates":[-71.88958452999998,-13.546231889999945]}},{"type":"Feature","properties":{"cod_regpol":"13R1","regionpol":"LIMA CENTRO","cod_cpnp":"2220","comisaria":"CPNP SAN ANTONIO MIRAFLORES","tipo":"B","categoria":"LIMAMETRO","cod_uni":"220093","cod_divpol":"13R1I","divpol":"DIVPOL SUR 1","departamento":"LIMA","provincia":"LIMA","distrito":"SURQUILLO"},"geometry":{"type":"Point","coordinates":[-77.01087222599995,-12.114838654999971]}},{"type":"Feature","properties":{"cod_regpol":"13R1","regionpol":"LIMA CENTRO","cod_cpnp":"2190","comisaria":"CPNP SURQUILLO","tipo":"A","categoria":"LIMAMETRO","cod_uni":"220072","cod_divpol":"13R1I","divpol":"DIVPOL SUR 1","departamento":"LIMA","provincia":"LIMA","distrito":"SURQUILLO"},"geometry":{"type":"Point","coordinates":[-77.02239453499999,-12.118627527999934]}},{"type":"Feature","properties":{"cod_regpol":"10R2","regionpol":"JUNIN","cod_cpnp":"3022","comisaria":"CPNP JUNIN","tipo":"B","categoria":"JUNIN","cod_uni":"221800","cod_divpol":"10R2A","divpol":"DIVOPUS HUANCAYO","departamento":"JUNIN","provincia":"JUNIN","distrito":"JUNIN"},"geometry":{"type":"Point","coordinates":[-75.99347115999996,-11.162662189999935]}},{"type":"Feature","properties":{"cod_regpol":"10R2","regionpol":"JUNIN","cod_cpnp":"3140","comisaria":"CPNP HUASAHUASI","tipo":"D","categoria":"JUNIN","cod_uni":"217923","cod_divpol":"10R2B","divpol":"DIVOPUS CHANCHAMAYO","departamento":"JUNIN","provincia":"TARMA","distrito":"HUASAHUASI"},"geometry":{"type":"Point","coordinates":[-75.64917800999996,-11.265624599999967]}},{"type":"Feature","properties":{"cod_regpol":"04R1","regionpol":"AYACUCHO","cod_cpnp":"3407","comisaria":"CPNP SORAS","tipo":"E","categoria":"AYACUCHO","cod_uni":"218540","cod_divpol":"04R1A","divpol":"DIVOPUS AYACUCHO","departamento":"AYACUCHO","provincia":"SUCRE","distrito":"SORAS"},"geometry":{"type":"Point","coordinates":[-73.60368316999995,-14.114803979999976]}},{"type":"Feature","properties":{"cod_regpol":"05R1","regionpol":"CAJAMARCA","cod_cpnp":"0888","comisaria":"CPNP LA FLORIDA","tipo":"E","categoria":"CAJAMARCA","cod_uni":"223255","cod_divpol":"05R1B","divpol":"DIVOPUS CAJAMARCA","departamento":"CAJAMARCA","provincia":"SAN MIGUEL","distrito":"LA FLORIDA"},"geometry":{"type":"Point","coordinates":[-79.12204547899995,-6.869868599999961]}},{"type":"Feature","properties":{"cod_regpol":"18R1","regionpol":"PUNO","cod_cpnp":"4625","comisaria":"CPNP MACUSANI - CARABAYA","tipo":"B","categoria":"PUNO","cod_uni":"219354","cod_divpol":"18R1A","divpol":"DIVOPUS JULIACA","departamento":"PUNO","provincia":"CARABAYA","distrito":"MACUSANI"},"geometry":{"type":"Point","coordinates":[-70.43127241999997,-14.06800021999993]}},{"type":"Feature","properties":{"cod_regpol":"21R1","regionpol":"TUMBES","cod_cpnp":"5804","comisaria":"CPNP SAN JACINTO","tipo":"D","categoria":"TUMBES","cod_uni":"223143","cod_divpol":"21R1A","divpol":"DIVOPUS TUMBES","departamento":"TUMBES","provincia":"TUMBES","distrito":"SAN JACINTO"},"geometry":{"type":"Point","coordinates":[-80.44770737999994,-3.6419588999999633]}},{"type":"Feature","properties":{"cod_regpol":"08R1","regionpol":"HUANUCO","cod_cpnp":"5904","comisaria":"CPNP RANCHO","tipo":"D","categoria":"HUANUCO","cod_uni":"217492","cod_divpol":"08R1B","divpol":"DIVOPUS HUANUCO","departamento":"HUANUCO","provincia":"HUANUCO","distrito":"CHURUBAMBA"},"geometry":{"type":"Point","coordinates":[-76.09418999999997,-9.83107199999995]}},{"type":"Feature","properties":{"cod_regpol":"18R1","regionpol":"PUNO","cod_cpnp":"4554","comisaria":"CPNP VILQUECHICO","tipo":"D","categoria":"PUNO","cod_uni":"219337","cod_divpol":"18R1A","divpol":"DIVOPUS JULIACA","departamento":"PUNO","provincia":"HUANCANE","distrito":"VILQUE CHICO"},"geometry":{"type":"Point","coordinates":[-69.68921366999996,-15.215873589999944]}},{"type":"Feature","properties":{"cod_regpol":"09R1","regionpol":"ICA","cod_cpnp":"5322","comisaria":"CPNP SUBTANJALLA","tipo":"C","categoria":"ICA","cod_uni":"223531","cod_divpol":"09R1B","divpol":"DIVOPUS ICA","departamento":"ICA","provincia":"ICA","distrito":"SUBTANJALLA"},"geometry":{"type":"Point","coordinates":[-75.75658751999998,-14.018901969999945]}},{"type":"Feature","properties":{"cod_regpol":"09R1","regionpol":"ICA","cod_cpnp":"5352","comisaria":"CPNP TUPAC AMARU","tipo":"C","categoria":"ICA","cod_uni":"223599","cod_divpol":"09R1B","divpol":"DIVOPUS ICA","departamento":"ICA","provincia":"PISCO","distrito":"TUPAC AMARU INCA"},"geometry":{"type":"Point","coordinates":[-76.14863524999998,-13.714444599999979]}},{"type":"Feature","properties":{"cod_regpol":"09R1","regionpol":"ICA","cod_cpnp":"5335","comisaria":"CPNP PISCO","tipo":"A","categoria":"ICA","cod_uni":"223584","cod_divpol":"09R1B","divpol":"DIVOPUS ICA","departamento":"ICA","provincia":"PISCO","distrito":"PISCO"},"geometry":{"type":"Point","coordinates":[-76.20308947999996,-13.709431089999953]}},{"type":"Feature","properties":{"cod_regpol":"09R1","regionpol":"ICA","cod_cpnp":"5342","comisaria":"CPNP SAN MIGUEL","tipo":"D","categoria":"ICA","cod_uni":"223590","cod_divpol":"09R1B","divpol":"DIVOPUS ICA","departamento":"ICA","provincia":"PISCO","distrito":"PISCO"},"geometry":{"type":"Point","coordinates":[-76.15339384999999,-13.702754949999928]}},{"type":"Feature","properties":{"cod_regpol":"02R1","regionpol":"APURIMAC","cod_cpnp":"5412","comisaria":"CPNP TAMBURCO","tipo":"C","categoria":"APURIMAC","cod_uni":"223430","cod_divpol":"02R1B","divpol":"DIVOPUS ABANCAY","departamento":"APURIMAC","provincia":"ABANCAY","distrito":"TAMBURCO"},"geometry":{"type":"Point","coordinates":[-72.87364069999995,-13.622431339999935]}},{"type":"Feature","properties":{"cod_regpol":"13R1","regionpol":"LIMA CENTRO","cod_cpnp":"2211","comisaria":"CPNP LINCE","tipo":"A","categoria":"LIMAMETRO","cod_uni":"220063","cod_divpol":"13R1I","divpol":"DIVPOL SUR 1","departamento":"LIMA","provincia":"LIMA","distrito":"LINCE"},"geometry":{"type":"Point","coordinates":[-77.02720008399996,-12.083399350999969]}},{"type":"Feature","properties":{"cod_regpol":"09R1","regionpol":"ICA","cod_cpnp":"5351","comisaria":"CPNP SUNAMPE","tipo":"C","categoria":"ICA","cod_uni":"225871","cod_divpol":"09R1A","divpol":"DIVPOL CHINCHA","departamento":"ICA","provincia":"CHINCHA","distrito":"SUNAMPE"},"geometry":{"type":"Point","coordinates":[-76.16396604999994,-13.42691900999995]}},{"type":"Feature","properties":{"cod_regpol":"10R2","regionpol":"JUNIN","cod_cpnp":"3002","comisaria":"CPNP CHILCA","tipo":"A","categoria":"JUNIN","cod_uni":"217833","cod_divpol":"10R2A","divpol":"DIVOPUS HUANCAYO","departamento":"JUNIN","provincia":"HUANCAYO","distrito":"CHILCA"},"geometry":{"type":"Point","coordinates":[-75.20785938099993,-12.080572720999953]}},{"type":"Feature","properties":{"cod_regpol":"10R2","regionpol":"JUNIN","cod_cpnp":"3008","comisaria":"CPNP SAPALLANGA","tipo":"C","categoria":"JUNIN","cod_uni":"217842","cod_divpol":"10R2A","divpol":"DIVOPUS HUANCAYO","departamento":"JUNIN","provincia":"HUANCAYO","distrito":"SAPALLANGA"},"geometry":{"type":"Point","coordinates":[-75.16212936999995,-12.143720179999946]}},{"type":"Feature","properties":{"cod_regpol":"10R2","regionpol":"JUNIN","cod_cpnp":"3014","comisaria":"CPNP CMDTE FERRER PELAYO ALIAGA MIRANDA","tipo":"C","categoria":"JUNIN","cod_uni":"217867","cod_divpol":"10R2A","divpol":"DIVOPUS HUANCAYO","departamento":"JUNIN","provincia":"HUANCAYO","distrito":"SICAYA"},"geometry":{"type":"Point","coordinates":[-75.27951366999997,-12.01541796999993]}},{"type":"Feature","properties":{"cod_regpol":"06R1","regionpol":"CALLAO","cod_cpnp":"6030","comisaria":"CPNP VENTANILLA","tipo":"A","categoria":"CALLAO","cod_uni":"220546","cod_divpol":"06R1A","divpol":"DIVOPUS 03","departamento":"CALLAO","provincia":"CALLAO","distrito":"VENTANILLA"},"geometry":{"type":"Point","coordinates":[-77.12619571999994,-11.872994020999954]}},{"type":"Feature","properties":{"cod_regpol":"06R1","regionpol":"CALLAO","cod_cpnp":"6032","comisaria":"CPNP PACHACUTEC","tipo":"B","categoria":"CALLAO","cod_uni":"220558","cod_divpol":"06R1A","divpol":"DIVOPUS 03","departamento":"CALLAO","provincia":"CALLAO","distrito":"VENTANILLA"},"geometry":{"type":"Point","coordinates":[-77.14171818799997,-11.833456584999965]}},{"type":"Feature","properties":{"cod_regpol":"06R1","regionpol":"CALLAO","cod_cpnp":"6009","comisaria":"CPNP VILLA LOS REYES","tipo":"B","categoria":"CALLAO","cod_uni":"220561","cod_divpol":"06R1A","divpol":"DIVOPUS 03","departamento":"CALLAO","provincia":"CALLAO","distrito":"VENTANILLA"},"geometry":{"type":"Point","coordinates":[-77.12178679099998,-11.830591669999933]}},{"type":"Feature","properties":{"cod_regpol":"06R1","regionpol":"CALLAO","cod_cpnp":"6022","comisaria":"CPNP MARQUEZ","tipo":"B","categoria":"CALLAO","cod_uni":"220549","cod_divpol":"06R1A","divpol":"DIVOPUS 03","departamento":"CALLAO","provincia":"CALLAO","distrito":"CALLAO"},"geometry":{"type":"Point","coordinates":[-77.13398483999998,-11.944813959999976]}},{"type":"Feature","properties":{"cod_regpol":"06R1","regionpol":"CALLAO","cod_cpnp":"6036","comisaria":"CPNP OQUENDO","tipo":"B","categoria":"CALLAO","cod_uni":"220552","cod_divpol":"06R1A","divpol":"DIVOPUS 03","departamento":"CALLAO","provincia":"CALLAO","distrito":"CALLAO"},"geometry":{"type":"Point","coordinates":[-77.12322380899997,-11.978481428999942]}},{"type":"Feature","properties":{"cod_regpol":"06R1","regionpol":"CALLAO","cod_cpnp":"6012","comisaria":"CPNP BOCANEGRA","tipo":"B","categoria":"CALLAO","cod_uni":"220535","cod_divpol":"06R1B","divpol":"DIVOPUS 02","departamento":"CALLAO","provincia":"CALLAO","distrito":"CALLAO"},"geometry":{"type":"Point","coordinates":[-77.09560828999997,-12.024193499999967]}},{"type":"Feature","properties":{"cod_regpol":"06R1","regionpol":"CALLAO","cod_cpnp":"6010","comisaria":"CPNP PLAYA RIMAC","tipo":"B","categoria":"CALLAO","cod_uni":"220532","cod_divpol":"06R1B","divpol":"DIVOPUS 02","departamento":"CALLAO","provincia":"CALLAO","distrito":"CALLAO"},"geometry":{"type":"Point","coordinates":[-77.09721497099997,-12.037598429999946]}},{"type":"Feature","properties":{"cod_regpol":"06R1","regionpol":"CALLAO","cod_cpnp":"6008","comisaria":"CPNP JUAN INGUNZA VALDIVIA","tipo":"B","categoria":"CALLAO","cod_uni":"220538","cod_divpol":"06R1B","divpol":"DIVOPUS 02","departamento":"CALLAO","provincia":"CALLAO","distrito":"CALLAO"},"geometry":{"type":"Point","coordinates":[-77.09650132999997,-12.014387339999928]}},{"type":"Feature","properties":{"cod_regpol":"06R1","regionpol":"CALLAO","cod_cpnp":"6020","comisaria":"CPNP SARITA COLONIA","tipo":"B","categoria":"CALLAO","cod_uni":"220529","cod_divpol":"06R1B","divpol":"DIVOPUS 02","departamento":"CALLAO","provincia":"CALLAO","distrito":"CALLAO"},"geometry":{"type":"Point","coordinates":[-77.13429251999997,-12.023738889999947]}},{"type":"Feature","properties":{"cod_regpol":"06R1","regionpol":"CALLAO","cod_cpnp":"6014","comisaria":"CPNP MANUEL CIPRIANO DULANTO","tipo":"B","categoria":"CALLAO","cod_uni":"220526","cod_divpol":"06R1B","divpol":"DIVOPUS 02","departamento":"CALLAO","provincia":"CALLAO","distrito":"CALLAO"},"geometry":{"type":"Point","coordinates":[-77.10475951999996,-12.044180869999934]}},{"type":"Feature","properties":{"cod_regpol":"06R1","regionpol":"CALLAO","cod_cpnp":"6028","comisaria":"CPNP CARMEN DE LA LEGUA REYNOSO","tipo":"B","categoria":"CALLAO","cod_uni":"220541","cod_divpol":"06R1B","divpol":"DIVOPUS 02","departamento":"CALLAO","provincia":"CALLAO","distrito":"CARMEN DE LA LEGUA REYNOSO"},"geometry":{"type":"Point","coordinates":[-77.08717741999999,-12.03893838099998]}},{"type":"Feature","properties":{"cod_regpol":"11R1","regionpol":"LA LIBERTAD","cod_cpnp":"1122","comisaria":"CPNP NICOLAS ALCAZAR","tipo":"B","categoria":"LA LIBERTAD","cod_uni":"216961","cod_divpol":"11R1B","divpol":"DIVPOL TRUJILLO","departamento":"LA LIBERTAD","provincia":"TRUJILLO","distrito":"EL PORVENIR"},"geometry":{"type":"Point","coordinates":[-79.00430249199997,-8.08624660099997]}},{"type":"Feature","properties":{"cod_regpol":"11R1","regionpol":"LA LIBERTAD","cod_cpnp":"1125","comisaria":"CPNP SANCHEZ CARRION","tipo":"A","categoria":"LA LIBERTAD","cod_uni":"221691","cod_divpol":"11R1B","divpol":"DIVPOL TRUJILLO","departamento":"LA LIBERTAD","provincia":"TRUJILLO","distrito":"EL PORVENIR"},"geometry":{"type":"Point","coordinates":[-78.99960986999997,-8.078758249999964]}},{"type":"Feature","properties":{"cod_regpol":"11R1","regionpol":"LA LIBERTAD","cod_cpnp":"1124","comisaria":"CPNP ALTO TRUJILLO","tipo":"B","categoria":"LA LIBERTAD","cod_uni":"221697","cod_divpol":"11R1B","divpol":"DIVPOL TRUJILLO","departamento":"LA LIBERTAD","provincia":"TRUJILLO","distrito":"EL PORVENIR"},"geometry":{"type":"Point","coordinates":[-79.02186122899997,-8.068215503999966]}},{"type":"Feature","properties":{"cod_regpol":"11R1","regionpol":"LA LIBERTAD","cod_cpnp":"1123","comisaria":"CPNP FLORENCIA DE MORA","tipo":"B","categoria":"LA LIBERTAD","cod_uni":"221694","cod_divpol":"11R1B","divpol":"DIVPOL TRUJILLO","departamento":"LA LIBERTAD","provincia":"TRUJILLO","distrito":"FLORENCIA DE MORA"},"geometry":{"type":"Point","coordinates":[-79.02409330799998,-8.085349726999937]}},{"type":"Feature","properties":{"cod_regpol":"05R1","regionpol":"CAJAMARCA","cod_cpnp":"5064","comisaria":"CPNP CHUQUIBAMBA","tipo":"E","categoria":"CAJAMARCA","cod_uni":"223229","cod_divpol":"05R1B","divpol":"DIVOPUS CAJAMARCA","departamento":"CAJAMARCA","provincia":"CAJABAMBA","distrito":"CACHACHI"},"geometry":{"type":"Point","coordinates":[-78.13896699999998,-7.633278000999951]}},{"type":"Feature","properties":{"cod_regpol":"05R1","regionpol":"CAJAMARCA","cod_cpnp":"5070","comisaria":"CPNP CACHACHI","tipo":"E","categoria":"CAJAMARCA","cod_uni":"223227","cod_divpol":"05R1B","divpol":"DIVOPUS CAJAMARCA","departamento":"CAJAMARCA","provincia":"CAJABAMBA","distrito":"CACHACHI"},"geometry":{"type":"Point","coordinates":[-78.27078401899996,-7.451063819999945]}},{"type":"Feature","properties":{"cod_regpol":"05R1","regionpol":"CAJAMARCA","cod_cpnp":"5068","comisaria":"CPNP ARAQUEDA","tipo":"E","categoria":"CAJAMARCA","cod_uni":"223228","cod_divpol":"05R1B","divpol":"DIVOPUS CAJAMARCA","departamento":"CAJAMARCA","provincia":"CAJABAMBA","distrito":"CACHACHI"},"geometry":{"type":"Point","coordinates":[-78.18290799999994,-7.655911999999944]}},{"type":"Feature","properties":{"cod_regpol":"05R1","regionpol":"CAJAMARCA","cod_cpnp":"5134","comisaria":"CPNP CHIGUIRIP","tipo":"E","categoria":"CAJAMARCA","cod_uni":"223296","cod_divpol":"05R1B","divpol":"DIVOPUS CAJAMARCA","departamento":"CAJAMARCA","provincia":"CHOTA","distrito":"CHIGUIRIP"},"geometry":{"type":"Point","coordinates":[-78.72090624999998,-6.429667970999958]}},{"type":"Feature","properties":{"cod_regpol":"08R1","regionpol":"HUANUCO","cod_cpnp":"5932","comisaria":"CPNP JESUS - LAURICOCHA","tipo":"D","categoria":"HUANUCO","cod_uni":"217506","cod_divpol":"08R1B","divpol":"DIVOPUS HUANUCO","departamento":"HUANUCO","provincia":"LAURICOCHA","distrito":"JESUS"},"geometry":{"type":"Point","coordinates":[-76.63154677999995,-10.078389269999946]}},{"type":"Feature","properties":{"cod_regpol":"09R1","regionpol":"ICA","cod_cpnp":"5328","comisaria":"CPNP PACHACUTEC","tipo":"D","categoria":"ICA","cod_uni":"223546","cod_divpol":"09R1B","divpol":"DIVOPUS ICA","departamento":"ICA","provincia":"ICA","distrito":"PACHACUTEC"},"geometry":{"type":"Point","coordinates":[-75.69114692999995,-14.15266405999995]}},{"type":"Feature","properties":{"cod_regpol":"09R1","regionpol":"ICA","cod_cpnp":"5348","comisaria":"CPNP PARACAS","tipo":"C","categoria":"ICA","cod_uni":"223595","cod_divpol":"09R1B","divpol":"DIVOPUS ICA","departamento":"ICA","provincia":"PISCO","distrito":"PARACAS"},"geometry":{"type":"Point","coordinates":[-76.24675389999999,-13.832705548999968]}},{"type":"Feature","properties":{"cod_regpol":"11R1","regionpol":"LA LIBERTAD","cod_cpnp":"1230","comisaria":"CPNP SAUSAL","tipo":"D","categoria":"LA LIBERTAD","cod_uni":"217041","cod_divpol":"11R1A","divpol":"DIVPOL PAIJAN","departamento":"LA LIBERTAD","provincia":"ASCOPE","distrito":"CHICAMA"},"geometry":{"type":"Point","coordinates":[-79.00729298999994,-7.735900959999981]}},{"type":"Feature","properties":{"cod_regpol":"11R1","regionpol":"LA LIBERTAD","cod_cpnp":"1218","comisaria":"CPNP CHICLIN","tipo":"D","categoria":"LA LIBERTAD","cod_uni":"217038","cod_divpol":"11R1A","divpol":"DIVPOL PAIJAN","departamento":"LA LIBERTAD","provincia":"ASCOPE","distrito":"CHICAMA"},"geometry":{"type":"Point","coordinates":[-79.16212273999997,-7.837260798999978]}},{"type":"Feature","properties":{"cod_regpol":"11R1","regionpol":"LA LIBERTAD","cod_cpnp":"1212","comisaria":"CPNP CHICAMA","tipo":"D","categoria":"LA LIBERTAD","cod_uni":"217039","cod_divpol":"11R1A","divpol":"DIVPOL PAIJAN","departamento":"LA LIBERTAD","provincia":"ASCOPE","distrito":"CHICAMA"},"geometry":{"type":"Point","coordinates":[-79.14686322999995,-7.84511372999998]}},{"type":"Feature","properties":{"cod_regpol":"05R1","regionpol":"CAJAMARCA","cod_cpnp":"1045","comisaria":"CPNP SAN JUAN DE CUTERVO","tipo":"E","categoria":"CAJAMARCA","cod_uni":"223313","cod_divpol":"05R1B","divpol":"DIVOPUS CAJAMARCA","departamento":"CAJAMARCA","provincia":"CUTERVO","distrito":"SAN JUAN DE CUTERVO"},"geometry":{"type":"Point","coordinates":[-78.59772110999995,-6.163305520999927]}},{"type":"Feature","properties":{"cod_regpol":"02R1","regionpol":"APURIMAC","cod_cpnp":"5450","comisaria":"CPNP COTARUSE","tipo":"E","categoria":"APURIMAC","cod_uni":"223414","cod_divpol":"02R1B","divpol":"DIVOPUS ABANCAY","departamento":"APURIMAC","provincia":"AYMARAES","distrito":"COTARUSE"},"geometry":{"type":"Point","coordinates":[-73.20524654999997,-14.415329329999963]}},{"type":"Feature","properties":{"cod_regpol":"10R1","regionpol":"HUANCAVELICA","cod_cpnp":"3240","comisaria":"CPNP JULCAMARCA","tipo":"E","categoria":"HUANCAVELICA","cod_uni":"218090","cod_divpol":"10R1A","divpol":"DIVOPUS HUANCAVELICA","departamento":"HUANCAVELICA","provincia":"ANGARAES","distrito":"JULCAMARCA"},"geometry":{"type":"Point","coordinates":[-74.44475850899994,-13.014929219999942]}},{"type":"Feature","properties":{"cod_regpol":"07R1","regionpol":"CUSCO","cod_cpnp":"3592","comisaria":"CPNP SALVACION","tipo":"D","categoria":"MADRE DE DIOS","cod_uni":"218229","cod_divpol":"07R1B","divpol":"DIVOPUS CUSCO","departamento":"MADRE DE DIOS","provincia":"MANU","distrito":"MANU"},"geometry":{"type":"Point","coordinates":[-71.35860621999996,-12.836025009999958]}},{"type":"Feature","properties":{"cod_regpol":"10R2","regionpol":"JUNIN","cod_cpnp":"3041","comisaria":"CPNP APATA","tipo":"C","categoria":"JUNIN","cod_uni":"217873","cod_divpol":"10R2A","divpol":"DIVOPUS HUANCAYO","departamento":"JUNIN","provincia":"JAUJA","distrito":"APATA"},"geometry":{"type":"Point","coordinates":[-75.35402799999997,-11.854616999999962]}},{"type":"Feature","properties":{"cod_regpol":"11R1","regionpol":"LA LIBERTAD","cod_cpnp":"1098","comisaria":"CPNP MOCHE","tipo":"B","categoria":"LA LIBERTAD","cod_uni":"216978","cod_divpol":"11R1B","divpol":"DIVPOL TRUJILLO","departamento":"LA LIBERTAD","provincia":"TRUJILLO","distrito":"MOCHE"},"geometry":{"type":"Point","coordinates":[-79.01098585999995,-8.170660288999954]}},{"type":"Feature","properties":{"cod_regpol":"11R1","regionpol":"LA LIBERTAD","cod_cpnp":"1168","comisaria":"CPNP VIRU","tipo":"B","categoria":"LA LIBERTAD","cod_uni":"217010","cod_divpol":"11R1B","divpol":"DIVPOL TRUJILLO","departamento":"LA LIBERTAD","provincia":"VIRU","distrito":"VIRU"},"geometry":{"type":"Point","coordinates":[-78.75496716999999,-8.415133169999933]}},{"type":"Feature","properties":{"cod_regpol":"11R1","regionpol":"LA LIBERTAD","cod_cpnp":"1172","comisaria":"CPNP VICTOR RAUL HAYA DE LA TORRE","tipo":"C","categoria":"LA LIBERTAD","cod_uni":"217014","cod_divpol":"11R1B","divpol":"DIVPOL TRUJILLO","departamento":"LA LIBERTAD","provincia":"VIRU","distrito":"VIRU"},"geometry":{"type":"Point","coordinates":[-78.82218268999998,-8.404652759999976]}},{"type":"Feature","properties":{"cod_regpol":"01R1","regionpol":"ANCASH","cod_cpnp":"4952","comisaria":"CPNP CHAVIN","tipo":"D","categoria":"ANCASH","cod_uni":"222182","cod_divpol":"01R1B","divpol":"DIVOPUS HUARAZ","departamento":"ANCASH","provincia":"HUARI","distrito":"CHAVIN DE HUANTAR"},"geometry":{"type":"Point","coordinates":[-77.17751941999995,-9.583695549999959]}},{"type":"Feature","properties":{"cod_regpol":"01R1","regionpol":"ANCASH","cod_cpnp":"4954","comisaria":"CPNP SAN MARCOS","tipo":"C","categoria":"ANCASH","cod_uni":"222183","cod_divpol":"01R1B","divpol":"DIVOPUS HUARAZ","departamento":"ANCASH","provincia":"HUARI","distrito":"CHAVIN DE HUANTAR"},"geometry":{"type":"Point","coordinates":[-77.15760649499998,-9.524071711999966]}},{"type":"Feature","properties":{"cod_regpol":"01R1","regionpol":"ANCASH","cod_cpnp":"4835","comisaria":"CPNP CATAC","tipo":"D","categoria":"ANCASH","cod_uni":"222157","cod_divpol":"01R1B","divpol":"DIVOPUS HUARAZ","departamento":"ANCASH","provincia":"RECUAY","distrito":"CATAC"},"geometry":{"type":"Point","coordinates":[-77.43246068999997,-9.798108919999947]}},{"type":"Feature","properties":{"cod_regpol":"19R1","regionpol":"AMAZONAS","cod_cpnp":"1428","comisaria":"CPNP DURAZNO PAMPA","tipo":"E","categoria":"AMAZONAS","cod_uni":"222014","cod_divpol":"19R1A","divpol":"DIVOPUS AMAZONAS","departamento":"AMAZONAS","provincia":"CHACHAPOYAS","distrito":"MARISCAL CASTILLA"},"geometry":{"type":"Point","coordinates":[-77.80998695999995,-6.59348579899995]}},{"type":"Feature","properties":{"cod_regpol":"01R1","regionpol":"ANCASH","cod_cpnp":"4968","comisaria":"CPNP MARISCAL LUZURIAGA - PISCOBAMBA","tipo":"D","categoria":"ANCASH","cod_uni":"222192","cod_divpol":"01R1B","divpol":"DIVOPUS HUARAZ","departamento":"ANCASH","provincia":"MARISCAL LUZURIAGA","distrito":"PISCOBAMBA"},"geometry":{"type":"Point","coordinates":[-77.35656698999998,-8.864570309999976]}},{"type":"Feature","properties":{"cod_regpol":"11R1","regionpol":"LA LIBERTAD","cod_cpnp":"1203","comisaria":"CPNP CHOCOPE","tipo":"C","categoria":"LA LIBERTAD","cod_uni":"217021","cod_divpol":"11R1A","divpol":"DIVPOL PAIJAN","departamento":"LA LIBERTAD","provincia":"ASCOPE","distrito":"CHOCOPE"},"geometry":{"type":"Point","coordinates":[-79.22330339099994,-7.791151999999954]}},{"type":"Feature","properties":{"cod_regpol":"07R1","regionpol":"CUSCO","cod_cpnp":"3582","comisaria":"CPNP COLQUEPATA","tipo":"E","categoria":"CUSCO","cod_uni":"218226","cod_divpol":"07R1B","divpol":"DIVOPUS CUSCO","departamento":"CUSCO","provincia":"PAUCARTAMBO","distrito":"COLQUEPATA"},"geometry":{"type":"Point","coordinates":[-71.67377718999995,-13.361742729999946]}},{"type":"Feature","properties":{"cod_regpol":"07R1","regionpol":"CUSCO","cod_cpnp":"3572","comisaria":"CPNP MARCAPATA","tipo":"E","categoria":"CUSCO","cod_uni":"218222","cod_divpol":"07R1B","divpol":"DIVOPUS CUSCO","departamento":"CUSCO","provincia":"QUISPICANCHI","distrito":"MARCAPATA"},"geometry":{"type":"Point","coordinates":[-70.97489650999995,-13.591911059999973]}},{"type":"Feature","properties":{"cod_regpol":"18R1","regionpol":"PUNO","cod_cpnp":"4620","comisaria":"CPNP LIMBANI","tipo":"E","categoria":"PUNO","cod_uni":"219351","cod_divpol":"18R1A","divpol":"DIVOPUS JULIACA","departamento":"PUNO","provincia":"SANDIA","distrito":"LIMBANI"},"geometry":{"type":"Point","coordinates":[-69.69138324999994,-14.144143779999979]}},{"type":"Feature","properties":{"cod_regpol":"05R1","regionpol":"CAJAMARCA","cod_cpnp":"5010","comisaria":"CPNP BAÑOS DEL INCA","tipo":"B","categoria":"CAJAMARCA","cod_uni":"223204","cod_divpol":"05R1B","divpol":"DIVOPUS CAJAMARCA","departamento":"CAJAMARCA","provincia":"CAJAMARCA","distrito":"LOS BAÑOS DEL INCA"},"geometry":{"type":"Point","coordinates":[-78.46311481999999,-7.164232929999969]}},{"type":"Feature","properties":{"cod_regpol":"05R1","regionpol":"CAJAMARCA","cod_cpnp":"1012","comisaria":"CPNP UTICYACU","tipo":"E","categoria":"CAJAMARCA","cod_uni":"223270","cod_divpol":"05R1B","divpol":"DIVOPUS CAJAMARCA","departamento":"CAJAMARCA","provincia":"SANTA CRUZ","distrito":"UTICYACU"},"geometry":{"type":"Point","coordinates":[-78.79373139999996,-6.606674988999941]}},{"type":"Feature","properties":{"cod_regpol":"07R1","regionpol":"CUSCO","cod_cpnp":"3628","comisaria":"CPNP MOSOC LLACTA","tipo":"E","categoria":"CUSCO","cod_uni":"218250","cod_divpol":"07R1B","divpol":"DIVOPUS CUSCO","departamento":"CUSCO","provincia":"ACOMAYO","distrito":"MOSOC LLACTA"},"geometry":{"type":"Point","coordinates":[-71.47250802999997,-14.120444559999953]}},{"type":"Feature","properties":{"cod_regpol":"09R1","regionpol":"ICA","cod_cpnp":"3290","comisaria":"CPNP HUAYTARA","tipo":"B","categoria":"HUANCAVELICA","cod_uni":"223602","cod_divpol":"09R1B","divpol":"DIVOPUS ICA","departamento":"HUANCAVELICA","provincia":"HUAYTARA","distrito":"HUAYTARA"},"geometry":{"type":"Point","coordinates":[-75.35371678999996,-13.604287359999944]}},{"type":"Feature","properties":{"cod_regpol":"02R1","regionpol":"APURIMAC","cod_cpnp":"5415","comisaria":"CPNP CURAHUASI","tipo":"C","categoria":"APURIMAC","cod_uni":"223404","cod_divpol":"02R1B","divpol":"DIVOPUS ABANCAY","departamento":"APURIMAC","provincia":"ABANCAY","distrito":"CURAHUASI"},"geometry":{"type":"Point","coordinates":[-72.69611737999998,-13.540468570999963]}},{"type":"Feature","properties":{"cod_regpol":"07R1","regionpol":"CUSCO","cod_cpnp":"3551","comisaria":"CPNP LA QUEBRADA","tipo":"E","categoria":"CUSCO","cod_uni":"218206","cod_divpol":"07R1B","divpol":"DIVOPUS CUSCO","departamento":"CUSCO","provincia":"CALCA","distrito":"YANATILE"},"geometry":{"type":"Point","coordinates":[-72.27388878999994,-12.684742119999953]}},{"type":"Feature","properties":{"cod_regpol":"18R1","regionpol":"PUNO","cod_cpnp":"4585","comisaria":"CPNP SAN ANTONIO DE PUTINA","tipo":"B","categoria":"PUNO","cod_uni":"219316","cod_divpol":"18R1A","divpol":"DIVOPUS JULIACA","departamento":"PUNO","provincia":"SAN ANTONIO DE PUTINA","distrito":"PUTINA"},"geometry":{"type":"Point","coordinates":[-69.86644359999997,-14.916144489999965]}},{"type":"Feature","properties":{"cod_regpol":"07R1","regionpol":"CUSCO","cod_cpnp":"3504","comisaria":"CPNP VIVA EL PERU","tipo":"C","categoria":"CUSCO","cod_uni":"218184","cod_divpol":"07R1B","divpol":"DIVOPUS CUSCO","departamento":"CUSCO","provincia":"CUSCO","distrito":"SANTIAGO"},"geometry":{"type":"Point","coordinates":[-71.95832707999995,-13.538611939999953]}},{"type":"Feature","properties":{"cod_regpol":"07R1","regionpol":"CUSCO","cod_cpnp":"3482","comisaria":"CPNP ZARZUELA","tipo":"B","categoria":"CUSCO","cod_uni":"218181","cod_divpol":"07R1B","divpol":"DIVOPUS CUSCO","departamento":"CUSCO","provincia":"CUSCO","distrito":"SANTIAGO"},"geometry":{"type":"Point","coordinates":[-71.98381567999996,-13.528515538999955]}},{"type":"Feature","properties":{"cod_regpol":"07R1","regionpol":"CUSCO","cod_cpnp":"3477","comisaria":"CPNP SANTIAGO","tipo":"A","categoria":"CUSCO","cod_uni":"218175","cod_divpol":"07R1B","divpol":"DIVOPUS CUSCO","departamento":"CUSCO","provincia":"CUSCO","distrito":"SANTIAGO"},"geometry":{"type":"Point","coordinates":[-71.98420577999997,-13.524265309999976]}},{"type":"Feature","properties":{"cod_regpol":"13R1","regionpol":"LIMA CENTRO","cod_cpnp":"1975","comisaria":"CPNP MAGDALENA","tipo":"B","categoria":"LIMAMETRO","cod_uni":"219837","cod_divpol":"13R1H","divpol":"DIVPOL OESTE","departamento":"LIMA","provincia":"LIMA","distrito":"MAGDALENA DEL MAR"},"geometry":{"type":"Point","coordinates":[-77.07329718599993,-12.08796020899996]}},{"type":"Feature","properties":{"cod_regpol":"13R1","regionpol":"LIMA CENTRO","cod_cpnp":"2195","comisaria":"CPNP SAN BORJA","tipo":"A","categoria":"LIMAMETRO","cod_uni":"220075","cod_divpol":"13R1I","divpol":"DIVPOL SUR 1","departamento":"LIMA","provincia":"LIMA","distrito":"SAN BORJA"},"geometry":{"type":"Point","coordinates":[-76.99898460699995,-12.10558550899998]}},{"type":"Feature","properties":{"cod_regpol":"13R1","regionpol":"LIMA CENTRO","cod_cpnp":"2200","comisaria":"CPNP CHACARILLA DEL ESTANQUE","tipo":"B","categoria":"LIMAMETRO","cod_uni":"220078","cod_divpol":"13R1I","divpol":"DIVPOL SUR 1","departamento":"LIMA","provincia":"LIMA","distrito":"SAN BORJA"},"geometry":{"type":"Point","coordinates":[-76.98346082199998,-12.108501236999928]}},{"type":"Feature","properties":{"cod_regpol":"13R1","regionpol":"LIMA CENTRO","cod_cpnp":"1960","comisaria":"CPNP PUEBLO LIBRE","tipo":"A","categoria":"LIMAMETRO","cod_uni":"219828","cod_divpol":"13R1H","divpol":"DIVPOL OESTE","departamento":"LIMA","provincia":"LIMA","distrito":"PUEBLO LIBRE"},"geometry":{"type":"Point","coordinates":[-77.06537896299994,-12.076966763999962]}},{"type":"Feature","properties":{"cod_regpol":"19R1","regionpol":"AMAZONAS","cod_cpnp":"1422","comisaria":"CPNP QUINJALCA","tipo":"E","categoria":"AMAZONAS","cod_uni":"222012","cod_divpol":"19R1A","divpol":"DIVOPUS AMAZONAS","departamento":"AMAZONAS","provincia":"CHACHAPOYAS","distrito":"QUINJALCA"},"geometry":{"type":"Point","coordinates":[-77.67862219999995,-6.091438898999968]}},{"type":"Feature","properties":{"cod_regpol":"07R1","regionpol":"CUSCO","cod_cpnp":"3512","comisaria":"CPNP MARAS","tipo":"D","categoria":"CUSCO","cod_uni":"218194","cod_divpol":"07R1B","divpol":"DIVOPUS CUSCO","departamento":"CUSCO","provincia":"URUBAMBA","distrito":"MARAS"},"geometry":{"type":"Point","coordinates":[-72.15635605999995,-13.332467779999945]}},{"type":"Feature","properties":{"cod_regpol":"01R1","regionpol":"ANCASH","cod_cpnp":"4826","comisaria":"CPNP HUALLANCA - CHURCOS","tipo":"D","categoria":"ANCASH","cod_uni":"222153","cod_divpol":"01R1B","divpol":"DIVOPUS HUARAZ","departamento":"ANCASH","provincia":"BOLOGNESI","distrito":"HUALLANCA"},"geometry":{"type":"Point","coordinates":[-76.94111901999997,-9.901394270999958]}},{"type":"Feature","properties":{"cod_regpol":"09R1","regionpol":"ICA","cod_cpnp":"3292","comisaria":"CPNP SANTIAGO DE CHOCORVOS","tipo":"E","categoria":"HUANCAVELICA","cod_uni":"223606","cod_divpol":"09R1B","divpol":"DIVOPUS ICA","departamento":"HUANCAVELICA","provincia":"HUAYTARA","distrito":"SANTIAGO DE CHOCORVOS"},"geometry":{"type":"Point","coordinates":[-75.25846346999998,-13.82495173999996]}},{"type":"Feature","properties":{"cod_regpol":"01R1","regionpol":"ANCASH","cod_cpnp":"4967","comisaria":"CPNP YAUYA","tipo":"E","categoria":"ANCASH","cod_uni":"222194","cod_divpol":"01R1B","divpol":"DIVOPUS HUARAZ","departamento":"ANCASH","provincia":"CARLOS FERMIN FITZCARRALD","distrito":"YAUYA"},"geometry":{"type":"Point","coordinates":[-77.29080173999995,-8.98991645999996]}},{"type":"Feature","properties":{"cod_regpol":"01R1","regionpol":"ANCASH","cod_cpnp":"4864","comisaria":"CPNP MANCOS","tipo":"D","categoria":"ANCASH","cod_uni":"222169","cod_divpol":"01R1B","divpol":"DIVOPUS HUARAZ","departamento":"ANCASH","provincia":"YUNGAY","distrito":"MANCOS"},"geometry":{"type":"Point","coordinates":[-77.71412781899994,-9.190018079999959]}},{"type":"Feature","properties":{"cod_regpol":"07R1","regionpol":"CUSCO","cod_cpnp":"3626","comisaria":"CPNP ACOPIA","tipo":"E","categoria":"CUSCO","cod_uni":"218249","cod_divpol":"07R1B","divpol":"DIVOPUS CUSCO","departamento":"CUSCO","provincia":"ACOMAYO","distrito":"ACOPIA"},"geometry":{"type":"Point","coordinates":[-71.49277562999998,-14.057408829999929]}},{"type":"Feature","properties":{"cod_regpol":"08R1","regionpol":"HUANUCO","cod_cpnp":"5906","comisaria":"CPNP AMARILIS","tipo":"B","categoria":"HUANUCO","cod_uni":"217483","cod_divpol":"08R1B","divpol":"DIVOPUS HUANUCO","departamento":"HUANUCO","provincia":"HUANUCO","distrito":"AMARILIS"},"geometry":{"type":"Point","coordinates":[-76.24740582999993,-9.942576949999932]}},{"type":"Feature","properties":{"cod_regpol":"11R1","regionpol":"LA LIBERTAD","cod_cpnp":"1183","comisaria":"CPNP PACASMAYO","tipo":"A","categoria":"LA LIBERTAD","cod_uni":"217049","cod_divpol":"11R1A","divpol":"DIVPOL PAIJAN","departamento":"LA LIBERTAD","provincia":"PACASMAYO","distrito":"PACASMAYO"},"geometry":{"type":"Point","coordinates":[-79.57121490999998,-7.399300269999969]}},{"type":"Feature","properties":{"cod_regpol":"18R1","regionpol":"PUNO","cod_cpnp":"4595","comisaria":"CPNP AYAVIRI","tipo":"B","categoria":"PUNO","cod_uni":"219325","cod_divpol":"18R1A","divpol":"DIVOPUS JULIACA","departamento":"PUNO","provincia":"MELGAR","distrito":"AYAVIRI"},"geometry":{"type":"Point","coordinates":[-70.59201015999997,-14.881991160999974]}},{"type":"Feature","properties":{"cod_regpol":"06R1","regionpol":"CALLAO","cod_cpnp":"6034","comisaria":"CPNP MI PERU","tipo":"B","categoria":"CALLAO","cod_uni":"220555","cod_divpol":"06R1A","divpol":"DIVOPUS 03","departamento":"CALLAO","provincia":"CALLAO","distrito":"MI PERU"},"geometry":{"type":"Point","coordinates":[-77.12326199999995,-11.854405000999975]}},{"type":"Feature","properties":{"cod_regpol":"09R1","regionpol":"ICA","cod_cpnp":"5344","comisaria":"CPNP HUAMANI","tipo":"B","categoria":"ICA","cod_uni":"223591","cod_divpol":"09R1B","divpol":"DIVOPUS ICA","departamento":"ICA","provincia":"PISCO","distrito":"SAN CLEMENTE"},"geometry":{"type":"Point","coordinates":[-76.15958454999998,-13.683158899999967]}},{"type":"Feature","properties":{"cod_regpol":"01R1","regionpol":"ANCASH","cod_cpnp":"4956","comisaria":"CPNP HUAYTUNA","tipo":"D","categoria":"ANCASH","cod_uni":"222187","cod_divpol":"01R1B","divpol":"DIVOPUS HUARAZ","departamento":"ANCASH","provincia":"HUARI","distrito":"MASIN"},"geometry":{"type":"Point","coordinates":[-77.08301066999996,-9.36102263999993]}},{"type":"Feature","properties":{"cod_regpol":"04R1","regionpol":"AYACUCHO","cod_cpnp":"3356","comisaria":"CPNP VINCHOS","tipo":"D","categoria":"AYACUCHO","cod_uni":"218525","cod_divpol":"04R1A","divpol":"DIVOPUS AYACUCHO","departamento":null,"provincia":"HUAMANGA","distrito":"VINCHOS"},"geometry":{"type":"Point","coordinates":[-74.35453861999997,-13.241678929999978]}},{"type":"Feature","properties":{"cod_regpol":"04R1","regionpol":"AYACUCHO","cod_cpnp":"3375","comisaria":"CPNP CHUSCHI","tipo":"E","categoria":"AYACUCHO","cod_uni":"218536","cod_divpol":"04R1A","divpol":"DIVOPUS AYACUCHO","departamento":null,"provincia":"CANGALLO","distrito":"CHUSCHI"},"geometry":{"type":"Point","coordinates":[-74.35212215999996,-13.58527018999996]}},{"type":"Feature","properties":{"cod_regpol":"04R1","regionpol":"AYACUCHO","cod_cpnp":"3373","comisaria":"CPNP LOS MOROCHUCOS","tipo":"D","categoria":"AYACUCHO","cod_uni":"218532","cod_divpol":"04R1A","divpol":"DIVOPUS AYACUCHO","departamento":null,"provincia":"CANGALLO","distrito":"LOS MOROCHUCOS"},"geometry":{"type":"Point","coordinates":[-74.19594800999994,-13.55769117999995]}},{"type":"Feature","properties":{"cod_regpol":"01R1","regionpol":"ANCASH","cod_cpnp":"4875","comisaria":"CPNP ANTA","tipo":"D","categoria":"ANCASH","cod_uni":"222163","cod_divpol":"01R1B","divpol":"DIVOPUS HUARAZ","departamento":"ANCASH","provincia":"CARHUAZ","distrito":"ANTA"},"geometry":{"type":"Point","coordinates":[-77.59866295999996,-9.357562749999943]}},{"type":"Feature","properties":{"cod_regpol":"21R1","regionpol":"TUMBES","cod_cpnp":"5826","comisaria":"CPNP PAPAYAL","tipo":"C","categoria":"TUMBES","cod_uni":"223150","cod_divpol":"21R1A","divpol":"DIVOPUS TUMBES","departamento":"TUMBES","provincia":"ZARUMILLA","distrito":"PAPAYAL"},"geometry":{"type":"Point","coordinates":[-80.23541382999997,-3.571155909999959]}},{"type":"Feature","properties":{"cod_regpol":"01R1","regionpol":"ANCASH","cod_cpnp":"4960","comisaria":"CPNP UCO","tipo":"E","categoria":"ANCASH","cod_uni":"222186","cod_divpol":"01R1B","divpol":"DIVOPUS HUARAZ","departamento":"ANCASH","provincia":"HUARI","distrito":"UCO"},"geometry":{"type":"Point","coordinates":[-76.92831801999995,-9.18822586999994]}},{"type":"Feature","properties":{"cod_regpol":"19R1","regionpol":"AMAZONAS","cod_cpnp":"1480","comisaria":"CPNP NUEVO CHIRIMOTO","tipo":"D","categoria":"SAN MARTIN","cod_uni":"222026","cod_divpol":"19R1A","divpol":"DIVOPUS AMAZONAS","departamento":"SAN MARTIN","provincia":"MARISCAL CACERES","distrito":"HUICUNGO"},"geometry":{"type":"Point","coordinates":[-77.23706559899995,-6.551171199999942]}},{"type":"Feature","properties":{"cod_regpol":"08R1","regionpol":"HUANUCO","cod_cpnp":"5916","comisaria":"CPNP SAN MIGUEL DE CAURI","tipo":"E","categoria":"HUANUCO","cod_uni":"221728","cod_divpol":"08R1B","divpol":"DIVOPUS HUANUCO","departamento":"HUANUCO","provincia":"LAURICOCHA","distrito":"SAN MIGUEL DE CAURI"},"geometry":{"type":"Point","coordinates":[-76.62565390999998,-10.142491929999949]}},{"type":"Feature","properties":{"cod_regpol":"11R1","regionpol":"LA LIBERTAD","cod_cpnp":"1170","comisaria":"CPNP CHAO","tipo":"D","categoria":"LA LIBERTAD","cod_uni":"217013","cod_divpol":"11R1B","divpol":"DIVPOL TRUJILLO","departamento":"LA LIBERTAD","provincia":"VIRU","distrito":"CHAO"},"geometry":{"type":"Point","coordinates":[-78.67918483999995,-8.537480509999966]}},{"type":"Feature","properties":{"cod_regpol":"10R1","regionpol":"HUANCAVELICA","cod_cpnp":"3222","comisaria":"CPNP ACOBAMBILLA","tipo":"E","categoria":"HUANCAVELICA","cod_uni":"218066","cod_divpol":"10R1A","divpol":"DIVOPUS HUANCAVELICA","departamento":"HUANCAVELICA","provincia":"HUANCAVELICA","distrito":"ACOBAMBILLA"},"geometry":{"type":"Point","coordinates":[-75.32261253899998,-12.664621069999953]}},{"type":"Feature","properties":{"cod_regpol":"19R1","regionpol":"AMAZONAS","cod_cpnp":"1521","comisaria":"CPNP CHIRIACO","tipo":"C","categoria":"AMAZONAS","cod_uni":"222051","cod_divpol":"19R1A","divpol":"DIVOPUS AMAZONAS","departamento":"AMAZONAS","provincia":"BAGUA","distrito":"IMAZA"},"geometry":{"type":"Point","coordinates":[-78.28702076199994,-5.162637934999964]}},{"type":"Feature","properties":{"cod_regpol":"19R1","regionpol":"AMAZONAS","cod_cpnp":"1522","comisaria":"CPNP IMACITA","tipo":"E","categoria":"AMAZONAS","cod_uni":"222054","cod_divpol":"19R1A","divpol":"DIVOPUS AMAZONAS","departamento":"AMAZONAS","provincia":"BAGUA","distrito":"IMAZA"},"geometry":{"type":"Point","coordinates":[-78.33201261999994,-5.058578859999955]}},{"type":"Feature","properties":{"cod_regpol":"09R1","regionpol":"ICA","cod_cpnp":"5370","comisaria":"CPNP LARAMATE","tipo":"E","categoria":"AYACUCHO","cod_uni":"223565","cod_divpol":"09R1B","divpol":"DIVOPUS ICA","departamento":"AYACUCHO","provincia":"LUCANAS","distrito":"LARAMATE"},"geometry":{"type":"Point","coordinates":[-74.84272354999996,-14.28670515999994]}},{"type":"Feature","properties":{"cod_regpol":"04R1","regionpol":"AYACUCHO","cod_cpnp":"3465","comisaria":"CPNP PARINACOCHAS - CORACORA","tipo":"B","categoria":"AYACUCHO","cod_uni":"218560","cod_divpol":"04R1A","divpol":"DIVOPUS AYACUCHO","departamento":"AYACUCHO","provincia":"PARINACOCHAS","distrito":"CORACORA"},"geometry":{"type":"Point","coordinates":[-73.78184619899997,-15.016928088999975]}},{"type":"Feature","properties":{"cod_regpol":"09R1","regionpol":"ICA","cod_cpnp":"5373","comisaria":"CPNP OCAÑA","tipo":"E","categoria":"AYACUCHO","cod_uni":"223567","cod_divpol":"09R1B","divpol":"DIVOPUS ICA","departamento":"AYACUCHO","provincia":"LUCANAS","distrito":"OCAÑA"},"geometry":{"type":"Point","coordinates":[-74.82408466999993,-14.398565649999966]}},{"type":"Feature","properties":{"cod_regpol":"04R1","regionpol":"AYACUCHO","cod_cpnp":"3391","comisaria":"CPNP VILCANCHOS","tipo":"E","categoria":"AYACUCHO","cod_uni":"218539","cod_divpol":"04R1A","divpol":"DIVOPUS AYACUCHO","departamento":"AYACUCHO","provincia":"VICTOR FAJARDO","distrito":"VILCANCHOS"},"geometry":{"type":"Point","coordinates":[-74.53306249899998,-13.610466799999926]}},{"type":"Feature","properties":{"cod_regpol":"04R1","regionpol":"AYACUCHO","cod_cpnp":"3362","comisaria":"CPNP CHACCO","tipo":"E","categoria":"AYACUCHO","cod_uni":"218527","cod_divpol":"04R1A","divpol":"DIVOPUS AYACUCHO","departamento":"AYACUCHO","provincia":"HUAMANGA","distrito":"JESUS NAZARENO"},"geometry":{"type":"Point","coordinates":[-74.20679699999994,-13.098301999999933]}},{"type":"Feature","properties":{"cod_regpol":"04R1","regionpol":"AYACUCHO","cod_cpnp":"3380","comisaria":"CPNP PARAS","tipo":"E","categoria":"AYACUCHO","cod_uni":"218542","cod_divpol":"04R1A","divpol":"DIVOPUS AYACUCHO","departamento":null,"provincia":"CANGALLO","distrito":"PARAS"},"geometry":{"type":"Point","coordinates":[-74.62719720099994,-13.552842270999975]}},{"type":"Feature","properties":{"cod_regpol":"07R1","regionpol":"CUSCO","cod_cpnp":"3514","comisaria":"CPNP CHINCHEROS","tipo":"D","categoria":"CUSCO","cod_uni":"218195","cod_divpol":"07R1B","divpol":"DIVOPUS CUSCO","departamento":"CUSCO","provincia":"URUBAMBA","distrito":"CHINCHERO"},"geometry":{"type":"Point","coordinates":[-72.04905601999997,-13.392129349999948]}},{"type":"Feature","properties":{"cod_regpol":"19R1","regionpol":"AMAZONAS","cod_cpnp":"1444","comisaria":"CPNP CHURUJA","tipo":"E","categoria":"AMAZONAS","cod_uni":"222074","cod_divpol":"19R1A","divpol":"DIVOPUS AMAZONAS","departamento":"AMAZONAS","provincia":"BONGARA","distrito":"CHURUJA"},"geometry":{"type":"Point","coordinates":[-77.95197479999996,-6.020200999999929]}},{"type":"Feature","properties":{"cod_regpol":"01R1","regionpol":"ANCASH","cod_cpnp":"4974","comisaria":"CPNP SIHUAS","tipo":"D","categoria":"ANCASH","cod_uni":"222196","cod_divpol":"01R1B","divpol":"DIVOPUS HUARAZ","departamento":"ANCASH","provincia":"SIHUAS","distrito":"SIHUAS"},"geometry":{"type":"Point","coordinates":[-77.63136534999995,-8.554344899999933]}},{"type":"Feature","properties":{"cod_regpol":"09R1","regionpol":"ICA","cod_cpnp":"5318","comisaria":"CPNP LOS MOLINOS","tipo":"D","categoria":"ICA","cod_uni":"223551","cod_divpol":"09R1B","divpol":"DIVOPUS ICA","departamento":"ICA","provincia":"ICA","distrito":"SAN JOSE DE LOS MOLINOS"},"geometry":{"type":"Point","coordinates":[-75.67095979999993,-13.932536538999955]}},{"type":"Feature","properties":{"cod_regpol":"09R1","regionpol":"ICA","cod_cpnp":"5312","comisaria":"CPNP SANTIAGO","tipo":"D","categoria":"ICA","cod_uni":"223547","cod_divpol":"09R1B","divpol":"DIVOPUS ICA","departamento":"ICA","provincia":"ICA","distrito":"SANTIAGO"},"geometry":{"type":"Point","coordinates":[-75.71469224999998,-14.184169569999938]}},{"type":"Feature","properties":{"cod_regpol":"05R1","regionpol":"CAJAMARCA","cod_cpnp":"5014","comisaria":"CPNP NAMORA","tipo":"D","categoria":"CAJAMARCA","cod_uni":"223208","cod_divpol":"05R1B","divpol":"DIVOPUS CAJAMARCA","departamento":"CAJAMARCA","provincia":"CAJAMARCA","distrito":"NAMORA"},"geometry":{"type":"Point","coordinates":[-78.32508637899997,-7.202551439999979]}},{"type":"Feature","properties":{"cod_regpol":"05R1","regionpol":"CAJAMARCA","cod_cpnp":"1015","comisaria":"CPNP NINABAMBA","tipo":"E","categoria":"CAJAMARCA","cod_uni":"223271","cod_divpol":"05R1B","divpol":"DIVOPUS CAJAMARCA","departamento":"CAJAMARCA","provincia":"SANTA CRUZ","distrito":"NINABAMBA"},"geometry":{"type":"Point","coordinates":[-78.78609088999997,-6.6499800999999366]}},{"type":"Feature","properties":{"cod_regpol":"05R1","regionpol":"CAJAMARCA","cod_cpnp":"0875","comisaria":"CPNP BOLIVAR","tipo":"E","categoria":"CAJAMARCA","cod_uni":"223252","cod_divpol":"05R1B","divpol":"DIVOPUS CAJAMARCA","departamento":"CAJAMARCA","provincia":"SAN MIGUEL","distrito":"BOLIVAR"},"geometry":{"type":"Point","coordinates":[-79.17816906999997,-6.976239619999944]}},{"type":"Feature","properties":{"cod_regpol":"10R2","regionpol":"JUNIN","cod_cpnp":"7590","comisaria":"CPNP SATIPO","tipo":"B","categoria":"JUNIN","cod_uni":"217925","cod_divpol":"10R2B","divpol":"DIVOPUS CHANCHAMAYO","departamento":"JUNIN","provincia":"SATIPO","distrito":"SATIPO"},"geometry":{"type":"Point","coordinates":[-74.63845518999995,-11.255909499999973]}},{"type":"Feature","properties":{"cod_regpol":"08R1","regionpol":"HUANUCO","cod_cpnp":"5943","comisaria":"CPNP HUACAYBAMBA","tipo":"D","categoria":"HUANUCO","cod_uni":"217514","cod_divpol":"08R1B","divpol":"DIVOPUS HUANUCO","departamento":"HUANUCO","provincia":"HUACAYBAMBA","distrito":"HUACAYBAMBA"},"geometry":{"type":"Point","coordinates":[-76.95345442999997,-9.037847238999973]}},{"type":"Feature","properties":{"cod_regpol":"05R1","regionpol":"CAJAMARCA","cod_cpnp":"1018","comisaria":"CPNP ANDABAMBA","tipo":"E","categoria":"CAJAMARCA","cod_uni":"223272","cod_divpol":"05R1B","divpol":"DIVOPUS CAJAMARCA","departamento":"CAJAMARCA","provincia":"SANTA CRUZ","distrito":"ANDABAMBA"},"geometry":{"type":"Point","coordinates":[-78.81744254999995,-6.663321449999955]}},{"type":"Feature","properties":{"cod_regpol":"07R1","regionpol":"CUSCO","cod_cpnp":"3490","comisaria":"CPNP WANCHAQ","tipo":"A","categoria":"CUSCO","cod_uni":"218163","cod_divpol":"07R1B","divpol":"DIVOPUS CUSCO","departamento":"CUSCO","provincia":"CUSCO","distrito":"WANCHAQ"},"geometry":{"type":"Point","coordinates":[-71.95957154799999,-13.532247481999946]}},{"type":"Feature","properties":{"cod_regpol":"02R1","regionpol":"APURIMAC","cod_cpnp":"5434","comisaria":"CPNP VILCABAMBA","tipo":"D","categoria":"APURIMAC","cod_uni":"223436","cod_divpol":"02R1B","divpol":"DIVOPUS ABANCAY","departamento":"APURIMAC","provincia":"GRAU","distrito":"VILCABAMBA"},"geometry":{"type":"Point","coordinates":[-72.62500788999995,-14.078396209999937]}},{"type":"Feature","properties":{"cod_regpol":"02R1","regionpol":"APURIMAC","cod_cpnp":"5432","comisaria":"CPNP MAMARA","tipo":"E","categoria":"APURIMAC","cod_uni":"223438","cod_divpol":"02R1B","divpol":"DIVOPUS ABANCAY","departamento":"APURIMAC","provincia":"GRAU","distrito":"MAMARA"},"geometry":{"type":"Point","coordinates":[-72.59043087099997,-14.229483279999954]}},{"type":"Feature","properties":{"cod_regpol":"19R1","regionpol":"AMAZONAS","cod_cpnp":"1471","comisaria":"CPNP RODRIGUEZ DE MENDOZA - SAN NICOLAS","tipo":"B","categoria":"AMAZONAS","cod_uni":"222018","cod_divpol":"19R1A","divpol":"DIVOPUS AMAZONAS","departamento":"AMAZONAS","provincia":"RODRIGUEZ DE MENDOZA","distrito":"SAN NICOLAS"},"geometry":{"type":"Point","coordinates":[-77.48280089999997,-6.394841699999972]}},{"type":"Feature","properties":{"cod_regpol":"07R1","regionpol":"CUSCO","cod_cpnp":"3545","comisaria":"CPNP CACHIMAYO","tipo":"E","categoria":"CUSCO","cod_uni":"218238","cod_divpol":"07R1B","divpol":"DIVOPUS CUSCO","departamento":"CUSCO","provincia":"ANTA","distrito":"CACHIMAYO"},"geometry":{"type":"Point","coordinates":[-72.06606909899995,-13.479529519999971]}},{"type":"Feature","properties":{"cod_regpol":"09R1","regionpol":"ICA","cod_cpnp":"5305","comisaria":"CPNP PARCONA","tipo":"A","categoria":"ICA","cod_uni":"223528","cod_divpol":"09R1B","divpol":"DIVOPUS ICA","departamento":"ICA","provincia":"ICA","distrito":"PARCONA"},"geometry":{"type":"Point","coordinates":[-75.70578040999999,-14.047814899999935]}},{"type":"Feature","properties":{"cod_regpol":"10R2","regionpol":"JUNIN","cod_cpnp":"3018","comisaria":"CPNP ULCUMAYO","tipo":"D","categoria":"JUNIN","cod_uni":"221804","cod_divpol":"10R2A","divpol":"DIVOPUS HUANCAYO","departamento":"JUNIN","provincia":"JUNIN","distrito":"ULCUMAYO"},"geometry":{"type":"Point","coordinates":[-75.88049701999995,-10.968276139999944]}},{"type":"Feature","properties":{"cod_regpol":"11R1","regionpol":"LA LIBERTAD","cod_cpnp":"1115","comisaria":"CPNP EL MILAGRO","tipo":"B","categoria":"LA LIBERTAD","cod_uni":"216955","cod_divpol":"11R1B","divpol":"DIVPOL TRUJILLO","departamento":"LA LIBERTAD","provincia":"TRUJILLO","distrito":"HUANCHACO"},"geometry":{"type":"Point","coordinates":[-79.06644000099999,-8.023362539999937]}},{"type":"Feature","properties":{"cod_regpol":"09R1","regionpol":"ICA","cod_cpnp":"5326","comisaria":"CPNP PUEBLO NUEVO","tipo":"C","categoria":"ICA","cod_uni":"223543","cod_divpol":"09R1B","divpol":"DIVOPUS ICA","departamento":"ICA","provincia":"ICA","distrito":"PUEBLO NUEVO"},"geometry":{"type":"Point","coordinates":[-75.70582572999996,-14.12692199099996]}},{"type":"Feature","properties":{"cod_regpol":"11R1","regionpol":"LA LIBERTAD","cod_cpnp":"1206","comisaria":"CPNP CASA GRANDE","tipo":"C","categoria":"LA LIBERTAD","cod_uni":"217032","cod_divpol":"11R1A","divpol":"DIVPOL PAIJAN","departamento":"LA LIBERTAD","provincia":"ASCOPE","distrito":"CASA GRANDE"},"geometry":{"type":"Point","coordinates":[-79.18843369999996,-7.745031469999958]}},{"type":"Feature","properties":{"cod_regpol":"11R1","regionpol":"LA LIBERTAD","cod_cpnp":"1233","comisaria":"CPNP ROMA","tipo":"E","categoria":"LA LIBERTAD","cod_uni":"217040","cod_divpol":"11R1A","divpol":"DIVPOL PAIJAN","departamento":"LA LIBERTAD","provincia":"ASCOPE","distrito":"CASA GRANDE"},"geometry":{"type":"Point","coordinates":[-79.14651688899994,-7.764973549999979]}},{"type":"Feature","properties":{"cod_regpol":"01R1","regionpol":"ANCASH","cod_cpnp":"4802","comisaria":"CPNP MONTERREY","tipo":"D","categoria":"ANCASH","cod_uni":"222131","cod_divpol":"01R1B","divpol":"DIVOPUS HUARAZ","departamento":"ANCASH","provincia":"HUARAZ","distrito":"INDEPENDENCIA"},"geometry":{"type":"Point","coordinates":[-77.53750310999999,-9.474193439999965]}},{"type":"Feature","properties":{"cod_regpol":"09R1","regionpol":"ICA","cod_cpnp":"5363","comisaria":"CPNP VISTA ALEGRE","tipo":"B","categoria":"ICA","cod_uni":"223559","cod_divpol":"09R1B","divpol":"DIVOPUS ICA","departamento":"ICA","provincia":"NASCA","distrito":"VISTA ALEGRE"},"geometry":{"type":"Point","coordinates":[-74.94041602899995,-14.844861569999978]}},{"type":"Feature","properties":{"cod_regpol":"18R1","regionpol":"PUNO","cod_cpnp":"4599","comisaria":"CPNP NUÑOA","tipo":"E","categoria":"PUNO","cod_uni":"219331","cod_divpol":"18R1A","divpol":"DIVOPUS JULIACA","departamento":"PUNO","provincia":"MELGAR","distrito":"NUÑOA"},"geometry":{"type":"Point","coordinates":[-70.63711474999997,-14.478905039999972]}},{"type":"Feature","properties":{"cod_regpol":"09R1","regionpol":"ICA","cod_cpnp":"5324","comisaria":"CPNP LOS AQUIJES","tipo":"C","categoria":"ICA","cod_uni":"223540","cod_divpol":"09R1B","divpol":"DIVOPUS ICA","departamento":"ICA","provincia":"ICA","distrito":"LOS AQUIJES"},"geometry":{"type":"Point","coordinates":[-75.69090037999996,-14.09720699099995]}},{"type":"Feature","properties":{"cod_regpol":"10R1","regionpol":"HUANCAVELICA","cod_cpnp":"3214","comisaria":"CPNP ACORIA","tipo":"D","categoria":"HUANCAVELICA","cod_uni":"218063","cod_divpol":"10R1A","divpol":"DIVOPUS HUANCAVELICA","departamento":"HUANCAVELICA","provincia":"HUANCAVELICA","distrito":"ACORIA"},"geometry":{"type":"Point","coordinates":[-74.86299703999998,-12.64264688999998]}},{"type":"Feature","properties":{"cod_regpol":"09R1","regionpol":"ICA","cod_cpnp":"5349","comisaria":"CPNP GROCIO PRADO","tipo":"C","categoria":"ICA","cod_uni":"225874","cod_divpol":"09R1A","divpol":"DIVPOL CHINCHA","departamento":"ICA","provincia":"CHINCHA","distrito":"GROCIO PRADO"},"geometry":{"type":"Point","coordinates":[-76.15538654999995,-13.39711989899996]}},{"type":"Feature","properties":{"cod_regpol":"10R2","regionpol":"JUNIN","cod_cpnp":"3010","comisaria":"CPNP SAN AGUSTIN DE CAJAS","tipo":"C","categoria":"JUNIN","cod_uni":"217845","cod_divpol":"10R2A","divpol":"DIVOPUS HUANCAYO","departamento":"JUNIN","provincia":"HUANCAYO","distrito":"SAN AGUSTIN"},"geometry":{"type":"Point","coordinates":[-75.24651893999999,-11.99167265999995]}},{"type":"Feature","properties":{"cod_regpol":"21R1","regionpol":"TUMBES","cod_cpnp":"5812","comisaria":"CPNP PAMPAS DE HOSPITAL","tipo":"C","categoria":"TUMBES","cod_uni":"223140","cod_divpol":"21R1A","divpol":"DIVOPUS TUMBES","departamento":"TUMBES","provincia":"TUMBES","distrito":"PAMPAS DE HOSPITAL"},"geometry":{"type":"Point","coordinates":[-80.43880460999998,-3.692412238999964]}},{"type":"Feature","properties":{"cod_regpol":"08R1","regionpol":"HUANUCO","cod_cpnp":"5902","comisaria":"CPNP CAYHUAYNA","tipo":"B","categoria":"HUANUCO","cod_uni":"217486","cod_divpol":"08R1B","divpol":"DIVOPUS HUANUCO","departamento":"HUANUCO","provincia":"HUANUCO","distrito":"PILLCO MARCA"},"geometry":{"type":"Point","coordinates":[-76.24943275999993,-9.953611889999934]}},{"type":"Feature","properties":{"cod_regpol":"11R1","regionpol":"LA LIBERTAD","cod_cpnp":"1105","comisaria":"CPNP MIRAMAR","tipo":"C","categoria":"LA LIBERTAD","cod_uni":"216981","cod_divpol":"11R1B","divpol":"DIVPOL TRUJILLO","departamento":"LA LIBERTAD","provincia":"TRUJILLO","distrito":"SALAVERRY"},"geometry":{"type":"Point","coordinates":[-78.99420799999996,-8.180809549999935]}},{"type":"Feature","properties":{"cod_regpol":"11R1","regionpol":"LA LIBERTAD","cod_cpnp":"1108","comisaria":"CPNP SALAVERRY","tipo":"C","categoria":"LA LIBERTAD","cod_uni":"216984","cod_divpol":"11R1B","divpol":"DIVPOL TRUJILLO","departamento":"LA LIBERTAD","provincia":"TRUJILLO","distrito":"SALAVERRY"},"geometry":{"type":"Point","coordinates":[-78.97881799999999,-8.219612999999981]}},{"type":"Feature","properties":{"cod_regpol":"13R1","regionpol":"LIMA CENTRO","cod_cpnp":"1875","comisaria":"CPNP COLLIQUE","tipo":"B","categoria":"LIMAMETRO","cod_uni":"219731","cod_divpol":"13R1E","divpol":"DIVPOL NORTE 2","departamento":"LIMA","provincia":"LIMA","distrito":"COMAS"},"geometry":{"type":"Point","coordinates":[-77.01621076199996,-11.913196439999979]}},{"type":"Feature","properties":{"cod_regpol":"13R1","regionpol":"LIMA CENTRO","cod_cpnp":"1880","comisaria":"CPNP LA PASCANA","tipo":"A","categoria":"LIMAMETRO","cod_uni":"219734","cod_divpol":"13R1E","divpol":"DIVPOL NORTE 2","departamento":"LIMA","provincia":"LIMA","distrito":"COMAS"},"geometry":{"type":"Point","coordinates":[-77.04587473799995,-11.934732612999937]}},{"type":"Feature","properties":{"cod_regpol":"13R1","regionpol":"LIMA CENTRO","cod_cpnp":"1885","comisaria":"CPNP SANTA LUZMILA","tipo":"A","categoria":"LIMAMETRO","cod_uni":"219737","cod_divpol":"13R1E","divpol":"DIVPOL NORTE 2","departamento":"LIMA","provincia":"LIMA","distrito":"COMAS"},"geometry":{"type":"Point","coordinates":[-77.06638853399994,-11.94454346599997]}},{"type":"Feature","properties":{"cod_regpol":"13R1","regionpol":"LIMA CENTRO","cod_cpnp":"1890","comisaria":"CPNP UNIVERSITARIA","tipo":"B","categoria":"LIMAMETRO","cod_uni":"219740","cod_divpol":"13R1E","divpol":"DIVPOL NORTE 2","departamento":"LIMA","provincia":"LIMA","distrito":"COMAS"},"geometry":{"type":"Point","coordinates":[-77.05991826499996,-11.947507306999967]}},{"type":"Feature","properties":{"cod_regpol":"13R1","regionpol":"LIMA CENTRO","cod_cpnp":"1870","comisaria":"CPNP TUPAC AMARU","tipo":"A","categoria":"LIMAMETRO","cod_uni":"219728","cod_divpol":"13R1E","divpol":"DIVPOL NORTE 2","departamento":"LIMA","provincia":"LIMA","distrito":"COMAS"},"geometry":{"type":"Point","coordinates":[-77.05264808099997,-11.95523017599993]}},{"type":"Feature","properties":{"cod_regpol":"09R1","regionpol":"ICA","cod_cpnp":"5314","comisaria":"CPNP LA TINGUIÑA","tipo":"B","categoria":"ICA","cod_uni":"223537","cod_divpol":"09R1B","divpol":"DIVOPUS ICA","departamento":"ICA","provincia":"ICA","distrito":"LA TINGUIÑA"},"geometry":{"type":"Point","coordinates":[-75.71067717999995,-14.036610579999945]}},{"type":"Feature","properties":{"cod_regpol":"11R1","regionpol":"LA LIBERTAD","cod_cpnp":"1128","comisaria":"CPNP LAREDO","tipo":"B","categoria":"LA LIBERTAD","cod_uni":"216987","cod_divpol":"11R1B","divpol":"DIVPOL TRUJILLO","departamento":"LA LIBERTAD","provincia":"TRUJILLO","distrito":"LAREDO"},"geometry":{"type":"Point","coordinates":[-78.96033209999996,-8.091881199999932]}},{"type":"Feature","properties":{"cod_regpol":"10R2","regionpol":"JUNIN","cod_cpnp":"3004","comisaria":"CPNP EL TAMBO","tipo":"A","categoria":"JUNIN","cod_uni":"217836","cod_divpol":"10R2A","divpol":"DIVOPUS HUANCAYO","departamento":"JUNIN","provincia":"HUANCAYO","distrito":"EL TAMBO"},"geometry":{"type":"Point","coordinates":[-75.21738692999998,-12.057319590999953]}},{"type":"Feature","properties":{"cod_regpol":"10R2","regionpol":"JUNIN","cod_cpnp":"7815","comisaria":"CPNP JAUJA","tipo":"A","categoria":"JUNIN","cod_uni":"217870","cod_divpol":"10R2A","divpol":"DIVOPUS HUANCAYO","departamento":"JUNIN","provincia":"JAUJA","distrito":"JAUJA"},"geometry":{"type":"Point","coordinates":[-75.49708039999996,-11.777966928999945]}},{"type":"Feature","properties":{"cod_regpol":"13R1","regionpol":"LIMA CENTRO","cod_cpnp":"1970","comisaria":"CPNP MARANGA","tipo":"A","categoria":"LIMAMETRO","cod_uni":"219834","cod_divpol":"13R1H","divpol":"DIVPOL OESTE","departamento":"LIMA","provincia":"LIMA","distrito":"SAN MIGUEL"},"geometry":{"type":"Point","coordinates":[-77.09280241399995,-12.069705097999929]}},{"type":"Feature","properties":{"cod_regpol":"13R1","regionpol":"LIMA CENTRO","cod_cpnp":"1965","comisaria":"CPNP SAN MIGUEL","tipo":"B","categoria":"LIMAMETRO","cod_uni":"219831","cod_divpol":"13R1H","divpol":"DIVPOL OESTE","departamento":"LIMA","provincia":"LIMA","distrito":"SAN MIGUEL"},"geometry":{"type":"Point","coordinates":[-77.08786859099996,-12.089526019999937]}},{"type":"Feature","properties":{"cod_regpol":"07R1","regionpol":"CUSCO","cod_cpnp":"3495","comisaria":"CPNP SAN SEBASTIAN","tipo":"B","categoria":"CUSCO","cod_uni":"218166","cod_divpol":"07R1B","divpol":"DIVOPUS CUSCO","departamento":"CUSCO","provincia":"CUSCO","distrito":"SAN SEBASTIAN"},"geometry":{"type":"Point","coordinates":[-71.92632829899998,-13.532115078999936]}},{"type":"Feature","properties":{"cod_regpol":"13R1","regionpol":"LIMA CENTRO","cod_cpnp":"1955","comisaria":"CPNP JESUS MARIA","tipo":"A","categoria":"LIMAMETRO","cod_uni":"219825","cod_divpol":"13R1H","divpol":"DIVPOL OESTE","departamento":"LIMA","provincia":"LIMA","distrito":"JESUS MARIA"},"geometry":{"type":"Point","coordinates":[-77.04763739899994,-12.070948036999937]}},{"type":"Feature","properties":{"cod_regpol":"09R1","regionpol":"ICA","cod_cpnp":"5343","comisaria":"CPNP PUEBLO NUEVO","tipo":"B","categoria":"ICA","cod_uni":"225868","cod_divpol":"09R1A","divpol":"DIVPOL CHINCHA","departamento":"ICA","provincia":"CHINCHA","distrito":"PUEBLO NUEVO"},"geometry":{"type":"Point","coordinates":[-76.13438158899999,-13.395572209999955]}},{"type":"Feature","properties":{"cod_regpol":"11R1","regionpol":"LA LIBERTAD","cod_cpnp":"1189","comisaria":"CPNP GUADALUPE","tipo":"B","categoria":"LA LIBERTAD","cod_uni":"217055","cod_divpol":"11R1A","divpol":"DIVPOL PAIJAN","departamento":"LA LIBERTAD","provincia":"PACASMAYO","distrito":"GUADALUPE"},"geometry":{"type":"Point","coordinates":[-79.47643876999996,-7.247908998999947]}},{"type":"Feature","properties":{"cod_regpol":"11R1","regionpol":"LA LIBERTAD","cod_cpnp":"1192","comisaria":"CPNP CIUDAD DE DIOS","tipo":"C","categoria":"LA LIBERTAD","cod_uni":"217058","cod_divpol":"11R1A","divpol":"DIVPOL PAIJAN","departamento":"LA LIBERTAD","provincia":"PACASMAYO","distrito":"GUADALUPE"},"geometry":{"type":"Point","coordinates":[-79.48014158999996,-7.3037654899999325]}},{"type":"Feature","properties":{"cod_regpol":"11R1","regionpol":"LA LIBERTAD","cod_cpnp":"1114","comisaria":"CPNP BELLAVISTA","tipo":"B","categoria":"LA LIBERTAD","cod_uni":"216958","cod_divpol":"11R1B","divpol":"DIVPOL TRUJILLO","departamento":"LA LIBERTAD","provincia":"TRUJILLO","distrito":"LA ESPERANZA"},"geometry":{"type":"Point","coordinates":[-79.04009836999995,-8.083966019999934]}},{"type":"Feature","properties":{"cod_regpol":"11R1","regionpol":"LA LIBERTAD","cod_cpnp":"1113","comisaria":"CPNP JERUSALEN WICHANZAO","tipo":"A","categoria":"LA LIBERTAD","cod_uni":"216964","cod_divpol":"11R1B","divpol":"DIVPOL TRUJILLO","departamento":"LA LIBERTAD","provincia":"TRUJILLO","distrito":"LA ESPERANZA"},"geometry":{"type":"Point","coordinates":[-79.05382844799993,-8.056816923999975]}},{"type":"Feature","properties":{"cod_regpol":"21R1","regionpol":"TUMBES","cod_cpnp":"5822","comisaria":"CPNP AGUAS VERDES","tipo":"B","categoria":"TUMBES","cod_uni":"223147","cod_divpol":"21R1A","divpol":"DIVOPUS TUMBES","departamento":"TUMBES","provincia":"ZARUMILLA","distrito":"AGUAS VERDES"},"geometry":{"type":"Point","coordinates":[-80.24538240999993,-3.4816388799999345]}},{"type":"Feature","properties":{"cod_regpol":"01R1","regionpol":"ANCASH","cod_cpnp":"4880","comisaria":"CPNP CORONGO","tipo":"E","categoria":"ANCASH","cod_uni":"222177","cod_divpol":"01R1B","divpol":"DIVOPUS HUARAZ","departamento":"ANCASH","provincia":"CORONGO","distrito":"CORONGO"},"geometry":{"type":"Point","coordinates":[-77.89820491999996,-8.570503239999937]}},{"type":"Feature","properties":{"cod_regpol":"21R1","regionpol":"TUMBES","cod_cpnp":"5834","comisaria":"CPNP CASITAS - CAÑAVERAL","tipo":"D","categoria":"TUMBES","cod_uni":"223166","cod_divpol":"21R1A","divpol":"DIVOPUS TUMBES","departamento":"TUMBES","provincia":"CONTRALMIRANTE VILLAR","distrito":"CASITAS"},"geometry":{"type":"Point","coordinates":[-80.65114100999995,-3.942316029999972]}},{"type":"Feature","properties":{"cod_regpol":"04R1","regionpol":"AYACUCHO","cod_cpnp":"3352","comisaria":"CPNP CARMEN ALTO","tipo":"B","categoria":"AYACUCHO","cod_uni":"218519","cod_divpol":"04R1A","divpol":"DIVOPUS AYACUCHO","departamento":"AYACUCHO","provincia":"HUAMANGA","distrito":"CARMEN ALTO"},"geometry":{"type":"Point","coordinates":[-74.22136674999996,-13.176938479999933]}},{"type":"Feature","properties":{"cod_regpol":"18R1","regionpol":"PUNO","cod_cpnp":"8394","comisaria":"CPNP SAN MIGUEL","tipo":"B","categoria":"PUNO","cod_uni":"226574","cod_divpol":"18R1A","divpol":"DIVOPUS JULIACA","departamento":"PUNO","provincia":"SAN ROMAN","distrito":"SAN MIGUEL"},"geometry":{"type":"Point","coordinates":[-70.11982840099995,-15.469987187999948]}},{"type":"Feature","properties":{"cod_regpol":"13R1","regionpol":"LIMA CENTRO","cod_cpnp":"1855","comisaria":"CPNP INDEPENDENCIA","tipo":"A","categoria":"LIMAMETRO","cod_uni":"219719","cod_divpol":"13R1E","divpol":"DIVPOL NORTE 2","departamento":"LIMA","provincia":"LIMA","distrito":"INDEPENDENCIA"},"geometry":{"type":"Point","coordinates":[-77.05476699999997,-11.996222000999978]}},{"type":"Feature","properties":{"cod_regpol":"13R1","regionpol":"LIMA CENTRO","cod_cpnp":"1860","comisaria":"CPNP PAYET","tipo":"B","categoria":"LIMAMETRO","cod_uni":"219722","cod_divpol":"13R1E","divpol":"DIVPOL NORTE 2","departamento":"LIMA","provincia":"LIMA","distrito":"INDEPENDENCIA"},"geometry":{"type":"Point","coordinates":[-77.04375061699994,-11.971942102999947]}},{"type":"Feature","properties":{"cod_regpol":"13R1","regionpol":"LIMA CENTRO","cod_cpnp":"1865","comisaria":"CPNP TAHUANTINSUYO","tipo":"B","categoria":"LIMAMETRO","cod_uni":"219725","cod_divpol":"13R1E","divpol":"DIVPOL NORTE 2","departamento":"LIMA","provincia":"LIMA","distrito":"INDEPENDENCIA"},"geometry":{"type":"Point","coordinates":[-77.04887442999996,-11.980455589999963]}},{"type":"Feature","properties":{"cod_regpol":"07R1","regionpol":"CUSCO","cod_cpnp":"3480","comisaria":"CPNP TAHUANTINSUYO","tipo":"B","categoria":"CUSCO","cod_uni":"218160","cod_divpol":"07R1B","divpol":"DIVOPUS CUSCO","departamento":"CUSCO","provincia":"CUSCO","distrito":"CUSCO"},"geometry":{"type":"Point","coordinates":[-71.95920656999994,-13.519032349999975]}},{"type":"Feature","properties":{"cod_regpol":"07R1","regionpol":"CUSCO","cod_cpnp":"3475","comisaria":"CPNP CUSCO","tipo":"A","categoria":"CUSCO","cod_uni":"218151","cod_divpol":"07R1B","divpol":"DIVOPUS CUSCO","departamento":"CUSCO","provincia":"CUSCO","distrito":"CUSCO"},"geometry":{"type":"Point","coordinates":[-71.98148223999993,-13.514733659999933]}},{"type":"Feature","properties":{"cod_regpol":"07R1","regionpol":"CUSCO","cod_cpnp":"3484","comisaria":"CPNP INDEPENDENCIA","tipo":"C","categoria":"CUSCO","cod_uni":"218178","cod_divpol":"07R1B","divpol":"DIVOPUS CUSCO","departamento":"CUSCO","provincia":"CUSCO","distrito":"CUSCO"},"geometry":{"type":"Point","coordinates":[-71.99174368999996,-13.524056439999981]}},{"type":"Feature","properties":{"cod_regpol":"07R1","regionpol":"CUSCO","cod_cpnp":"3486","comisaria":"CPNP SIPASPUCYO","tipo":"C","categoria":"CUSCO","cod_uni":"218154","cod_divpol":"07R1B","divpol":"DIVOPUS CUSCO","departamento":"CUSCO","provincia":"CUSCO","distrito":"CUSCO"},"geometry":{"type":"Point","coordinates":[-71.98794244999993,-13.521501158999968]}},{"type":"Feature","properties":{"cod_regpol":"11R1","regionpol":"LA LIBERTAD","cod_cpnp":"1085","comisaria":"CPNP AYACUCHO","tipo":"A","categoria":"LA LIBERTAD","cod_uni":"216943","cod_divpol":"11R1B","divpol":"DIVPOL TRUJILLO","departamento":"LA LIBERTAD","provincia":"TRUJILLO","distrito":"TRUJILLO"},"geometry":{"type":"Point","coordinates":[-79.02636500099999,-8.114033000999939]}},{"type":"Feature","properties":{"cod_regpol":"11R1","regionpol":"LA LIBERTAD","cod_cpnp":"1082","comisaria":"CPNP LA NORIA","tipo":"A","categoria":"LA LIBERTAD","cod_uni":"216940","cod_divpol":"11R1B","divpol":"DIVPOL TRUJILLO","departamento":"LA LIBERTAD","provincia":"TRUJILLO","distrito":"TRUJILLO"},"geometry":{"type":"Point","coordinates":[-79.01033734999999,-8.103519080999945]}},{"type":"Feature","properties":{"cod_regpol":"11R1","regionpol":"LA LIBERTAD","cod_cpnp":"1088","comisaria":"CPNP EL ALAMBRE","tipo":"A","categoria":"LA LIBERTAD","cod_uni":"216946","cod_divpol":"11R1B","divpol":"DIVPOL TRUJILLO","departamento":"LA LIBERTAD","provincia":"TRUJILLO","distrito":"TRUJILLO"},"geometry":{"type":"Point","coordinates":[-79.03946915999995,-8.107207818999939]}},{"type":"Feature","properties":{"cod_regpol":"18R1","regionpol":"PUNO","cod_cpnp":"4600","comisaria":"CPNP AZANGARO","tipo":"A","categoria":"PUNO","cod_uni":"219341","cod_divpol":"18R1A","divpol":"DIVOPUS JULIACA","departamento":"PUNO","provincia":"AZANGARO","distrito":"AZANGARO"},"geometry":{"type":"Point","coordinates":[-70.19648357999995,-14.909596889999932]}},{"type":"Feature","properties":{"cod_regpol":"13R1","regionpol":"LIMA CENTRO","cod_cpnp":"2304","comisaria":"CPNP LURIN","tipo":"A","categoria":"LIMAMETRO","cod_uni":"220192","cod_divpol":"13R1O","divpol":"DIVPOL SUR 3","departamento":"LIMA","provincia":"LIMA","distrito":"LURIN"},"geometry":{"type":"Point","coordinates":[-76.86927618299995,-12.27363547799996]}},{"type":"Feature","properties":{"cod_regpol":"08R1","regionpol":"HUANUCO","cod_cpnp":"5900","comisaria":"CPNP HUANUCO","tipo":"A","categoria":"HUANUCO","cod_uni":"217480","cod_divpol":"08R1B","divpol":"DIVOPUS HUANUCO","departamento":"HUANUCO","provincia":"HUANUCO","distrito":"HUANUCO"},"geometry":{"type":"Point","coordinates":[-76.23943043999998,-9.926244508999957]}},{"type":"Feature","properties":{"cod_regpol":"13R1","regionpol":"LIMA CENTRO","cod_cpnp":"2105","comisaria":"CPNP BAYOVAR","tipo":"B","categoria":"LIMAMETRO","cod_uni":"219976","cod_divpol":"13R1K","divpol":"DIVPOL ESTE 1","departamento":"LIMA","provincia":"LIMA","distrito":"SAN JUAN DE LURIGANCHO"},"geometry":{"type":"Point","coordinates":[-76.99171112899995,-11.952227042999937]}},{"type":"Feature","properties":{"cod_regpol":"13R1","regionpol":"LIMA CENTRO","cod_cpnp":"2075","comisaria":"CPNP CAJA DE AGUA","tipo":"B","categoria":"LIMAMETRO","cod_uni":"219958","cod_divpol":"13R1K","divpol":"DIVPOL ESTE 1","departamento":"LIMA","provincia":"LIMA","distrito":"SAN JUAN DE LURIGANCHO"},"geometry":{"type":"Point","coordinates":[-77.01570824399994,-12.025977590999958]}},{"type":"Feature","properties":{"cod_regpol":"13R1","regionpol":"LIMA CENTRO","cod_cpnp":"2090","comisaria":"CPNP CANTO REY","tipo":"B","categoria":"LIMAMETRO","cod_uni":"219967","cod_divpol":"13R1K","divpol":"DIVPOL ESTE 1","departamento":"LIMA","provincia":"LIMA","distrito":"SAN JUAN DE LURIGANCHO"},"geometry":{"type":"Point","coordinates":[-76.99605102799995,-11.975382464999939]}},{"type":"Feature","properties":{"cod_regpol":"13R1","regionpol":"LIMA CENTRO","cod_cpnp":"2095","comisaria":"CPNP 10 DE OCTUBRE","tipo":"B","categoria":"LIMAMETRO","cod_uni":"219970","cod_divpol":"13R1K","divpol":"DIVPOL ESTE 1","departamento":"LIMA","provincia":"LIMA","distrito":"SAN JUAN DE LURIGANCHO"},"geometry":{"type":"Point","coordinates":[-76.98844202199996,-11.944620705999967]}},{"type":"Feature","properties":{"cod_regpol":"13R1","regionpol":"LIMA CENTRO","cod_cpnp":"2080","comisaria":"CPNP LA HUAYRONA","tipo":"B","categoria":"LIMAMETRO","cod_uni":"219961","cod_divpol":"13R1K","divpol":"DIVPOL ESTE 1","departamento":"LIMA","provincia":"LIMA","distrito":"SAN JUAN DE LURIGANCHO"},"geometry":{"type":"Point","coordinates":[-77.00694287099998,-11.994199659999936]}},{"type":"Feature","properties":{"cod_regpol":"13R1","regionpol":"LIMA CENTRO","cod_cpnp":"2100","comisaria":"CPNP MARISCAL CACERES","tipo":"B","categoria":"LIMAMETRO","cod_uni":"219973","cod_divpol":"13R1K","divpol":"DIVPOL ESTE 1","departamento":"LIMA","provincia":"LIMA","distrito":"SAN JUAN DE LURIGANCHO"},"geometry":{"type":"Point","coordinates":[-76.98101700299998,-11.949195072999942]}},{"type":"Feature","properties":{"cod_regpol":"13R1","regionpol":"LIMA CENTRO","cod_cpnp":"2085","comisaria":"CPNP SANTA ELIZABETH","tipo":"B","categoria":"LIMAMETRO","cod_uni":"219964","cod_divpol":"13R1K","divpol":"DIVPOL ESTE 1","departamento":"LIMA","provincia":"LIMA","distrito":"SAN JUAN DE LURIGANCHO"},"geometry":{"type":"Point","coordinates":[-77.01504079899996,-11.983831427999974]}},{"type":"Feature","properties":{"cod_regpol":"13R1","regionpol":"LIMA CENTRO","cod_cpnp":"2070","comisaria":"CPNP ZARATE","tipo":"A","categoria":"LIMAMETRO","cod_uni":"219955","cod_divpol":"13R1K","divpol":"DIVPOL ESTE 1","departamento":"LIMA","provincia":"LIMA","distrito":"SAN JUAN DE LURIGANCHO"},"geometry":{"type":"Point","coordinates":[-77.00127251399994,-12.027035422999973]}},{"type":"Feature","properties":{"cod_regpol":"13R1","regionpol":"LIMA CENTRO","cod_cpnp":"7650","comisaria":"CPNP SAN ANTONIO DE JICAMARCA","tipo":"B","categoria":"PROVINCIA","cod_uni":"219985","cod_divpol":"13R1K","divpol":"DIVPOL ESTE 1","departamento":"LIMA","provincia":"LIMA","distrito":"SAN JUAN DE LURIGANCHO"},"geometry":{"type":"Point","coordinates":[-76.96160956899996,-11.92550773499994]}},{"type":"Feature","properties":{"cod_regpol":"19R1","regionpol":"AMAZONAS","cod_cpnp":"1410","comisaria":"CPNP CHACHAPOYAS","tipo":"A","categoria":"AMAZONAS","cod_uni":"222006","cod_divpol":"19R1A","divpol":"DIVOPUS AMAZONAS","departamento":"AMAZONAS","provincia":"CHACHAPOYAS","distrito":"CHACHAPOYAS"},"geometry":{"type":"Point","coordinates":[-77.87488764699998,-6.229830654999944]}},{"type":"Feature","properties":{"cod_regpol":"19R1","regionpol":"AMAZONAS","cod_cpnp":"1515","comisaria":"CPNP BAGUA","tipo":"B","categoria":"AMAZONAS","cod_uni":"222044","cod_divpol":"19R1A","divpol":"DIVOPUS AMAZONAS","departamento":"AMAZONAS","provincia":"BAGUA","distrito":"BAGUA"},"geometry":{"type":"Point","coordinates":[-78.53097940199996,-5.6388874859999305]}},{"type":"Feature","properties":{"cod_regpol":"10R2","regionpol":"JUNIN","cod_cpnp":"7825","comisaria":"CPNP CHUPACA","tipo":"A","categoria":"JUNIN","cod_uni":"217891","cod_divpol":"10R2A","divpol":"DIVOPUS HUANCAYO","departamento":"JUNIN","provincia":"CHUPACA","distrito":"CHUPACA"},"geometry":{"type":"Point","coordinates":[-75.28797106999997,-12.06007485999993]}},{"type":"Feature","properties":{"cod_regpol":"10R2","regionpol":"JUNIN","cod_cpnp":"7820","comisaria":"CPNP YAULI - LA OROYA","tipo":"A","categoria":"JUNIN","cod_uni":"217885","cod_divpol":"10R2A","divpol":"DIVOPUS HUANCAYO","departamento":"JUNIN","provincia":"YAULI","distrito":"LA OROYA"},"geometry":{"type":"Point","coordinates":[-75.90908702899998,-11.522473529999957]}},{"type":"Feature","properties":{"cod_regpol":"10R2","regionpol":"JUNIN","cod_cpnp":"7830","comisaria":"CPNP TARMA","tipo":"A","categoria":"JUNIN","cod_uni":"217919","cod_divpol":"10R2B","divpol":"DIVOPUS CHANCHAMAYO","departamento":"JUNIN","provincia":"TARMA","distrito":"TARMA"},"geometry":{"type":"Point","coordinates":[-75.68687509999995,-11.418956169999944]}},{"type":"Feature","properties":{"cod_regpol":"13R1","regionpol":"LIMA CENTRO","cod_cpnp":"2185","comisaria":"CPNP ORRANTIA DEL MAR","tipo":"B","categoria":"LIMAMETRO","cod_uni":"220069","cod_divpol":"13R1I","divpol":"DIVPOL SUR 1","departamento":"LIMA","provincia":"LIMA","distrito":"SAN ISIDRO"},"geometry":{"type":"Point","coordinates":[-77.05718596199995,-12.104494554999974]}},{"type":"Feature","properties":{"cod_regpol":"13R1","regionpol":"LIMA CENTRO","cod_cpnp":"2217","comisaria":"CPNP SAN ISIDRO","tipo":"A","categoria":"LIMAMETRO","cod_uni":"220066","cod_divpol":"13R1I","divpol":"DIVPOL SUR 1","departamento":"LIMA","provincia":"LIMA","distrito":"SAN ISIDRO"},"geometry":{"type":"Point","coordinates":[-77.03231895099998,-12.094973608999965]}},{"type":"Feature","properties":{"cod_regpol":"13R1","regionpol":"LIMA CENTRO","cod_cpnp":"2210","comisaria":"CPNP MONTERRICO","tipo":"B","categoria":"LIMAMETRO","cod_uni":"220084","cod_divpol":"13R1I","divpol":"DIVPOL SUR 1","departamento":"LIMA","provincia":"LIMA","distrito":"SANTIAGO DE SURCO"},"geometry":{"type":"Point","coordinates":[-76.97348728199995,-12.09480143199994]}},{"type":"Feature","properties":{"cod_regpol":"13R1","regionpol":"LIMA CENTRO","cod_cpnp":"2205","comisaria":"CPNP SURCO","tipo":"A","categoria":"LIMAMETRO","cod_uni":"220081","cod_divpol":"13R1I","divpol":"DIVPOL SUR 1","departamento":"LIMA","provincia":"LIMA","distrito":"SANTIAGO DE SURCO"},"geometry":{"type":"Point","coordinates":[-77.00303338099997,-12.145322705999945]}},{"type":"Feature","properties":{"cod_regpol":"13R1","regionpol":"LIMA CENTRO","cod_cpnp":"2212","comisaria":"CPNP SAGITARIO","tipo":"B","categoria":"LIMAMETRO","cod_uni":"220087","cod_divpol":"13R1I","divpol":"DIVPOL SUR 1","departamento":"LIMA","provincia":"LIMA","distrito":"SANTIAGO DE SURCO"},"geometry":{"type":"Point","coordinates":[-76.99673869399999,-12.164858850999963]}},{"type":"Feature","properties":{"cod_regpol":"13R1","regionpol":"LIMA CENTRO","cod_cpnp":"2245","comisaria":"CPNP LADERAS DE VILLA","tipo":"B","categoria":"LIMAMETRO","cod_uni":"220130","cod_divpol":"13R1N","divpol":"DIVPOL SUR 2","departamento":"LIMA","provincia":"LIMA","distrito":"SAN JUAN DE MIRAFLORES"},"geometry":{"type":"Point","coordinates":[-76.95757709699996,-12.190670310999963]}},{"type":"Feature","properties":{"cod_regpol":"13R1","regionpol":"LIMA CENTRO","cod_cpnp":"2260","comisaria":"CPNP PAMPLONA II","tipo":"B","categoria":"LIMAMETRO","cod_uni":"220139","cod_divpol":"13R1N","divpol":"DIVPOL SUR 2","departamento":"LIMA","provincia":"LIMA","distrito":"SAN JUAN DE MIRAFLORES"},"geometry":{"type":"Point","coordinates":[-76.95789012699998,-12.13102564299993]}},{"type":"Feature","properties":{"cod_regpol":"13R1","regionpol":"LIMA CENTRO","cod_cpnp":"2255","comisaria":"CPNP PAMPLONA I","tipo":"B","categoria":"LIMAMETRO","cod_uni":"220136","cod_divpol":"13R1N","divpol":"DIVPOL SUR 2","departamento":"LIMA","provincia":"LIMA","distrito":"SAN JUAN DE MIRAFLORES"},"geometry":{"type":"Point","coordinates":[-76.96607199599998,-12.14811909499997]}},{"type":"Feature","properties":{"cod_regpol":"13R1","regionpol":"LIMA CENTRO","cod_cpnp":"2250","comisaria":"CPNP SAN JUAN DE MIRAFLORES","tipo":"A","categoria":"LIMAMETRO","cod_uni":"220133","cod_divpol":"13R1N","divpol":"DIVPOL SUR 2","departamento":"LIMA","provincia":"LIMA","distrito":"SAN JUAN DE MIRAFLORES"},"geometry":{"type":"Point","coordinates":[-76.97533511999995,-12.157939780999982]}},{"type":"Feature","properties":{"cod_regpol":"09R1","regionpol":"ICA","cod_cpnp":"5355","comisaria":"CPNP CHINCHA","tipo":"A","categoria":"ICA","cod_uni":"225865","cod_divpol":"09R1A","divpol":"DIVPOL CHINCHA","departamento":"ICA","provincia":"CHINCHA","distrito":"CHINCHA ALTA"},"geometry":{"type":"Point","coordinates":[-76.13278615499996,-13.416936428999975]}},{"type":"Feature","properties":{"cod_regpol":"21R1","regionpol":"TUMBES","cod_cpnp":"5820","comisaria":"CPNP ZARUMILLA","tipo":"A","categoria":"TUMBES","cod_uni":"223144","cod_divpol":"21R1A","divpol":"DIVOPUS TUMBES","departamento":"TUMBES","provincia":"ZARUMILLA","distrito":"ZARUMILLA"},"geometry":{"type":"Point","coordinates":[-80.27596502899996,-3.5016800299999318]}},{"type":"Feature","properties":{"cod_regpol":"13R1","regionpol":"LIMA CENTRO","cod_cpnp":"2314","comisaria":"CPNP SANTA MARIA DEL MAR","tipo":"C","categoria":"LIMAMETRO","cod_uni":"220207","cod_divpol":"13R1O","divpol":"DIVPOL SUR 3","departamento":"LIMA","provincia":"LIMA","distrito":"SANTA MARIA DEL MAR"},"geometry":{"type":"Point","coordinates":[-76.77306893999997,-12.399730812999962]}},{"type":"Feature","properties":{"cod_regpol":"13R1","regionpol":"LIMA CENTRO","cod_cpnp":"2225","comisaria":"CPNP BARRANCO","tipo":"A","categoria":"LIMAMETRO","cod_uni":"220151","cod_divpol":"13R1N","divpol":"DIVPOL SUR 2","departamento":"LIMA","provincia":"LIMA","distrito":"BARRANCO"},"geometry":{"type":"Point","coordinates":[-77.02266680399998,-12.14625375099996]}},{"type":"Feature","properties":{"cod_regpol":"13R1","regionpol":"LIMA CENTRO","cod_cpnp":"1856","comisaria":"CPNP LA UNIFICADA","tipo":"C","categoria":"LIMAMETRO","cod_uni":"219716","cod_divpol":"13R1E","divpol":"DIVPOL NORTE 2","departamento":"LIMA","provincia":"LIMA","distrito":"RIMAC"},"geometry":{"type":"Point","coordinates":[-77.04920129999994,-12.013691322999932]}},{"type":"Feature","properties":{"cod_regpol":"09R1","regionpol":"ICA","cod_cpnp":"5300","comisaria":"CPNP ICA","tipo":"A","categoria":"ICA","cod_uni":"223525","cod_divpol":"09R1B","divpol":"DIVOPUS ICA","departamento":"ICA","provincia":"ICA","distrito":"ICA"},"geometry":{"type":"Point","coordinates":[-75.73277174399993,-14.06987804299996]}},{"type":"Feature","properties":{"cod_regpol":"13R1","regionpol":"LIMA CENTRO","cod_cpnp":"2309","comisaria":"CPNP VILLA ALEJANDRO","tipo":"B","categoria":"LIMAMETRO","cod_uni":"220195","cod_divpol":"13R1O","divpol":"DIVPOL SUR 3","departamento":"LIMA","provincia":"LIMA","distrito":"VILLA MARIA DEL TRIUNFO"},"geometry":{"type":"Point","coordinates":[-76.90754466299995,-12.234034941999937]}},{"type":"Feature","properties":{"cod_regpol":"13R1","regionpol":"LIMA CENTRO","cod_cpnp":"2300","comisaria":"CPNP SAN FRANCISCO TABLADA DE LURIN","tipo":"B","categoria":"LIMAMETRO","cod_uni":"220186","cod_divpol":"13R1O","divpol":"DIVPOL SUR 3","departamento":"LIMA","provincia":"LIMA","distrito":"VILLA MARIA DEL TRIUNFO"},"geometry":{"type":"Point","coordinates":[-76.92808209399999,-12.200025400999948]}},{"type":"Feature","properties":{"cod_regpol":"13R1","regionpol":"LIMA CENTRO","cod_cpnp":"2285","comisaria":"CPNP JOSE CARLOS MARIATEGUI","tipo":"B","categoria":"LIMAMETRO","cod_uni":"220177","cod_divpol":"13R1O","divpol":"DIVPOL SUR 3","departamento":"LIMA","provincia":"LIMA","distrito":"VILLA MARIA DEL TRIUNFO"},"geometry":{"type":"Point","coordinates":[-76.95030933399994,-12.149501924999981]}},{"type":"Feature","properties":{"cod_regpol":"13R1","regionpol":"LIMA CENTRO","cod_cpnp":"2290","comisaria":"CPNP JOSE GALVEZ","tipo":"B","categoria":"LIMAMETRO","cod_uni":"220180","cod_divpol":"13R1O","divpol":"DIVPOL SUR 3","departamento":"LIMA","provincia":"LIMA","distrito":"VILLA MARIA DEL TRIUNFO"},"geometry":{"type":"Point","coordinates":[-76.90643185499994,-12.207710264999946]}},{"type":"Feature","properties":{"cod_regpol":"13R1","regionpol":"LIMA CENTRO","cod_cpnp":"2295","comisaria":"CPNP NUEVA ESPERANZA","tipo":"B","categoria":"LIMAMETRO","cod_uni":"220183","cod_divpol":"13R1O","divpol":"DIVPOL SUR 3","departamento":"LIMA","provincia":"LIMA","distrito":"VILLA MARIA DEL TRIUNFO"},"geometry":{"type":"Point","coordinates":[-76.92069769499994,-12.16658072499996]}},{"type":"Feature","properties":{"cod_regpol":"13R1","regionpol":"LIMA CENTRO","cod_cpnp":"2280","comisaria":"CPNP VILLA MARIA DEL TRIUNFO","tipo":"A","categoria":"LIMAMETRO","cod_uni":"220174","cod_divpol":"13R1O","divpol":"DIVPOL SUR 3","departamento":"LIMA","provincia":"LIMA","distrito":"VILLA MARIA DEL TRIUNFO"},"geometry":{"type":"Point","coordinates":[-76.94771538499998,-12.165781807999963]}},{"type":"Feature","properties":{"cod_regpol":"02R1","regionpol":"APURIMAC","cod_cpnp":"5489","comisaria":"CPNP ABANCAY","tipo":"A","categoria":"APURIMAC","cod_uni":"223401","cod_divpol":"02R1B","divpol":"DIVOPUS ABANCAY","departamento":"APURIMAC","provincia":"ABANCAY","distrito":"ABANCAY"},"geometry":{"type":"Point","coordinates":[-72.87780761999994,-13.636657551999974]}},{"type":"Feature","properties":{"cod_regpol":"02R1","regionpol":"APURIMAC","cod_cpnp":"5404","comisaria":"CPNP BELLAVISTA","tipo":"B","categoria":"APURIMAC","cod_uni":"223424","cod_divpol":"02R1B","divpol":"DIVOPUS ABANCAY","departamento":"APURIMAC","provincia":"ABANCAY","distrito":"ABANCAY"},"geometry":{"type":"Point","coordinates":[-72.89771984999999,-13.63703365999993]}},{"type":"Feature","properties":{"cod_regpol":"02R1","regionpol":"APURIMAC","cod_cpnp":"5411","comisaria":"CPNP VILLA AMPAY","tipo":"C","categoria":"APURIMAC","cod_uni":"223427","cod_divpol":"02R1B","divpol":"DIVOPUS ABANCAY","departamento":"APURIMAC","provincia":"ABANCAY","distrito":"ABANCAY"},"geometry":{"type":"Point","coordinates":[-72.88475976999996,-13.631767579999973]}},{"type":"Feature","properties":{"cod_regpol":"13R1","regionpol":"LIMA CENTRO","cod_cpnp":"2215","comisaria":"CPNP MIRAFLORES","tipo":"A","categoria":"LIMAMETRO","cod_uni":"220090","cod_divpol":"13R1I","divpol":"DIVPOL SUR 1","departamento":"LIMA","provincia":"LIMA","distrito":"MIRAFLORES"},"geometry":{"type":"Point","coordinates":[-77.02812017599996,-12.11465075999996]}},{"type":"Feature","properties":{"cod_regpol":"13R1","regionpol":"LIMA CENTRO","cod_cpnp":"2316","comisaria":"CPNP PUCUSANA","tipo":"B","categoria":"LIMAMETRO","cod_uni":"220210","cod_divpol":"13R1O","divpol":"DIVPOL SUR 3","departamento":"LIMA","provincia":"LIMA","distrito":"PUCUSANA"},"geometry":{"type":"Point","coordinates":[-76.79644350099994,-12.482700841999929]}},{"type":"Feature","properties":{"cod_regpol":"13R1","regionpol":"LIMA CENTRO","cod_cpnp":"2310","comisaria":"CPNP PUNTA NEGRA","tipo":"B","categoria":"LIMAMETRO","cod_uni":"220201","cod_divpol":"13R1O","divpol":"DIVPOL SUR 3","departamento":"LIMA","provincia":"LIMA","distrito":"PUNTA NEGRA"},"geometry":{"type":"Point","coordinates":[-76.79569576799997,-12.364128118999929]}},{"type":"Feature","properties":{"cod_regpol":"13R1","regionpol":"LIMA CENTRO","cod_cpnp":"2275","comisaria":"CPNP URBANIZACION PACHACAMAC","tipo":"B","categoria":"LIMAMETRO","cod_uni":"220148","cod_divpol":"13R1N","divpol":"DIVPOL SUR 2","departamento":"LIMA","provincia":"LIMA","distrito":"VILLA EL SALVADOR"},"geometry":{"type":"Point","coordinates":[-76.92306849699997,-12.230144983999935]}},{"type":"Feature","properties":{"cod_regpol":"13R1","regionpol":"LIMA CENTRO","cod_cpnp":"2270","comisaria":"CPNP VILLA EL SALVADOR","tipo":"A","categoria":"LIMAMETRO","cod_uni":"220145","cod_divpol":"13R1N","divpol":"DIVPOL SUR 2","departamento":"LIMA","provincia":"LIMA","distrito":"VILLA EL SALVADOR"},"geometry":{"type":"Point","coordinates":[-76.93766209299997,-12.213158848999967]}},{"type":"Feature","properties":{"cod_regpol":"13R1","regionpol":"LIMA CENTRO","cod_cpnp":"2308","comisaria":"CPNP PUNTA HERMOSA","tipo":"B","categoria":"LIMAMETRO","cod_uni":"220198","cod_divpol":"13R1O","divpol":"DIVPOL SUR 3","departamento":"LIMA","provincia":"LIMA","distrito":"PUNTA HERMOSA"},"geometry":{"type":"Point","coordinates":[-76.83715132799995,-12.312295597999935]}},{"type":"Feature","properties":{"cod_regpol":"13R1","regionpol":"LIMA CENTRO","cod_cpnp":"2312","comisaria":"CPNP SAN BARTOLO","tipo":"B","categoria":"LIMAMETRO","cod_uni":"220204","cod_divpol":"13R1O","divpol":"DIVPOL SUR 3","departamento":"LIMA","provincia":"LIMA","distrito":"SAN BARTOLO"},"geometry":{"type":"Point","coordinates":[-76.77751366699994,-12.387478388999966]}},{"type":"Feature","properties":{"cod_regpol":"07R1","regionpol":"CUSCO","cod_cpnp":"3657","comisaria":"CPNP YAURISQUE","tipo":"D","categoria":"CUSCO","cod_uni":"218255","cod_divpol":"07R1B","divpol":"DIVOPUS CUSCO","departamento":"CUSCO","provincia":"PARURO","distrito":"YAURISQUE"},"geometry":{"type":"Point","coordinates":[-71.92305857999997,-13.660865109999975]}},{"type":"Feature","properties":{"cod_regpol":"10R2","regionpol":"JUNIN","cod_cpnp":"3000","comisaria":"CPNP HUANCAYO","tipo":"A","categoria":"JUNIN","cod_uni":"217830","cod_divpol":"10R2A","divpol":"DIVOPUS HUANCAYO","departamento":"JUNIN","provincia":"HUANCAYO","distrito":"HUANCAYO"},"geometry":{"type":"Point","coordinates":[-75.20747576699995,-12.064513055999953]}},{"type":"Feature","properties":{"cod_regpol":"13R1","regionpol":"LIMA CENTRO","cod_cpnp":"2302","comisaria":"CPNP PACHACAMAC","tipo":"B","categoria":"LIMAMETRO","cod_uni":"220189","cod_divpol":"13R1O","divpol":"DIVPOL SUR 3","departamento":"LIMA","provincia":"LIMA","distrito":"PACHACAMAC"},"geometry":{"type":"Point","coordinates":[-76.85830413999997,-12.227767351999944]}},{"type":"Feature","properties":{"cod_regpol":"13R1","regionpol":"LIMA CENTRO","cod_cpnp":"2165","comisaria":"CPNP JICAMARCA","tipo":"A","categoria":"LIMAMETRO","cod_uni":"219982","cod_divpol":"13R1K","divpol":"DIVPOL ESTE 1","departamento":"LIMA","provincia":"LIMA","distrito":"LURIGANCHO"},"geometry":{"type":"Point","coordinates":[-76.94382197699997,-11.980578411999943]}},{"type":"Feature","properties":{"cod_regpol":"13R1","regionpol":"LIMA CENTRO","cod_cpnp":"2170","comisaria":"CPNP HUACHIPA","tipo":"B","categoria":"LIMAMETRO","cod_uni":"219979","cod_divpol":"13R1K","divpol":"DIVPOL ESTE 1","departamento":"LIMA","provincia":"LIMA","distrito":"LURIGANCHO"},"geometry":{"type":"Point","coordinates":[-76.93745235199998,-12.01461986399994]}},{"type":"Feature","properties":{"cod_regpol":"11R1","regionpol":"LA LIBERTAD","cod_cpnp":"1236","comisaria":"CPNP CHEPEN","tipo":"B","categoria":"LA LIBERTAD","cod_uni":"217063","cod_divpol":"11R1A","divpol":"DIVPOL PAIJAN","departamento":"LA LIBERTAD","provincia":"CHEPEN","distrito":"CHEPEN"},"geometry":{"type":"Point","coordinates":[-79.42438744999998,-7.231895559999941]}},{"type":"Feature","properties":{"cod_regpol":"11R1","regionpol":"LA LIBERTAD","cod_cpnp":"1248","comisaria":"CPNP TALAMBO","tipo":"E","categoria":"LA LIBERTAD","cod_uni":"217070","cod_divpol":"11R1A","divpol":"DIVPOL PAIJAN","departamento":"LA LIBERTAD","provincia":"CHEPEN","distrito":"CHEPEN"},"geometry":{"type":"Point","coordinates":[-79.39861510999998,-7.241775559999951]}},{"type":"Feature","properties":{"cod_regpol":"05R1","regionpol":"CAJAMARCA","cod_cpnp":"5116","comisaria":"CPNP CHOTA","tipo":"A","categoria":"CAJAMARCA","cod_uni":"223281","cod_divpol":"05R1B","divpol":"DIVOPUS CAJAMARCA","departamento":"CAJAMARCA","provincia":"CHOTA","distrito":"CHOTA"},"geometry":{"type":"Point","coordinates":[-78.65590315899993,-6.560221048999949]}},{"type":"Feature","properties":{"cod_regpol":"05R1","regionpol":"CAJAMARCA","cod_cpnp":"5000","comisaria":"CPNP CENTRAL CAJAMARCA","tipo":"A","categoria":"CAJAMARCA","cod_uni":"223198","cod_divpol":"05R1B","divpol":"DIVOPUS CAJAMARCA","departamento":"CAJAMARCA","provincia":"CAJAMARCA","distrito":"CAJAMARCA"},"geometry":{"type":"Point","coordinates":[-78.51291169899997,-7.160194582999964]}},{"type":"Feature","properties":{"cod_regpol":"05R1","regionpol":"CAJAMARCA","cod_cpnp":"5006","comisaria":"CPNP SAN JOSE","tipo":"B","categoria":"CAJAMARCA","cod_uni":"223201","cod_divpol":"05R1B","divpol":"DIVOPUS CAJAMARCA","departamento":"CAJAMARCA","provincia":"CAJAMARCA","distrito":"CAJAMARCA"},"geometry":{"type":"Point","coordinates":[-78.51976383999994,-7.1501099509999335]}},{"type":"Feature","properties":{"cod_regpol":"05R1","regionpol":"CAJAMARCA","cod_cpnp":"5022","comisaria":"CPNP JESUS","tipo":"D","categoria":"CAJAMARCA","cod_uni":"223212","cod_divpol":"05R1B","divpol":"DIVOPUS CAJAMARCA","departamento":"CAJAMARCA","provincia":"CAJAMARCA","distrito":"JESUS"},"geometry":{"type":"Point","coordinates":[-78.37907243999996,-7.246976879999977]}},{"type":"Feature","properties":{"cod_regpol":"19R1","regionpol":"AMAZONAS","cod_cpnp":"1487","comisaria":"CPNP BAGUA GRANDE - UTCUBAMBA","tipo":"A","categoria":"AMAZONAS","cod_uni":"222027","cod_divpol":"19R1A","divpol":"DIVOPUS AMAZONAS","departamento":"AMAZONAS","provincia":"UTCUBAMBA","distrito":"BAGUA GRANDE"},"geometry":{"type":"Point","coordinates":[-78.44033176999994,-5.757112916999972]}},{"type":"Feature","properties":{"cod_regpol":"21R1","regionpol":"TUMBES","cod_cpnp":"5810","comisaria":"CPNP ANDRES ARAUJO MORAN","tipo":"C","categoria":"TUMBES","cod_uni":"223126","cod_divpol":"21R1A","divpol":"DIVOPUS TUMBES","departamento":"TUMBES","provincia":"TUMBES","distrito":"TUMBES"},"geometry":{"type":"Point","coordinates":[-80.42801679799999,-3.5600049709999553]}},{"type":"Feature","properties":{"cod_regpol":"21R1","regionpol":"TUMBES","cod_cpnp":"5800","comisaria":"CPNP SAN JOSE","tipo":"A","categoria":"TUMBES","cod_uni":"223123","cod_divpol":"21R1A","divpol":"DIVOPUS TUMBES","departamento":"TUMBES","provincia":"TUMBES","distrito":"TUMBES"},"geometry":{"type":"Point","coordinates":[-80.46026546999997,-3.563006519999931]}},{"type":"Feature","properties":{"cod_regpol":"21R1","regionpol":"TUMBES","cod_cpnp":"5806","comisaria":"CPNP EL TABLAZO","tipo":"C","categoria":"TUMBES","cod_uni":"223129","cod_divpol":"21R1A","divpol":"DIVOPUS TUMBES","departamento":"TUMBES","provincia":"TUMBES","distrito":"TUMBES"},"geometry":{"type":"Point","coordinates":[-80.45007248599995,-3.56827388399995]}},{"type":"Feature","properties":{"cod_regpol":"21R1","regionpol":"TUMBES","cod_cpnp":"5824","comisaria":"CPNP PUERTO PIZARRO","tipo":"C","categoria":"TUMBES","cod_uni":"223153","cod_divpol":"21R1A","divpol":"DIVOPUS TUMBES","departamento":"TUMBES","provincia":"TUMBES","distrito":"TUMBES"},"geometry":{"type":"Point","coordinates":[-80.39144647999996,-3.5031507899999497]}},{"type":"Feature","properties":{"cod_regpol":"21R1","regionpol":"TUMBES","cod_cpnp":"8397","comisaria":"CPNP PAMPA GRANDE","tipo":"D","categoria":"TUMBES","cod_uni":"226580","cod_divpol":"21R1A","divpol":"DIVOPUS TUMBES","departamento":"TUMBES","provincia":"TUMBES","distrito":"TUMBES"},"geometry":{"type":"Point","coordinates":[-80.45093417699997,-3.5784546889999547]}},{"type":"Feature","properties":{"cod_regpol":"07R1","regionpol":"CUSCO","cod_cpnp":"3654","comisaria":"CPNP OMACHA","tipo":"E","categoria":"CUSCO","cod_uni":"226500","cod_divpol":"07R1B","divpol":"DIVOPUS CUSCO","departamento":"CUSCO","provincia":"PARURO","distrito":"OMACHA"},"geometry":{"type":"Point","coordinates":[-71.75410530099998,-14.070614599999942]}},{"type":"Feature","properties":{"cod_regpol":"19R1","regionpol":"AMAZONAS","cod_cpnp":"1434","comisaria":"CPNP BALSAS","tipo":"D","categoria":"AMAZONAS","cod_uni":"222017","cod_divpol":"19R1A","divpol":"DIVOPUS AMAZONAS","departamento":"AMAZONAS","provincia":"CHACHAPOYAS","distrito":"BALSAS"},"geometry":{"type":"Point","coordinates":[-78.02904289999998,-6.845016199999975]}},{"type":"Feature","properties":{"cod_regpol":"19R1","regionpol":"AMAZONAS","cod_cpnp":"1437","comisaria":"CPNP CHUQUIBAMBA","tipo":"E","categoria":"AMAZONAS","cod_uni":"222015","cod_divpol":"19R1A","divpol":"DIVOPUS AMAZONAS","departamento":"AMAZONAS","provincia":"CHACHAPOYAS","distrito":"CHUQUIBAMBA"},"geometry":{"type":"Point","coordinates":[-77.85405914799998,-6.935122419999971]}},{"type":"Feature","properties":{"cod_regpol":"19R1","regionpol":"AMAZONAS","cod_cpnp":"1431","comisaria":"CPNP JALCA GRANDE","tipo":"E","categoria":"AMAZONAS","cod_uni":"222016","cod_divpol":"19R1A","divpol":"DIVOPUS AMAZONAS","departamento":"AMAZONAS","provincia":"CHACHAPOYAS","distrito":"LA JALCA"},"geometry":{"type":"Point","coordinates":[-77.81495239999998,-6.484444699999926]}},{"type":"Feature","properties":{"cod_regpol":"10R2","regionpol":"JUNIN","cod_cpnp":"3142","comisaria":"CPNP ACOBAMBA","tipo":"D","categoria":"JUNIN","cod_uni":"217924","cod_divpol":"10R2B","divpol":"DIVOPUS CHANCHAMAYO","departamento":"JUNIN","provincia":"TARMA","distrito":"ACOBAMBA"},"geometry":{"type":"Point","coordinates":[-75.65873383999997,-11.353156389999981]}},{"type":"Feature","properties":{"cod_regpol":"19R1","regionpol":"AMAZONAS","cod_cpnp":"1413","comisaria":"CPNP MOLINOPAMPA","tipo":"D","categoria":"AMAZONAS","cod_uni":"222010","cod_divpol":"19R1A","divpol":"DIVOPUS AMAZONAS","departamento":"AMAZONAS","provincia":"CHACHAPOYAS","distrito":"MOLINOPAMPA"},"geometry":{"type":"Point","coordinates":[-77.66858865999995,-6.209051908999925]}},{"type":"Feature","properties":{"cod_regpol":"07R1","regionpol":"CUSCO","cod_cpnp":"3516","comisaria":"CPNP HUAYLLABAMBA","tipo":"E","categoria":"CUSCO","cod_uni":"218196","cod_divpol":"07R1B","divpol":"DIVOPUS CUSCO","departamento":"CUSCO","provincia":"URUBAMBA","distrito":"HUAYLLABAMBA"},"geometry":{"type":"Point","coordinates":[-72.06475022999996,-13.338474749999932]}},{"type":"Feature","properties":{"cod_regpol":"19R1","regionpol":"AMAZONAS","cod_cpnp":"1526","comisaria":"CPNP EL MUYO","tipo":"E","categoria":"AMAZONAS","cod_uni":"222049","cod_divpol":"19R1A","divpol":"DIVOPUS AMAZONAS","departamento":"AMAZONAS","provincia":"BAGUA","distrito":"ARAMANGO"},"geometry":{"type":"Point","coordinates":[-78.45205319999997,-5.422880498999973]}},{"type":"Feature","properties":{"cod_regpol":"19R1","regionpol":"AMAZONAS","cod_cpnp":"1525","comisaria":"CPNP ARAMANGO","tipo":"E","categoria":"AMAZONAS","cod_uni":"222050","cod_divpol":"19R1A","divpol":"DIVOPUS AMAZONAS","departamento":"AMAZONAS","provincia":"BAGUA","distrito":"ARAMANGO"},"geometry":{"type":"Point","coordinates":[-78.43834969899996,-5.415784199999962]}},{"type":"Feature","properties":{"cod_regpol":"19R1","regionpol":"AMAZONAS","cod_cpnp":"1523","comisaria":"CPNP COPALLIN","tipo":"D","categoria":"AMAZONAS","cod_uni":"222048","cod_divpol":"19R1A","divpol":"DIVOPUS AMAZONAS","departamento":"AMAZONAS","provincia":"BAGUA","distrito":"COPALLIN"},"geometry":{"type":"Point","coordinates":[-78.42403599899995,-5.675090299999965]}},{"type":"Feature","properties":{"cod_regpol":"19R1","regionpol":"AMAZONAS","cod_cpnp":"1518","comisaria":"CPNP LA PECA","tipo":"E","categoria":"AMAZONAS","cod_uni":"222047","cod_divpol":"19R1A","divpol":"DIVOPUS AMAZONAS","departamento":"AMAZONAS","provincia":"BAGUA","distrito":"LA PECA"},"geometry":{"type":"Point","coordinates":[-78.43770129899997,-5.612525099999971]}},{"type":"Feature","properties":{"cod_regpol":"19R1","regionpol":"AMAZONAS","cod_cpnp":"1468","comisaria":"CPNP POMACOCHAS","tipo":"C","categoria":"AMAZONAS","cod_uni":"222071","cod_divpol":"19R1A","divpol":"DIVOPUS AMAZONAS","departamento":"AMAZONAS","provincia":"BONGARA","distrito":"FLORIDA"},"geometry":{"type":"Point","coordinates":[-77.97139629999998,-5.824761399999943]}},{"type":"Feature","properties":{"cod_regpol":"19R1","regionpol":"AMAZONAS","cod_cpnp":"1512","comisaria":"CPNP CAMPO REDONDO","tipo":"E","categoria":"AMAZONAS","cod_uni":"222042","cod_divpol":"19R1A","divpol":"DIVOPUS AMAZONAS","departamento":"AMAZONAS","provincia":"LUYA","distrito":"CAMPORREDONDO"},"geometry":{"type":"Point","coordinates":[-78.31900038499998,-6.215200164999942]}},{"type":"Feature","properties":{"cod_regpol":"19R1","regionpol":"AMAZONAS","cod_cpnp":"1455","comisaria":"CPNP COCABAMBA","tipo":"E","categoria":"AMAZONAS","cod_uni":"222066","cod_divpol":"19R1A","divpol":"DIVOPUS AMAZONAS","departamento":"AMAZONAS","provincia":"LUYA","distrito":"COCABAMBA"},"geometry":{"type":"Point","coordinates":[-78.00478079999993,-6.614381400999946]}},{"type":"Feature","properties":{"cod_regpol":"19R1","regionpol":"AMAZONAS","cod_cpnp":"1458","comisaria":"CPNP COLCAMAR","tipo":"E","categoria":"AMAZONAS","cod_uni":"222062","cod_divpol":"19R1A","divpol":"DIVOPUS AMAZONAS","departamento":"AMAZONAS","provincia":"LUYA","distrito":"COLCAMAR"},"geometry":{"type":"Point","coordinates":[-77.97295989899999,-6.299033299999962]}},{"type":"Feature","properties":{"cod_regpol":"19R1","regionpol":"AMAZONAS","cod_cpnp":"1459","comisaria":"CPNP INGUILPATA","tipo":"E","categoria":"AMAZONAS","cod_uni":"222064","cod_divpol":"19R1A","divpol":"DIVOPUS AMAZONAS","departamento":"AMAZONAS","provincia":"LUYA","distrito":"INGUILPATA"},"geometry":{"type":"Point","coordinates":[-77.95358749999997,-6.240138099999967]}},{"type":"Feature","properties":{"cod_regpol":"19R1","regionpol":"AMAZONAS","cod_cpnp":"1446","comisaria":"CPNP CRUZ VALQUI OROZCO - LUYA","tipo":"E","categoria":"AMAZONAS","cod_uni":"222058","cod_divpol":"19R1A","divpol":"DIVOPUS AMAZONAS","departamento":"AMAZONAS","provincia":"LUYA","distrito":"LUYA"},"geometry":{"type":"Point","coordinates":[-77.94428179999994,-6.163268500999948]}},{"type":"Feature","properties":{"cod_regpol":"19R1","regionpol":"AMAZONAS","cod_cpnp":"1505","comisaria":"CPNP OCALLI","tipo":"D","categoria":"AMAZONAS","cod_uni":"222043","cod_divpol":"19R1A","divpol":"DIVOPUS AMAZONAS","departamento":"AMAZONAS","provincia":"LUYA","distrito":"OCALLI"},"geometry":{"type":"Point","coordinates":[-78.26585380099993,-6.234885499999962]}},{"type":"Feature","properties":{"cod_regpol":"19R1","regionpol":"AMAZONAS","cod_cpnp":"1460","comisaria":"CPNP PIZUQUIA - PUEBLO NUEVO","tipo":"E","categoria":"AMAZONAS","cod_uni":"222067","cod_divpol":"19R1A","divpol":"DIVOPUS AMAZONAS","departamento":"AMAZONAS","provincia":"LUYA","distrito":"OCUMAL"},"geometry":{"type":"Point","coordinates":[-78.14117629999998,-6.374932000999934]}},{"type":"Feature","properties":{"cod_regpol":"19R1","regionpol":"AMAZONAS","cod_cpnp":"1452","comisaria":"CPNP COLLONCE","tipo":"E","categoria":"AMAZONAS","cod_uni":"222063","cod_divpol":"19R1A","divpol":"DIVOPUS AMAZONAS","departamento":"AMAZONAS","provincia":"LUYA","distrito":"OCUMAL"},"geometry":{"type":"Point","coordinates":[-78.21504888299995,-6.280462752999938]}},{"type":"Feature","properties":{"cod_regpol":"19R1","regionpol":"AMAZONAS","cod_cpnp":"1443","comisaria":"CPNP TINGO","tipo":"C","categoria":"AMAZONAS","cod_uni":"222059","cod_divpol":"19R1A","divpol":"DIVOPUS AMAZONAS","departamento":"AMAZONAS","provincia":"LUYA","distrito":"TINGO"},"geometry":{"type":"Point","coordinates":[-77.90567699999997,-6.379878700999939]}},{"type":"Feature","properties":{"cod_regpol":"19R1","regionpol":"AMAZONAS","cod_cpnp":"1473","comisaria":"CPNP HUAMBO","tipo":"E","categoria":"AMAZONAS","cod_uni":"222021","cod_divpol":"19R1A","divpol":"DIVOPUS AMAZONAS","departamento":"AMAZONAS","provincia":"RODRIGUEZ DE MENDOZA","distrito":"HUAMBO"},"geometry":{"type":"Point","coordinates":[-77.53834599999993,-6.42871877999994]}},{"type":"Feature","properties":{"cod_regpol":"05R1","regionpol":"CAJAMARCA","cod_cpnp":"5024","comisaria":"CPNP ASUNCION","tipo":"E","categoria":"CAJAMARCA","cod_uni":"223213","cod_divpol":"05R1B","divpol":"DIVOPUS CAJAMARCA","departamento":"CAJAMARCA","provincia":"CAJAMARCA","distrito":"ASUNCION"},"geometry":{"type":"Point","coordinates":[-78.51933493999996,-7.324125030999937]}},{"type":"Feature","properties":{"cod_regpol":"05R1","regionpol":"CAJAMARCA","cod_cpnp":"1008","comisaria":"CPNP YAUYUCAN","tipo":"E","categoria":"CAJAMARCA","cod_uni":"223269","cod_divpol":"05R1B","divpol":"DIVOPUS CAJAMARCA","departamento":"CAJAMARCA","provincia":"SANTA CRUZ","distrito":"YAUYUCAN"},"geometry":{"type":"Point","coordinates":[-78.81870180999994,-6.67713595999993]}},{"type":"Feature","properties":{"cod_regpol":"19R1","regionpol":"AMAZONAS","cod_cpnp":"1479","comisaria":"CPNP OMIA","tipo":"D","categoria":"AMAZONAS","cod_uni":"222025","cod_divpol":"19R1A","divpol":"DIVOPUS AMAZONAS","departamento":"AMAZONAS","provincia":"RODRIGUEZ DE MENDOZA","distrito":"OMIA"},"geometry":{"type":"Point","coordinates":[-77.39611109999998,-6.467521499999975]}},{"type":"Feature","properties":{"cod_regpol":"19R1","regionpol":"AMAZONAS","cod_cpnp":"1476","comisaria":"CPNP LIMABAMBA","tipo":"D","categoria":"AMAZONAS","cod_uni":"222022","cod_divpol":"19R1A","divpol":"DIVOPUS AMAZONAS","departamento":"AMAZONAS","provincia":"RODRIGUEZ DE MENDOZA","distrito":"LIMABAMBA"},"geometry":{"type":"Point","coordinates":[-77.49818919999996,-6.497991999999954]}},{"type":"Feature","properties":{"cod_regpol":"19R1","regionpol":"AMAZONAS","cod_cpnp":"1484","comisaria":"CPNP SANTA ROSA","tipo":"E","categoria":"AMAZONAS","cod_uni":"222023","cod_divpol":"19R1A","divpol":"DIVOPUS AMAZONAS","departamento":"AMAZONAS","provincia":"RODRIGUEZ DE MENDOZA","distrito":"SANTA ROSA"},"geometry":{"type":"Point","coordinates":[-77.45560800099997,-6.452912999999967]}},{"type":"Feature","properties":{"cod_regpol":"19R1","regionpol":"AMAZONAS","cod_cpnp":"1481","comisaria":"CPNP LONGAR","tipo":"E","categoria":"AMAZONAS","cod_uni":"222024","cod_divpol":"19R1A","divpol":"DIVOPUS AMAZONAS","departamento":"AMAZONAS","provincia":"RODRIGUEZ DE MENDOZA","distrito":"LONGAR"},"geometry":{"type":"Point","coordinates":[-77.54583859999997,-6.385507799999971]}},{"type":"Feature","properties":{"cod_regpol":"05R1","regionpol":"CAJAMARCA","cod_cpnp":"5020","comisaria":"CPNP MAGDALENA","tipo":"D","categoria":"CAJAMARCA","cod_uni":"223211","cod_divpol":"05R1B","divpol":"DIVOPUS CAJAMARCA","departamento":"CAJAMARCA","provincia":"CAJAMARCA","distrito":"MAGDALENA"},"geometry":{"type":"Point","coordinates":[-78.65652169999998,-7.251714989999925]}},{"type":"Feature","properties":{"cod_regpol":"19R1","regionpol":"AMAZONAS","cod_cpnp":"1508","comisaria":"CPNP EL MILAGRO","tipo":"C","categoria":"AMAZONAS","cod_uni":"222038","cod_divpol":"19R1A","divpol":"DIVOPUS AMAZONAS","departamento":"AMAZONAS","provincia":"UTCUBAMBA","distrito":"EL MILAGRO"},"geometry":{"type":"Point","coordinates":[-78.56066419999996,-5.637643799999978]}},{"type":"Feature","properties":{"cod_regpol":"05R1","regionpol":"CAJAMARCA","cod_cpnp":"5026","comisaria":"CPNP MATARA","tipo":"E","categoria":"CAJAMARCA","cod_uni":"223214","cod_divpol":"05R1B","divpol":"DIVOPUS CAJAMARCA","departamento":"CAJAMARCA","provincia":"CAJAMARCA","distrito":"MATARA"},"geometry":{"type":"Point","coordinates":[-78.25823852999997,-7.253535929999941]}},{"type":"Feature","properties":{"cod_regpol":"05R1","regionpol":"CAJAMARCA","cod_cpnp":"5012","comisaria":"CPNP SAN JUAN","tipo":"E","categoria":"CAJAMARCA","cod_uni":"223207","cod_divpol":"05R1B","divpol":"DIVOPUS CAJAMARCA","departamento":"CAJAMARCA","provincia":"CAJAMARCA","distrito":"SAN JUAN"},"geometry":{"type":"Point","coordinates":[-78.49814449999997,-7.292641058999948]}},{"type":"Feature","properties":{"cod_regpol":"19R1","regionpol":"AMAZONAS","cod_cpnp":"1490","comisaria":"CPNP CORRAL QUEMADO","tipo":"C","categoria":"AMAZONAS","cod_uni":"222032","cod_divpol":"19R1A","divpol":"DIVOPUS AMAZONAS","departamento":"AMAZONAS","provincia":"UTCUBAMBA","distrito":"CUMBA"},"geometry":{"type":"Point","coordinates":[-78.69027639999996,-5.754183399999931]}},{"type":"Feature","properties":{"cod_regpol":"19R1","regionpol":"AMAZONAS","cod_cpnp":"1499","comisaria":"CPNP CUMBA","tipo":"E","categoria":"AMAZONAS","cod_uni":"222036","cod_divpol":"19R1A","divpol":"DIVOPUS AMAZONAS","departamento":"AMAZONAS","provincia":"UTCUBAMBA","distrito":"CUMBA"},"geometry":{"type":"Point","coordinates":[-78.66518999999994,-5.933402300999944]}},{"type":"Feature","properties":{"cod_regpol":"19R1","regionpol":"AMAZONAS","cod_cpnp":"1496","comisaria":"CPNP JAMALCA","tipo":"E","categoria":"AMAZONAS","cod_uni":"222035","cod_divpol":"19R1A","divpol":"DIVOPUS AMAZONAS","departamento":"AMAZONAS","provincia":"UTCUBAMBA","distrito":"JAMALCA"},"geometry":{"type":"Point","coordinates":[-78.23771339999996,-5.89417009999994]}},{"type":"Feature","properties":{"cod_regpol":"19R1","regionpol":"AMAZONAS","cod_cpnp":"1442","comisaria":"CPNP NARANJITOS","tipo":"E","categoria":"AMAZONAS","cod_uni":"222031","cod_divpol":"19R1A","divpol":"DIVOPUS AMAZONAS","departamento":"AMAZONAS","provincia":"UTCUBAMBA","distrito":"JAMALCA"},"geometry":{"type":"Point","coordinates":[-78.27849909999998,-5.820976899999948]}},{"type":"Feature","properties":{"cod_regpol":"19R1","regionpol":"AMAZONAS","cod_cpnp":"1502","comisaria":"CPNP LONYA GRANDE","tipo":"E","categoria":"AMAZONAS","cod_uni":"222041","cod_divpol":"19R1A","divpol":"DIVOPUS AMAZONAS","departamento":"AMAZONAS","provincia":"UTCUBAMBA","distrito":"LONYA GRANDE"},"geometry":{"type":"Point","coordinates":[-78.42299790999994,-6.096566849999931]}},{"type":"Feature","properties":{"cod_regpol":"01R1","regionpol":"ANCASH","cod_cpnp":"4810","comisaria":"CPNP PIRA","tipo":"D","categoria":"ANCASH","cod_uni":"222139","cod_divpol":"01R1B","divpol":"DIVOPUS HUARAZ","departamento":"ANCASH","provincia":"HUARAZ","distrito":"PIRA"},"geometry":{"type":"Point","coordinates":[-77.70756677999998,-9.580864000999952]}},{"type":"Feature","properties":{"cod_regpol":"01R1","regionpol":"ANCASH","cod_cpnp":"4927","comisaria":"CPNP PARIACOTO","tipo":"D","categoria":"ANCASH","cod_uni":"222247","cod_divpol":"01R1B","divpol":"DIVOPUS HUARAZ","departamento":"ANCASH","provincia":"HUARAZ","distrito":"PARIACOTO"},"geometry":{"type":"Point","coordinates":[-77.89025698999995,-9.559726289999958]}},{"type":"Feature","properties":{"cod_regpol":"01R1","regionpol":"ANCASH","cod_cpnp":"4808","comisaria":"CPNP TARICA","tipo":"D","categoria":"ANCASH","cod_uni":"222138","cod_divpol":"01R1B","divpol":"DIVOPUS HUARAZ","departamento":"ANCASH","provincia":"HUARAZ","distrito":"TARICA"},"geometry":{"type":"Point","coordinates":[-77.57394039999997,-9.392886979999957]}},{"type":"Feature","properties":{"cod_regpol":"07R1","regionpol":"CUSCO","cod_cpnp":"3487","comisaria":"CPNP POROY","tipo":"C","categoria":"CUSCO","cod_uni":"218157","cod_divpol":"07R1B","divpol":"DIVOPUS CUSCO","departamento":"CUSCO","provincia":"CUSCO","distrito":"POROY"},"geometry":{"type":"Point","coordinates":[-72.04182953999998,-13.49553530999998]}},{"type":"Feature","properties":{"cod_regpol":"19R1","regionpol":"AMAZONAS","cod_cpnp":"1447","comisaria":"CPNP SAN PABLO - VALERA","tipo":"E","categoria":"AMAZONAS","cod_uni":"222076","cod_divpol":"19R1A","divpol":"DIVOPUS AMAZONAS","departamento":"AMAZONAS","provincia":"BONGARA","distrito":"VALERA"},"geometry":{"type":"Point","coordinates":[-77.91905839999998,-6.042734498999948]}},{"type":"Feature","properties":{"cod_regpol":"04R1","regionpol":"AYACUCHO","cod_cpnp":"3386","comisaria":"CPNP TOTOS","tipo":"E","categoria":"AYACUCHO","cod_uni":"218541","cod_divpol":"04R1A","divpol":"DIVOPUS AYACUCHO","departamento":"AYACUCHO","provincia":"CANGALLO","distrito":"TOTOS"},"geometry":{"type":"Point","coordinates":[-74.52272098999998,-13.567725799999948]}},{"type":"Feature","properties":{"cod_regpol":"01R1","regionpol":"ANCASH","cod_cpnp":"4822","comisaria":"CPNP CAJACAY","tipo":"C","categoria":"ANCASH","cod_uni":"222147","cod_divpol":"01R1B","divpol":"DIVOPUS HUARAZ","departamento":"ANCASH","provincia":"BOLOGNESI","distrito":"CAJACAY"},"geometry":{"type":"Point","coordinates":[-77.43865900999998,-10.153752039999972]}},{"type":"Feature","properties":{"cod_regpol":"11R1","regionpol":"LA LIBERTAD","cod_cpnp":"1221","comisaria":"CPNP CARTAVIO","tipo":"C","categoria":"LA LIBERTAD","cod_uni":"217035","cod_divpol":"11R1A","divpol":"DIVPOL PAIJAN","departamento":"LA LIBERTAD","provincia":"ASCOPE","distrito":"SANTIAGO DE CAO"},"geometry":{"type":"Point","coordinates":[-79.22040828999997,-7.886622340999963]}},{"type":"Feature","properties":{"cod_regpol":"11R1","regionpol":"LA LIBERTAD","cod_cpnp":"1215","comisaria":"CPNP SANTIAGO DE CAO","tipo":"D","categoria":"LA LIBERTAD","cod_uni":"217028","cod_divpol":"11R1A","divpol":"DIVPOL PAIJAN","departamento":"LA LIBERTAD","provincia":"ASCOPE","distrito":"SANTIAGO DE CAO"},"geometry":{"type":"Point","coordinates":[-79.23903257999996,-7.9601699399999575]}},{"type":"Feature","properties":{"cod_regpol":"04R1","regionpol":"AYACUCHO","cod_cpnp":"3405","comisaria":"CPNP CARHUANCA","tipo":"E","categoria":"AYACUCHO","cod_uni":"218548","cod_divpol":"04R1A","divpol":"DIVOPUS AYACUCHO","departamento":"AYACUCHO","provincia":"VILCAS HUAMAN","distrito":"CARHUANCA"},"geometry":{"type":"Point","coordinates":[-73.78711591999996,-13.742375660999926]}},{"type":"Feature","properties":{"cod_regpol":"01R1","regionpol":"ANCASH","cod_cpnp":"4877","comisaria":"CPNP MARCARA","tipo":"D","categoria":"ANCASH","cod_uni":"222164","cod_divpol":"01R1B","divpol":"DIVOPUS HUARAZ","departamento":"ANCASH","provincia":"CARHUAZ","distrito":"MARCARA"},"geometry":{"type":"Point","coordinates":[-77.60430708999996,-9.322386119999976]}},{"type":"Feature","properties":{"cod_regpol":"05R1","regionpol":"CAJAMARCA","cod_cpnp":"1002","comisaria":"CPNP CHANCAY BAÑOS","tipo":"D","categoria":"CAJAMARCA","cod_uni":"223267","cod_divpol":"05R1B","divpol":"DIVOPUS CAJAMARCA","departamento":"CAJAMARCA","provincia":"SANTA CRUZ","distrito":"CHANCAYBAÑOS"},"geometry":{"type":"Point","coordinates":[-78.86817216999998,-6.57495205999993]}},{"type":"Feature","properties":{"cod_regpol":"05R1","regionpol":"CAJAMARCA","cod_cpnp":"1003","comisaria":"CPNP PULAN","tipo":"D","categoria":"CAJAMARCA","cod_uni":"223268","cod_divpol":"05R1B","divpol":"DIVOPUS CAJAMARCA","departamento":"CAJAMARCA","provincia":"SANTA CRUZ","distrito":"PULAN"},"geometry":{"type":"Point","coordinates":[-78.92054533999999,-6.739282599999967]}},{"type":"Feature","properties":{"cod_regpol":"01R1","regionpol":"ANCASH","cod_cpnp":"4852","comisaria":"CPNP RAJAN","tipo":"E","categoria":"ANCASH","cod_uni":"222171","cod_divpol":"01R1B","divpol":"DIVOPUS HUARAZ","departamento":"ANCASH","provincia":"OCROS","distrito":"SAN CRISTOBAL DE RAJAN"},"geometry":{"type":"Point","coordinates":[-77.21923280899995,-10.386507650999931]}},{"type":"Feature","properties":{"cod_regpol":"05R1","regionpol":"CAJAMARCA","cod_cpnp":"5056","comisaria":"CPNP LA GRAMA","tipo":"D","categoria":"CAJAMARCA","cod_uni":"223221","cod_divpol":"05R1B","divpol":"DIVOPUS CAJAMARCA","departamento":"CAJAMARCA","provincia":"SAN MARCOS","distrito":"EDUARDO VILLANUEVA"},"geometry":{"type":"Point","coordinates":[-78.12830398999995,-7.461686639999925]}},{"type":"Feature","properties":{"cod_regpol":"01R1","regionpol":"ANCASH","cod_cpnp":"4860","comisaria":"CPNP CAÑON DEL PATO","tipo":"D","categoria":"ANCASH","cod_uni":"222176","cod_divpol":"01R1B","divpol":"DIVOPUS HUARAZ","departamento":"ANCASH","provincia":"HUAYLAS","distrito":"HUALLANCA"},"geometry":{"type":"Point","coordinates":[-77.86211692999996,-8.818432590999976]}},{"type":"Feature","properties":{"cod_regpol":"01R1","regionpol":"ANCASH","cod_cpnp":"4857","comisaria":"CPNP HUAYLAS","tipo":"D","categoria":"ANCASH","cod_uni":"222175","cod_divpol":"01R1B","divpol":"DIVOPUS HUARAZ","departamento":"ANCASH","provincia":"HUAYLAS","distrito":"HUAYLAS"},"geometry":{"type":"Point","coordinates":[-77.89236639999996,-8.87269232999995]}},{"type":"Feature","properties":{"cod_regpol":"05R1","regionpol":"CAJAMARCA","cod_cpnp":"5052","comisaria":"CPNP ICHOCAN","tipo":"E","categoria":"CAJAMARCA","cod_uni":"223219","cod_divpol":"05R1B","divpol":"DIVOPUS CAJAMARCA","departamento":"CAJAMARCA","provincia":"SAN MARCOS","distrito":"ICHOCAN"},"geometry":{"type":"Point","coordinates":[-78.12723269999998,-7.36451231999996]}},{"type":"Feature","properties":{"cod_regpol":"04R1","regionpol":"AYACUCHO","cod_cpnp":"7510","comisaria":"CPNP HUAMANGUILLA","tipo":"C","categoria":"AYACUCHO","cod_uni":"218549","cod_divpol":"04R1A","divpol":"DIVOPUS AYACUCHO","departamento":"AYACUCHO","provincia":"HUANTA","distrito":"HUAMANGUILLA"},"geometry":{"type":"Point","coordinates":[-74.17292509999999,-13.011284950999936]}},{"type":"Feature","properties":{"cod_regpol":"05R1","regionpol":"CAJAMARCA","cod_cpnp":"5062","comisaria":"CPNP CAUDAY","tipo":"E","categoria":"CAJAMARCA","cod_uni":"223226","cod_divpol":"05R1B","divpol":"DIVOPUS CAJAMARCA","departamento":"CAJAMARCA","provincia":"CAJABAMBA","distrito":"CONDEBAMBA"},"geometry":{"type":"Point","coordinates":[-78.07019244999998,-7.57616306999995]}},{"type":"Feature","properties":{"cod_regpol":"05R1","regionpol":"CAJAMARCA","cod_cpnp":"5112","comisaria":"CPNP CHUMUCH","tipo":"E","categoria":"CAJAMARCA","cod_uni":"223238","cod_divpol":"05R1B","divpol":"DIVOPUS CAJAMARCA","departamento":"CAJAMARCA","provincia":"CELENDIN","distrito":"CHUMUCH"},"geometry":{"type":"Point","coordinates":[-78.20063104999997,-6.603111109999929]}},{"type":"Feature","properties":{"cod_regpol":"05R1","regionpol":"CAJAMARCA","cod_cpnp":"5108","comisaria":"CPNP MIGUEL IGLESIAS","tipo":"E","categoria":"CAJAMARCA","cod_uni":"223236","cod_divpol":"05R1B","divpol":"DIVOPUS CAJAMARCA","departamento":"CAJAMARCA","provincia":"CELENDIN","distrito":"MIGUEL IGLESIAS"},"geometry":{"type":"Point","coordinates":[-78.23170467899996,-6.64987997999998]}},{"type":"Feature","properties":{"cod_regpol":"05R1","regionpol":"CAJAMARCA","cod_cpnp":"5110","comisaria":"CPNP OXAMARCA","tipo":"E","categoria":"CAJAMARCA","cod_uni":"223237","cod_divpol":"05R1B","divpol":"DIVOPUS CAJAMARCA","departamento":"CAJAMARCA","provincia":"CELENDIN","distrito":"OXAMARCA"},"geometry":{"type":"Point","coordinates":[-78.06802430999994,-7.041648189999933]}},{"type":"Feature","properties":{"cod_regpol":"05R1","regionpol":"CAJAMARCA","cod_cpnp":"5106","comisaria":"CPNP SOROCHUCO","tipo":"D","categoria":"CAJAMARCA","cod_uni":"223235","cod_divpol":"05R1B","divpol":"DIVOPUS CAJAMARCA","departamento":"CAJAMARCA","provincia":"CELENDIN","distrito":"SOROCHUCO"},"geometry":{"type":"Point","coordinates":[-78.25494392099995,-6.912555669999961]}},{"type":"Feature","properties":{"cod_regpol":"07R1","regionpol":"CUSCO","cod_cpnp":"3502","comisaria":"CPNP SAYLLA","tipo":"C","categoria":"CUSCO","cod_uni":"218172","cod_divpol":"07R1B","divpol":"DIVOPUS CUSCO","departamento":"CUSCO","provincia":"CUSCO","distrito":"SAYLLA"},"geometry":{"type":"Point","coordinates":[-71.82561509999994,-13.572585880999952]}},{"type":"Feature","properties":{"cod_regpol":"05R1","regionpol":"CAJAMARCA","cod_cpnp":"5102","comisaria":"CPNP SUCRE","tipo":"D","categoria":"CAJAMARCA","cod_uni":"223233","cod_divpol":"05R1B","divpol":"DIVOPUS CAJAMARCA","departamento":"CAJAMARCA","provincia":"CELENDIN","distrito":"SUCRE"},"geometry":{"type":"Point","coordinates":[-78.13472967999996,-6.939983429999927]}},{"type":"Feature","properties":{"cod_regpol":"05R1","regionpol":"CAJAMARCA","cod_cpnp":"5136","comisaria":"CPNP ANGUIA","tipo":"E","categoria":"CAJAMARCA","cod_uni":"223297","cod_divpol":"05R1B","divpol":"DIVOPUS CAJAMARCA","departamento":"CAJAMARCA","provincia":"CHOTA","distrito":"ANGUIA"},"geometry":{"type":"Point","coordinates":[-78.60528817099998,-6.341900689999932]}},{"type":"Feature","properties":{"cod_regpol":"01R1","regionpol":"ANCASH","cod_cpnp":"4862","comisaria":"CPNP YANAMA","tipo":"D","categoria":"ANCASH","cod_uni":"222168","cod_divpol":"01R1B","divpol":"DIVOPUS HUARAZ","departamento":"ANCASH","provincia":"YUNGAY","distrito":"YANAMA"},"geometry":{"type":"Point","coordinates":[-77.47098577899999,-9.02100970999993]}},{"type":"Feature","properties":{"cod_regpol":"02R1","regionpol":"APURIMAC","cod_cpnp":"5422","comisaria":"CPNP HUANIPACA","tipo":"E","categoria":"APURIMAC","cod_uni":"223407","cod_divpol":"02R1B","divpol":"DIVOPUS ABANCAY","departamento":"APURIMAC","provincia":"ABANCAY","distrito":"HUANIPACA"},"geometry":{"type":"Point","coordinates":[-72.93293016999996,-13.492905769999936]}},{"type":"Feature","properties":{"cod_regpol":"02R1","regionpol":"APURIMAC","cod_cpnp":"5436","comisaria":"CPNP LAMBRAMA","tipo":"E","categoria":"APURIMAC","cod_uni":"223409","cod_divpol":"02R1B","divpol":"DIVOPUS ABANCAY","departamento":"APURIMAC","provincia":"ABANCAY","distrito":"LAMBRAMA"},"geometry":{"type":"Point","coordinates":[-72.76990205999994,-13.871036209999943]}},{"type":"Feature","properties":{"cod_regpol":"02R1","regionpol":"APURIMAC","cod_cpnp":"5420","comisaria":"CPNP SAN PEDRO DE CACHORA","tipo":"E","categoria":"APURIMAC","cod_uni":"223408","cod_divpol":"02R1B","divpol":"DIVOPUS ABANCAY","departamento":"APURIMAC","provincia":"ABANCAY","distrito":"SAN PEDRO DE CACHORA"},"geometry":{"type":"Point","coordinates":[-72.81312013999997,-13.512451879999958]}},{"type":"Feature","properties":{"cod_regpol":"05R1","regionpol":"CAJAMARCA","cod_cpnp":"5138","comisaria":"CPNP CHIMBAN","tipo":"E","categoria":"CAJAMARCA","cod_uni":"223298","cod_divpol":"05R1B","divpol":"DIVOPUS CAJAMARCA","departamento":"CAJAMARCA","provincia":"CHOTA","distrito":"CHIMBAN"},"geometry":{"type":"Point","coordinates":[-78.47827402999997,-6.251493450999931]}},{"type":"Feature","properties":{"cod_regpol":"09R1","regionpol":"ICA","cod_cpnp":"5341","comisaria":"CPNP CHINCHA BAJA","tipo":"D","categoria":"ICA","cod_uni":"225878","cod_divpol":"09R1A","divpol":"DIVPOL CHINCHA","departamento":"ICA","provincia":"CHINCHA","distrito":"CHINCHA BAJA"},"geometry":{"type":"Point","coordinates":[-76.16161553999996,-13.458847350999974]}},{"type":"Feature","properties":{"cod_regpol":"02R1","regionpol":"APURIMAC","cod_cpnp":"5454","comisaria":"CPNP TAPAYRIHUA","tipo":"E","categoria":"APURIMAC","cod_uni":"223416","cod_divpol":"02R1B","divpol":"DIVOPUS ABANCAY","departamento":"APURIMAC","provincia":"AYMARAES","distrito":"TAPAIRIHUA"},"geometry":{"type":"Point","coordinates":[-73.14044208099995,-14.14152576999993]}},{"type":"Feature","properties":{"cod_regpol":"02R1","regionpol":"APURIMAC","cod_cpnp":"5457","comisaria":"CPNP TINTAY","tipo":"E","categoria":"APURIMAC","cod_uni":"223415","cod_divpol":"02R1B","divpol":"DIVOPUS ABANCAY","departamento":"APURIMAC","provincia":"AYMARAES","distrito":"TINTAY"},"geometry":{"type":"Point","coordinates":[-73.18352278999998,-13.960415069999954]}},{"type":"Feature","properties":{"cod_regpol":"05R1","regionpol":"CAJAMARCA","cod_cpnp":"5088","comisaria":"CPNP SAN GREGORIO","tipo":"E","categoria":"CAJAMARCA","cod_uni":"223247","cod_divpol":"05R1B","divpol":"DIVOPUS CAJAMARCA","departamento":"CAJAMARCA","provincia":"SAN MIGUEL","distrito":"SAN GREGORIO"},"geometry":{"type":"Point","coordinates":[-79.09527552999998,-7.057218359999979]}},{"type":"Feature","properties":{"cod_regpol":"02R1","regionpol":"APURIMAC","cod_cpnp":"5406","comisaria":"CPNP YANACA","tipo":"E","categoria":"APURIMAC","cod_uni":"223417","cod_divpol":"02R1B","divpol":"DIVOPUS ABANCAY","departamento":"APURIMAC","provincia":"AYMARAES","distrito":"YANACA"},"geometry":{"type":"Point","coordinates":[-73.16020695999998,-14.225944940999966]}},{"type":"Feature","properties":{"cod_regpol":"02R1","regionpol":"APURIMAC","cod_cpnp":"5460","comisaria":"CPNP COTABAMBAS","tipo":"E","categoria":"APURIMAC","cod_uni":"223443","cod_divpol":"02R1B","divpol":"DIVOPUS ABANCAY","departamento":"APURIMAC","provincia":"COTABAMBAS","distrito":"COTABAMBAS"},"geometry":{"type":"Point","coordinates":[-72.35705599999994,-13.747600000999967]}},{"type":"Feature","properties":{"cod_regpol":"02R1","regionpol":"APURIMAC","cod_cpnp":"5462","comisaria":"CPNP CCOYLLURQUI","tipo":"E","categoria":"APURIMAC","cod_uni":"223444","cod_divpol":"02R1B","divpol":"DIVOPUS ABANCAY","departamento":"APURIMAC","provincia":"COTABAMBAS","distrito":"COYLLURQUI"},"geometry":{"type":"Point","coordinates":[-72.43218473999997,-13.83721337999998]}},{"type":"Feature","properties":{"cod_regpol":"05R1","regionpol":"CAJAMARCA","cod_cpnp":"5118","comisaria":"CPNP COCHABAMBA","tipo":"D","categoria":"CAJAMARCA","cod_uni":"223284","cod_divpol":"05R1B","divpol":"DIVOPUS CAJAMARCA","departamento":"CAJAMARCA","provincia":"CHOTA","distrito":"COCHABAMBA"},"geometry":{"type":"Point","coordinates":[-78.88594925999996,-6.474966509999945]}},{"type":"Feature","properties":{"cod_regpol":"05R1","regionpol":"CAJAMARCA","cod_cpnp":"5132","comisaria":"CPNP CONCHAN","tipo":"E","categoria":"CAJAMARCA","cod_uni":"223295","cod_divpol":"05R1B","divpol":"DIVOPUS CAJAMARCA","departamento":"CAJAMARCA","provincia":"CHOTA","distrito":"CONCHAN"},"geometry":{"type":"Point","coordinates":[-78.65537075999998,-6.444435919999933]}},{"type":"Feature","properties":{"cod_regpol":"02R1","regionpol":"APURIMAC","cod_cpnp":"5464","comisaria":"CPNP HAQUIRA","tipo":"C","categoria":"APURIMAC","cod_uni":"223448","cod_divpol":"02R1B","divpol":"DIVOPUS ABANCAY","departamento":"APURIMAC","provincia":"COTABAMBAS","distrito":"HAQUIRA"},"geometry":{"type":"Point","coordinates":[-72.18944680999994,-14.213880449999976]}},{"type":"Feature","properties":{"cod_regpol":"02R1","regionpol":"APURIMAC","cod_cpnp":"5461","comisaria":"CPNP MARA","tipo":"C","categoria":"APURIMAC","cod_uni":"223451","cod_divpol":"02R1B","divpol":"DIVOPUS ABANCAY","departamento":"APURIMAC","provincia":"COTABAMBAS","distrito":"MARA"},"geometry":{"type":"Point","coordinates":[-72.10228730999995,-14.086453509999956]}},{"type":"Feature","properties":{"cod_regpol":"02R1","regionpol":"APURIMAC","cod_cpnp":"5465","comisaria":"CPNP CHALLHUAHUACHO","tipo":"B","categoria":"APURIMAC","cod_uni":"223445","cod_divpol":"02R1B","divpol":"DIVOPUS ABANCAY","departamento":"APURIMAC","provincia":"COTABAMBAS","distrito":"CHALLHUAHUACHO"},"geometry":{"type":"Point","coordinates":[-72.24616185999997,-14.11842108999997]}},{"type":"Feature","properties":{"cod_regpol":"19R1","regionpol":"AMAZONAS","cod_cpnp":"1419","comisaria":"CPNP GRANADA","tipo":"E","categoria":"AMAZONAS","cod_uni":"222011","cod_divpol":"19R1A","divpol":"DIVOPUS AMAZONAS","departamento":"AMAZONAS","provincia":"CHACHAPOYAS","distrito":"GRANADA"},"geometry":{"type":"Point","coordinates":[-77.62801034899996,-6.106959199999949]}},{"type":"Feature","properties":{"cod_regpol":"05R1","regionpol":"CAJAMARCA","cod_cpnp":"0931","comisaria":"CPNP TOCMOCHE","tipo":"E","categoria":"CAJAMARCA","cod_uni":"223291","cod_divpol":"05R1B","divpol":"DIVOPUS CAJAMARCA","departamento":"CAJAMARCA","provincia":"CHOTA","distrito":"TOCMOCHE"},"geometry":{"type":"Point","coordinates":[-79.36084592999998,-6.413056959999949]}},{"type":"Feature","properties":{"cod_regpol":"02R1","regionpol":"APURIMAC","cod_cpnp":"5438","comisaria":"CPNP PALPACACHI - MARISCAL GAMARRA","tipo":"E","categoria":"APURIMAC","cod_uni":"223439","cod_divpol":"02R1B","divpol":"DIVOPUS ABANCAY","departamento":"APURIMAC","provincia":"GRAU","distrito":"GAMARRA"},"geometry":{"type":"Point","coordinates":[-72.50856560899996,-13.872030559999928]}},{"type":"Feature","properties":{"cod_regpol":"05R1","regionpol":"CAJAMARCA","cod_cpnp":"5042","comisaria":"CPNP TRINIDAD","tipo":"E","categoria":"CAJAMARCA","cod_uni":"223279","cod_divpol":"05R1B","divpol":"DIVOPUS CAJAMARCA","departamento":"CAJAMARCA","provincia":"CONTUMAZA","distrito":"CUPISNIQUE"},"geometry":{"type":"Point","coordinates":[-79.03021428999995,-7.349131288999956]}},{"type":"Feature","properties":{"cod_regpol":"05R1","regionpol":"CAJAMARCA","cod_cpnp":"5044","comisaria":"CPNP TANTARICA - CATAN","tipo":"E","categoria":"CAJAMARCA","cod_uni":"223262","cod_divpol":"05R1B","divpol":"DIVOPUS CAJAMARCA","departamento":"CAJAMARCA","provincia":"CONTUMAZA","distrito":"TANTARICA"},"geometry":{"type":"Point","coordinates":[-78.93310233999995,-7.300676499999952]}},{"type":"Feature","properties":{"cod_regpol":"05R1","regionpol":"CAJAMARCA","cod_cpnp":"1078","comisaria":"CPNP PIMPINGOS","tipo":"E","categoria":"CAJAMARCA","cod_uni":"223312","cod_divpol":"05R1B","divpol":"DIVOPUS CAJAMARCA","departamento":"CAJAMARCA","provincia":"CUTERVO","distrito":"PIMPINGOS"},"geometry":{"type":"Point","coordinates":[-78.75804228999993,-6.061354299999948]}},{"type":"Feature","properties":{"cod_regpol":"02R1","regionpol":"APURIMAC","cod_cpnp":"5430","comisaria":"CPNP PROGRESO","tipo":"D","categoria":"APURIMAC","cod_uni":"223437","cod_divpol":"02R1B","divpol":"DIVOPUS ABANCAY","departamento":"APURIMAC","provincia":"GRAU","distrito":"PROGRESO"},"geometry":{"type":"Point","coordinates":[-72.47545378999996,-14.074088918999962]}},{"type":"Feature","properties":{"cod_regpol":"07R1","regionpol":"CUSCO","cod_cpnp":"3544","comisaria":"CPNP ANCAHUASI","tipo":"E","categoria":"CUSCO","cod_uni":"218237","cod_divpol":"07R1B","divpol":"DIVOPUS CUSCO","departamento":"CUSCO","provincia":"ANTA","distrito":"ANCAHUASI"},"geometry":{"type":"Point","coordinates":[-72.30148277999996,-13.456377948999943]}},{"type":"Feature","properties":{"cod_regpol":"07R1","regionpol":"CUSCO","cod_cpnp":"3541","comisaria":"CPNP ZURITE","tipo":"E","categoria":"CUSCO","cod_uni":"218236","cod_divpol":"07R1B","divpol":"DIVOPUS CUSCO","departamento":"CUSCO","provincia":"ANTA","distrito":"ZURITE"},"geometry":{"type":"Point","coordinates":[-72.25530719999995,-13.455365349999965]}},{"type":"Feature","properties":{"cod_regpol":"09R1","regionpol":"ICA","cod_cpnp":"5372","comisaria":"CPNP OTOCA","tipo":"E","categoria":"AYACUCHO","cod_uni":"223566","cod_divpol":"09R1B","divpol":"DIVOPUS ICA","departamento":"AYACUCHO","provincia":"LUCANAS","distrito":"OTOCA"},"geometry":{"type":"Point","coordinates":[-74.68663968999994,-14.490248939999958]}},{"type":"Feature","properties":{"cod_regpol":"04R1","regionpol":"AYACUCHO","cod_cpnp":"3467","comisaria":"CPNP PACAPAUSA","tipo":"E","categoria":"AYACUCHO","cod_uni":"218563","cod_divpol":"04R1A","divpol":"DIVOPUS AYACUCHO","departamento":"AYACUCHO","provincia":"PARINACOCHAS","distrito":"PACAPAUSA"},"geometry":{"type":"Point","coordinates":[-73.36799486999996,-14.94992118099998]}},{"type":"Feature","properties":{"cod_regpol":"05R1","regionpol":"CAJAMARCA","cod_cpnp":"5126","comisaria":"CPNP QUEROCOTO","tipo":"E","categoria":"CAJAMARCA","cod_uni":"223288","cod_divpol":"05R1B","divpol":"DIVOPUS CAJAMARCA","departamento":"CAJAMARCA","provincia":"CHOTA","distrito":"QUEROCOTO"},"geometry":{"type":"Point","coordinates":[-79.03444792999994,-6.359260649999953]}},{"type":"Feature","properties":{"cod_regpol":"05R1","regionpol":"CAJAMARCA","cod_cpnp":"0933","comisaria":"CPNP SAN JUAN DE LICUPIS","tipo":"E","categoria":"CAJAMARCA","cod_uni":"223292","cod_divpol":"05R1B","divpol":"DIVOPUS CAJAMARCA","departamento":"CAJAMARCA","provincia":"CHOTA","distrito":"SAN JUAN DE LICUPIS"},"geometry":{"type":"Point","coordinates":[-79.24320375999997,-6.42523314999994]}},{"type":"Feature","properties":{"cod_regpol":"05R1","regionpol":"CAJAMARCA","cod_cpnp":"1042","comisaria":"CPNP LA SACILIA","tipo":"E","categoria":"CAJAMARCA","cod_uni":"223315","cod_divpol":"05R1B","divpol":"DIVOPUS CAJAMARCA","departamento":"CAJAMARCA","provincia":"CUTERVO","distrito":"TORIBIO CASANOVA"},"geometry":{"type":"Point","coordinates":[-78.69956816999996,-6.006417729999953]}},{"type":"Feature","properties":{"cod_regpol":"19R1","regionpol":"AMAZONAS","cod_cpnp":"1416","comisaria":"CPNP SAN FRANCISCO DE DAGUAS - PIPUS","tipo":"D","categoria":"AMAZONAS","cod_uni":"222009","cod_divpol":"19R1A","divpol":"DIVOPUS AMAZONAS","departamento":"AMAZONAS","provincia":"CHACHAPOYAS","distrito":"SAN FRANCISCO DE DAGUAS"},"geometry":{"type":"Point","coordinates":[-77.73319469999996,-6.228939599999933]}},{"type":"Feature","properties":{"cod_regpol":"04R1","regionpol":"AYACUCHO","cod_cpnp":"3370","comisaria":"CPNP CANGALLO","tipo":"C","categoria":"AYACUCHO","cod_uni":"218529","cod_divpol":"04R1A","divpol":"DIVOPUS AYACUCHO","departamento":null,"provincia":"CANGALLO","distrito":"CANGALLO"},"geometry":{"type":"Point","coordinates":[-74.14362755999997,-13.62896830099993]}},{"type":"Feature","properties":{"cod_regpol":"10R1","regionpol":"HUANCAVELICA","cod_cpnp":"3261","comisaria":"CPNP PILPICHACA","tipo":"D","categoria":"HUANCAVELICA","cod_uni":"218079","cod_divpol":"10R1A","divpol":"DIVOPUS HUANCAVELICA","departamento":null,"provincia":"HUAYTARA","distrito":"PILPICHACA"},"geometry":{"type":"Point","coordinates":[-74.97686012999998,-13.33095923999997]}},{"type":"Feature","properties":{"cod_regpol":"19R1","regionpol":"AMAZONAS","cod_cpnp":"1425","comisaria":"CPNP LEYMEBAMBA","tipo":"E","categoria":"AMAZONAS","cod_uni":"222013","cod_divpol":"19R1A","divpol":"DIVOPUS AMAZONAS","departamento":"AMAZONAS","provincia":"CHACHAPOYAS","distrito":"LEIMEBAMBA"},"geometry":{"type":"Point","coordinates":[-77.80345722999994,-6.707731709999962]}},{"type":"Feature","properties":{"cod_regpol":"19R1","regionpol":"AMAZONAS","cod_cpnp":"1462","comisaria":"CPNP JAZAN","tipo":"B","categoria":"AMAZONAS","cod_uni":"222068","cod_divpol":"19R1A","divpol":"DIVOPUS AMAZONAS","departamento":"AMAZONAS","provincia":"BONGARA","distrito":"JAZAN"},"geometry":{"type":"Point","coordinates":[-77.97818379999995,-5.943296000999965]}},{"type":"Feature","properties":{"cod_regpol":"19R1","regionpol":"AMAZONAS","cod_cpnp":"1440","comisaria":"CPNP LAMUD","tipo":"B","categoria":"AMAZONAS","cod_uni":"222055","cod_divpol":"19R1A","divpol":"DIVOPUS AMAZONAS","departamento":"AMAZONAS","provincia":"LUYA","distrito":"LAMUD"},"geometry":{"type":"Point","coordinates":[-77.95224949999994,-6.1392869999999675]}},{"type":"Feature","properties":{"cod_regpol":"19R1","regionpol":"AMAZONAS","cod_cpnp":"1465","comisaria":"CPNP JUMBILLA","tipo":"E","categoria":"AMAZONAS","cod_uni":"222075","cod_divpol":"19R1A","divpol":"DIVOPUS AMAZONAS","departamento":"AMAZONAS","provincia":"BONGARA","distrito":"JUMBILLA"},"geometry":{"type":"Point","coordinates":[-77.79885049999996,-5.903245599999934]}},{"type":"Feature","properties":{"cod_regpol":"01R1","regionpol":"ANCASH","cod_cpnp":"4845","comisaria":"CPNP AIJA","tipo":"D","categoria":"ANCASH","cod_uni":"222140","cod_divpol":"01R1B","divpol":"DIVOPUS HUARAZ","departamento":"ANCASH","provincia":"AIJA","distrito":"AIJA"},"geometry":{"type":"Point","coordinates":[-77.60940486999993,-9.783257639999931]}},{"type":"Feature","properties":{"cod_regpol":"01R1","regionpol":"ANCASH","cod_cpnp":"4972","comisaria":"CPNP ANTONIO RAYMONDI - LLAMELLIN","tipo":"E","categoria":"ANCASH","cod_uni":"222195","cod_divpol":"01R1B","divpol":"DIVOPUS HUARAZ","departamento":"ANCASH","provincia":"ANTONIO RAYMONDI","distrito":"LLAMELLIN"},"geometry":{"type":"Point","coordinates":[-77.01650838999996,-9.10033244999994]}},{"type":"Feature","properties":{"cod_regpol":"01R1","regionpol":"ANCASH","cod_cpnp":"4820","comisaria":"CPNP CHASQUITAMBO","tipo":"C","categoria":"ANCASH","cod_uni":"222144","cod_divpol":"01R1B","divpol":"DIVOPUS HUARAZ","departamento":"ANCASH","provincia":"BOLOGNESI","distrito":"COLQUIOC"},"geometry":{"type":"Point","coordinates":[-77.61756693999996,-10.312932769999975]}},{"type":"Feature","properties":{"cod_regpol":"01R1","regionpol":"ANCASH","cod_cpnp":"4964","comisaria":"CPNP ASUNCION - CHACAS","tipo":"D","categoria":"ANCASH","cod_uni":"222198","cod_divpol":"01R1B","divpol":"DIVOPUS HUARAZ","departamento":"ANCASH","provincia":"ASUNCION","distrito":"CHACAS"},"geometry":{"type":"Point","coordinates":[-77.36653446099996,-9.16337612999996]}},{"type":"Feature","properties":{"cod_regpol":"01R1","regionpol":"ANCASH","cod_cpnp":"4815","comisaria":"CPNP BOLOGNESI CHIQUIAN","tipo":"B","categoria":"ANCASH","cod_uni":"222141","cod_divpol":"01R1B","divpol":"DIVOPUS HUARAZ","departamento":"ANCASH","provincia":"BOLOGNESI","distrito":"CHIQUIAN"},"geometry":{"type":"Point","coordinates":[-77.15741415999997,-10.154785758999935]}},{"type":"Feature","properties":{"cod_regpol":"01R1","regionpol":"ANCASH","cod_cpnp":"4870","comisaria":"CPNP CARHUAZ","tipo":"B","categoria":"ANCASH","cod_uni":"222160","cod_divpol":"01R1B","divpol":"DIVOPUS HUARAZ","departamento":"ANCASH","provincia":"CARHUAZ","distrito":"CARHUAZ"},"geometry":{"type":"Point","coordinates":[-77.64606580999998,-9.282485109999925]}},{"type":"Feature","properties":{"cod_regpol":"01R1","regionpol":"ANCASH","cod_cpnp":"4966","comisaria":"CPNP SAN LUIS - CARLOS FERMIN FITZCARRALD","tipo":"D","categoria":"ANCASH","cod_uni":"222193","cod_divpol":"01R1B","divpol":"DIVOPUS HUARAZ","departamento":"ANCASH","provincia":"CARLOS FERMIN FITZCARRALD","distrito":"SAN LUIS"},"geometry":{"type":"Point","coordinates":[-77.33019333999994,-9.094593979999956]}},{"type":"Feature","properties":{"cod_regpol":"01R1","regionpol":"ANCASH","cod_cpnp":"4882","comisaria":"CPNP LA PAMPA","tipo":"E","categoria":"ANCASH","cod_uni":"222178","cod_divpol":"01R1B","divpol":"DIVOPUS HUARAZ","departamento":"ANCASH","provincia":"CORONGO","distrito":"LA PAMPA"},"geometry":{"type":"Point","coordinates":[-77.90120042099994,-8.66255566999996]}},{"type":"Feature","properties":{"cod_regpol":"01R1","regionpol":"ANCASH","cod_cpnp":"4950","comisaria":"CPNP HUARI","tipo":"A","categoria":"ANCASH","cod_uni":"222179","cod_divpol":"01R1B","divpol":"DIVOPUS HUARAZ","departamento":"ANCASH","provincia":"HUARI","distrito":"HUARI"},"geometry":{"type":"Point","coordinates":[-77.17070631999997,-9.347296509999978]}},{"type":"Feature","properties":{"cod_regpol":"01R1","regionpol":"ANCASH","cod_cpnp":"4855","comisaria":"CPNP CARAZ","tipo":"B","categoria":"ANCASH","cod_uni":"222172","cod_divpol":"01R1B","divpol":"DIVOPUS HUARAZ","departamento":"ANCASH","provincia":"HUAYLAS","distrito":"CARAZ"},"geometry":{"type":"Point","coordinates":[-77.81157487999997,-9.04607705999996]}},{"type":"Feature","properties":{"cod_regpol":"01R1","regionpol":"ANCASH","cod_cpnp":"4850","comisaria":"CPNP OCROS","tipo":"D","categoria":"ANCASH","cod_uni":"222170","cod_divpol":"01R1B","divpol":"DIVOPUS HUARAZ","departamento":"ANCASH","provincia":"OCROS","distrito":"OCROS"},"geometry":{"type":"Point","coordinates":[-77.39684782099994,-10.40369770999996]}},{"type":"Feature","properties":{"cod_regpol":"01R1","regionpol":"ANCASH","cod_cpnp":"4970","comisaria":"CPNP POMABAMBA","tipo":"C","categoria":"ANCASH","cod_uni":"222189","cod_divpol":"01R1B","divpol":"DIVOPUS HUARAZ","departamento":"ANCASH","provincia":"POMABAMBA","distrito":"POMABAMBA"},"geometry":{"type":"Point","coordinates":[-77.46139424099994,-8.819419429999925]}},{"type":"Feature","properties":{"cod_regpol":"01R1","regionpol":"ANCASH","cod_cpnp":"4840","comisaria":"CPNP COTAPARACO","tipo":"E","categoria":"ANCASH","cod_uni":"222159","cod_divpol":"01R1B","divpol":"DIVOPUS HUARAZ","departamento":"ANCASH","provincia":"RECUAY","distrito":"COTAPARACO"},"geometry":{"type":"Point","coordinates":[-77.58747284999998,-9.994516860999966]}},{"type":"Feature","properties":{"cod_regpol":"01R1","regionpol":"ANCASH","cod_cpnp":"4830","comisaria":"CPNP RECUAY","tipo":"B","categoria":"ANCASH","cod_uni":"222154","cod_divpol":"01R1B","divpol":"DIVOPUS HUARAZ","departamento":"ANCASH","provincia":"RECUAY","distrito":"RECUAY"},"geometry":{"type":"Point","coordinates":[-77.45661347999999,-9.719031189999953]}},{"type":"Feature","properties":{"cod_regpol":"01R1","regionpol":"ANCASH","cod_cpnp":"4837","comisaria":"CPNP MARCA","tipo":"E","categoria":"ANCASH","cod_uni":"222158","cod_divpol":"01R1B","divpol":"DIVOPUS HUARAZ","departamento":"ANCASH","provincia":"RECUAY","distrito":"MARCA"},"geometry":{"type":"Point","coordinates":[-77.47510948999997,-10.088810119999948]}},{"type":"Feature","properties":{"cod_regpol":"02R1","regionpol":"APURIMAC","cod_cpnp":"5408","comisaria":"CPNP CASINCHIHUA","tipo":"E","categoria":"APURIMAC","cod_uni":"223410","cod_divpol":"02R1B","divpol":"DIVOPUS ABANCAY","departamento":"APURIMAC","provincia":"ABANCAY","distrito":"CHACOCHE"},"geometry":{"type":"Point","coordinates":[-73.02693688999994,-13.876336659999936]}},{"type":"Feature","properties":{"cod_regpol":"01R1","regionpol":"ANCASH","cod_cpnp":"4865","comisaria":"CPNP YUNGAY","tipo":"A","categoria":"ANCASH","cod_uni":"222165","cod_divpol":"01R1B","divpol":"DIVOPUS HUARAZ","departamento":"ANCASH","provincia":"YUNGAY","distrito":"YUNGAY"},"geometry":{"type":"Point","coordinates":[-77.74455780099998,-9.14096601999995]}},{"type":"Feature","properties":{"cod_regpol":"02R1","regionpol":"APURIMAC","cod_cpnp":"5445","comisaria":"CPNP PACHACONAS","tipo":"E","categoria":"APURIMAC","cod_uni":"223422","cod_divpol":"02R1B","divpol":"DIVOPUS ABANCAY","departamento":"APURIMAC","provincia":"ANTABAMBA","distrito":"PACHACONAS"},"geometry":{"type":"Point","coordinates":[-73.01631967999998,-14.223485739999944]}},{"type":"Feature","properties":{"cod_regpol":"02R1","regionpol":"APURIMAC","cod_cpnp":"5456","comisaria":"CPNP ANTABAMBA","tipo":"C","categoria":"APURIMAC","cod_uni":"223418","cod_divpol":"02R1B","divpol":"DIVOPUS ABANCAY","departamento":"APURIMAC","provincia":"ANTABAMBA","distrito":"ANTABAMBA"},"geometry":{"type":"Point","coordinates":[-72.87280000999993,-14.367500009999958]}},{"type":"Feature","properties":{"cod_regpol":"02R1","regionpol":"APURIMAC","cod_cpnp":"5452","comisaria":"CPNP TOTORA - OROPESA","tipo":"E","categoria":"APURIMAC","cod_uni":"223421","cod_divpol":"02R1B","divpol":"DIVOPUS ABANCAY","departamento":"APURIMAC","provincia":"ANTABAMBA","distrito":"OROPESA"},"geometry":{"type":"Point","coordinates":[-72.56335403999998,-14.260370449999982]}},{"type":"Feature","properties":{"cod_regpol":"02R1","regionpol":"APURIMAC","cod_cpnp":"5440","comisaria":"CPNP CHALHUANCA - AYMARAES","tipo":"C","categoria":"APURIMAC","cod_uni":"223411","cod_divpol":"02R1B","divpol":"DIVOPUS ABANCAY","departamento":"APURIMAC","provincia":"AYMARAES","distrito":"CHALHUANCA"},"geometry":{"type":"Point","coordinates":[-73.24763497999999,-14.295239230999982]}},{"type":"Feature","properties":{"cod_regpol":"02R1","regionpol":"APURIMAC","cod_cpnp":"7850","comisaria":"CPNP CHUQUIBAMBILLA","tipo":"C","categoria":"APURIMAC","cod_uni":"223433","cod_divpol":"02R1B","divpol":"DIVOPUS ABANCAY","departamento":"APURIMAC","provincia":"GRAU","distrito":"CHUQUIBAMBILLA"},"geometry":{"type":"Point","coordinates":[-72.70692151999998,-14.103284549999955]}},{"type":"Feature","properties":{"cod_regpol":"07R1","regionpol":"CUSCO","cod_cpnp":"7845","comisaria":"CPNP ACOMAYO","tipo":"B","categoria":"CUSCO","cod_uni":"218244","cod_divpol":"07R1B","divpol":"DIVOPUS CUSCO","departamento":"CUSCO","provincia":"ACOMAYO","distrito":"ACOMAYO"},"geometry":{"type":"Point","coordinates":[-71.67962994899995,-13.922976389999974]}},{"type":"Feature","properties":{"cod_regpol":"10R2","regionpol":"JUNIN","cod_cpnp":"3034","comisaria":"CPNP ORCOTUNA","tipo":"C","categoria":"JUNIN","cod_uni":"217864","cod_divpol":"10R2A","divpol":"DIVOPUS HUANCAYO","departamento":"JUNIN","provincia":"CONCEPCION","distrito":"ORCOTUNA"},"geometry":{"type":"Point","coordinates":[-75.30721847999996,-11.967100379999977]}},{"type":"Feature","properties":{"cod_regpol":"04R1","regionpol":"AYACUCHO","cod_cpnp":"3471","comisaria":"CPNP MARCABAMBA","tipo":"E","categoria":"AYACUCHO","cod_uni":"218568","cod_divpol":"04R1A","divpol":"DIVOPUS AYACUCHO","departamento":"AYACUCHO","provincia":"PAUCAR DEL SARA SARA","distrito":"MARCABAMBA"},"geometry":{"type":"Point","coordinates":[-73.34115432999994,-15.149068499999942]}},{"type":"Feature","properties":{"cod_regpol":"07R1","regionpol":"CUSCO","cod_cpnp":"3554","comisaria":"CPNP QUISPICANCHIS - URCOS","tipo":"B","categoria":"CUSCO","cod_uni":"218207","cod_divpol":"07R1B","divpol":"DIVOPUS CUSCO","departamento":"CUSCO","provincia":"QUISPICANCHI","distrito":"URCOS"},"geometry":{"type":"Point","coordinates":[-71.62534399999998,-13.688451319999956]}},{"type":"Feature","properties":{"cod_regpol":"07R1","regionpol":"CUSCO","cod_cpnp":"3562","comisaria":"CPNP OROPESA","tipo":"D","categoria":"CUSCO","cod_uni":"218214","cod_divpol":"07R1B","divpol":"DIVOPUS CUSCO","departamento":"CUSCO","provincia":"QUISPICANCHI","distrito":"OROPESA"},"geometry":{"type":"Point","coordinates":[-71.76607227099998,-13.60034952999996]}},{"type":"Feature","properties":{"cod_regpol":"04R1","regionpol":"AYACUCHO","cod_cpnp":"3415","comisaria":"CPNP LUCANAS - PUQUIO","tipo":"B","categoria":"AYACUCHO","cod_uni":"218552","cod_divpol":"04R1A","divpol":"DIVOPUS AYACUCHO","departamento":"AYACUCHO","provincia":"LUCANAS","distrito":"PUQUIO"},"geometry":{"type":"Point","coordinates":[-74.12811457999999,-14.693735699999934]}},{"type":"Feature","properties":{"cod_regpol":"04R1","regionpol":"AYACUCHO","cod_cpnp":"3455","comisaria":"CPNP AUCARA","tipo":"E","categoria":"AYACUCHO","cod_uni":"218556","cod_divpol":"04R1A","divpol":"DIVOPUS AYACUCHO","departamento":"AYACUCHO","provincia":"LUCANAS","distrito":"AUCARA"},"geometry":{"type":"Point","coordinates":[-73.97468042999998,-14.280750069999954]}},{"type":"Feature","properties":{"cod_regpol":"04R1","regionpol":"AYACUCHO","cod_cpnp":"3450","comisaria":"CPNP CABANA SUR","tipo":"E","categoria":"AYACUCHO","cod_uni":"218555","cod_divpol":"04R1A","divpol":"DIVOPUS AYACUCHO","departamento":"AYACUCHO","provincia":"LUCANAS","distrito":"CABANA"},"geometry":{"type":"Point","coordinates":[-73.96726006899996,-14.288876199999947]}},{"type":"Feature","properties":{"cod_regpol":"04R1","regionpol":"AYACUCHO","cod_cpnp":"3457","comisaria":"CPNP ANDAMARCA","tipo":"E","categoria":"AYACUCHO","cod_uni":"218557","cod_divpol":"04R1A","divpol":"DIVOPUS AYACUCHO","departamento":"AYACUCHO","provincia":"LUCANAS","distrito":"CARMEN SALCEDO"},"geometry":{"type":"Point","coordinates":[-73.96269255899995,-14.387216059999957]}},{"type":"Feature","properties":{"cod_regpol":"04R1","regionpol":"AYACUCHO","cod_cpnp":"3416","comisaria":"CPNP HUANCA","tipo":"E","categoria":"AYACUCHO","cod_uni":"218559","cod_divpol":"04R1A","divpol":"DIVOPUS AYACUCHO","departamento":"AYACUCHO","provincia":"LUCANAS","distrito":"SANTA LUCIA"},"geometry":{"type":"Point","coordinates":[-74.48105765099996,-15.113546209999981]}},{"type":"Feature","properties":{"cod_regpol":"04R1","regionpol":"AYACUCHO","cod_cpnp":"3470","comisaria":"CPNP PAUCAR DEL SARA SARA","tipo":"B","categoria":"AYACUCHO","cod_uni":"218565","cod_divpol":"04R1A","divpol":"DIVOPUS AYACUCHO","departamento":"AYACUCHO","provincia":"PAUCAR DEL SARA SARA","distrito":"PAUSA"},"geometry":{"type":"Point","coordinates":[-73.34442302999997,-15.278546739999967]}},{"type":"Feature","properties":{"cod_regpol":"04R1","regionpol":"AYACUCHO","cod_cpnp":"3406","comisaria":"CPNP QUEROBAMBA - SUCRE","tipo":"E","categoria":"AYACUCHO","cod_uni":"218535","cod_divpol":"04R1A","divpol":"DIVOPUS AYACUCHO","departamento":"AYACUCHO","provincia":"SUCRE","distrito":"QUEROBAMBA"},"geometry":{"type":"Point","coordinates":[-73.83859999999999,-14.012080079999976]}},{"type":"Feature","properties":{"cod_regpol":"04R1","regionpol":"AYACUCHO","cod_cpnp":"3377","comisaria":"CPNP HUANCAPI","tipo":"D","categoria":"AYACUCHO","cod_uni":"218533","cod_divpol":"04R1A","divpol":"DIVOPUS AYACUCHO","departamento":"AYACUCHO","provincia":"VICTOR FAJARDO","distrito":"HUANCAPI"},"geometry":{"type":"Point","coordinates":[-74.06588017999997,-13.75155958099998]}},{"type":"Feature","properties":{"cod_regpol":"07R1","regionpol":"CUSCO","cod_cpnp":"3655","comisaria":"CPNP PARURO","tipo":"C","categoria":"CUSCO","cod_uni":"221813","cod_divpol":"07R1B","divpol":"DIVOPUS CUSCO","departamento":"CUSCO","provincia":"PARURO","distrito":"PARURO"},"geometry":{"type":"Point","coordinates":[-71.84950547999995,-13.760683060999952]}},{"type":"Feature","properties":{"cod_regpol":"04R1","regionpol":"AYACUCHO","cod_cpnp":"3382","comisaria":"CPNP VILLA CANARIA","tipo":"E","categoria":"AYACUCHO","cod_uni":"218537","cod_divpol":"04R1A","divpol":"DIVOPUS AYACUCHO","departamento":"AYACUCHO","provincia":"VICTOR FAJARDO","distrito":"CANARIA"},"geometry":{"type":"Point","coordinates":[-73.90518559999998,-13.923445109999932]}},{"type":"Feature","properties":{"cod_regpol":"04R1","regionpol":"AYACUCHO","cod_cpnp":"3385","comisaria":"CPNP TACA","tipo":"E","categoria":"AYACUCHO","cod_uni":"218538","cod_divpol":"04R1A","divpol":"DIVOPUS AYACUCHO","departamento":"AYACUCHO","provincia":"VICTOR FAJARDO","distrito":"CANARIA"},"geometry":{"type":"Point","coordinates":[-73.91766325099996,-13.958736278999936]}},{"type":"Feature","properties":{"cod_regpol":"05R1","regionpol":"CAJAMARCA","cod_cpnp":"5050","comisaria":"CPNP SAN MARCOS","tipo":"B","categoria":"CAJAMARCA","cod_uni":"223216","cod_divpol":"05R1B","divpol":"DIVOPUS CAJAMARCA","departamento":"CAJAMARCA","provincia":"SAN MARCOS","distrito":"PEDRO GALVEZ"},"geometry":{"type":"Point","coordinates":[-78.17325583899998,-7.331390509999949]}},{"type":"Feature","properties":{"cod_regpol":"04R1","regionpol":"AYACUCHO","cod_cpnp":"3395","comisaria":"CPNP VILCASHUAMAN","tipo":"D","categoria":"AYACUCHO","cod_uni":"218546","cod_divpol":"04R1A","divpol":"DIVOPUS AYACUCHO","departamento":"AYACUCHO","provincia":"VILCAS HUAMAN","distrito":"VILCAS HUAMAN"},"geometry":{"type":"Point","coordinates":[-73.95384017099997,-13.652621809999971]}},{"type":"Feature","properties":{"cod_regpol":"05R1","regionpol":"CAJAMARCA","cod_cpnp":"5060","comisaria":"CPNP CAJABAMBA","tipo":"A","categoria":"CAJAMARCA","cod_uni":"223222","cod_divpol":"05R1B","divpol":"DIVOPUS CAJAMARCA","departamento":"CAJAMARCA","provincia":"CAJABAMBA","distrito":"CAJABAMBA"},"geometry":{"type":"Point","coordinates":[-78.04387458999997,-7.627859469999976]}},{"type":"Feature","properties":{"cod_regpol":"05R1","regionpol":"CAJAMARCA","cod_cpnp":"5100","comisaria":"CPNP CELENDIN","tipo":"A","categoria":"CAJAMARCA","cod_uni":"223230","cod_divpol":"05R1B","divpol":"DIVOPUS CAJAMARCA","departamento":"CAJAMARCA","provincia":"CELENDIN","distrito":"CELENDIN"},"geometry":{"type":"Point","coordinates":[-78.14280461899995,-6.8721075009999595]}},{"type":"Feature","properties":{"cod_regpol":"05R1","regionpol":"CAJAMARCA","cod_cpnp":"5030","comisaria":"CPNP CONTUMAZA","tipo":"C","categoria":"CAJAMARCA","cod_uni":"223256","cod_divpol":"05R1B","divpol":"DIVOPUS CAJAMARCA","departamento":"CAJAMARCA","provincia":"CONTUMAZA","distrito":"CONTUMAZA"},"geometry":{"type":"Point","coordinates":[-78.80691485999995,-7.366694369999948]}},{"type":"Feature","properties":{"cod_regpol":"05R1","regionpol":"CAJAMARCA","cod_cpnp":"0998","comisaria":"CPNP SANTA CRUZ","tipo":"B","categoria":"CAJAMARCA","cod_uni":"223264","cod_divpol":"05R1B","divpol":"DIVOPUS CAJAMARCA","departamento":"CAJAMARCA","provincia":"SANTA CRUZ","distrito":"SANTA CRUZ"},"geometry":{"type":"Point","coordinates":[-78.94391622999996,-6.624765660999969]}},{"type":"Feature","properties":{"cod_regpol":"07R1","regionpol":"CUSCO","cod_cpnp":"3624","comisaria":"CPNP SANGARARA","tipo":"E","categoria":"CUSCO","cod_uni":"218248","cod_divpol":"07R1B","divpol":"DIVOPUS CUSCO","departamento":"CUSCO","provincia":"ACOMAYO","distrito":"SANGARARA"},"geometry":{"type":"Point","coordinates":[-71.60529278999996,-13.949388389999967]}},{"type":"Feature","properties":{"cod_regpol":"07R1","regionpol":"CUSCO","cod_cpnp":"3540","comisaria":"CPNP IZCUCHACA","tipo":"C","categoria":"CUSCO","cod_uni":"218233","cod_divpol":"07R1B","divpol":"DIVOPUS CUSCO","departamento":"CUSCO","provincia":"ANTA","distrito":"ANTA"},"geometry":{"type":"Point","coordinates":[-72.14426797999994,-13.464108689999932]}},{"type":"Feature","properties":{"cod_regpol":"07R1","regionpol":"CUSCO","cod_cpnp":"3550","comisaria":"CPNP CALCA","tipo":"C","categoria":"CUSCO","cod_uni":"218198","cod_divpol":"07R1B","divpol":"DIVOPUS CUSCO","departamento":"CUSCO","provincia":"CALCA","distrito":"CALCA"},"geometry":{"type":"Point","coordinates":[-71.95572566999994,-13.320335640999929]}},{"type":"Feature","properties":{"cod_regpol":"07R1","regionpol":"CUSCO","cod_cpnp":"3560","comisaria":"CPNP ANDAHUAYLILLAS","tipo":"E","categoria":"CUSCO","cod_uni":"218213","cod_divpol":"07R1B","divpol":"DIVOPUS CUSCO","departamento":"CUSCO","provincia":"QUISPICANCHI","distrito":"ANDAHUAYLILLAS"},"geometry":{"type":"Point","coordinates":[-71.67762627999997,-13.673097669999947]}},{"type":"Feature","properties":{"cod_regpol":"07R1","regionpol":"CUSCO","cod_cpnp":"3564","comisaria":"CPNP LUCRE","tipo":"E","categoria":"CUSCO","cod_uni":"218215","cod_divpol":"07R1B","divpol":"DIVOPUS CUSCO","departamento":"CUSCO","provincia":"QUISPICANCHI","distrito":"LUCRE"},"geometry":{"type":"Point","coordinates":[-71.73654769099994,-13.633964968999976]}},{"type":"Feature","properties":{"cod_regpol":"07R1","regionpol":"CUSCO","cod_cpnp":"3566","comisaria":"CPNP HUAMBUTIO","tipo":"E","categoria":"CUSCO","cod_uni":"218216","cod_divpol":"07R1B","divpol":"DIVOPUS CUSCO","departamento":"CUSCO","provincia":"QUISPICANCHI","distrito":"LUCRE"},"geometry":{"type":"Point","coordinates":[-71.71378658999998,-13.581931269999927]}},{"type":"Feature","properties":{"cod_regpol":"07R1","regionpol":"CUSCO","cod_cpnp":"3513","comisaria":"CPNP URUBAMBA","tipo":"A","categoria":"CUSCO","cod_uni":"218188","cod_divpol":"07R1B","divpol":"DIVOPUS CUSCO","departamento":"CUSCO","provincia":"URUBAMBA","distrito":"URUBAMBA"},"geometry":{"type":"Point","coordinates":[-72.11486999999994,-13.305557999999962]}},{"type":"Feature","properties":{"cod_regpol":"10R1","regionpol":"HUANCAVELICA","cod_cpnp":"3265","comisaria":"CPNP ACOBAMBA","tipo":"B","categoria":"HUANCAVELICA","cod_uni":"218080","cod_divpol":"10R1A","divpol":"DIVOPUS HUANCAVELICA","departamento":"HUANCAVELICA","provincia":"ACOBAMBA","distrito":"ACOBAMBA"},"geometry":{"type":"Point","coordinates":[-74.56970034999995,-12.841964339999947]}},{"type":"Feature","properties":{"cod_regpol":"07R1","regionpol":"CUSCO","cod_cpnp":"3535","comisaria":"CPNP MACHUPICCHU","tipo":"D","categoria":"CUSCO","cod_uni":"218197","cod_divpol":"07R1B","divpol":"DIVOPUS CUSCO","departamento":"CUSCO","provincia":"URUBAMBA","distrito":"MACHUPICCHU"},"geometry":{"type":"Point","coordinates":[-72.52545410899995,-13.154720960999953]}},{"type":"Feature","properties":{"cod_regpol":"08R1","regionpol":"HUANUCO","cod_cpnp":"5940","comisaria":"CPNP AMBO","tipo":"C","categoria":"HUANUCO","cod_uni":"217498","cod_divpol":"08R1B","divpol":"DIVOPUS HUANUCO","departamento":"HUANUCO","provincia":"AMBO","distrito":"AMBO"},"geometry":{"type":"Point","coordinates":[-76.20441455999998,-10.127590659999953]}},{"type":"Feature","properties":{"cod_regpol":"08R1","regionpol":"HUANUCO","cod_cpnp":"5934","comisaria":"CPNP DOS DE MAYO - LA UNIÓN","tipo":"B","categoria":"HUANUCO","cod_uni":"217510","cod_divpol":"08R1B","divpol":"DIVOPUS HUANUCO","departamento":"HUANUCO","provincia":"DOS DE MAYO","distrito":"LA UNION"},"geometry":{"type":"Point","coordinates":[-76.80179358099997,-9.828109559999973]}},{"type":"Feature","properties":{"cod_regpol":"08R1","regionpol":"HUANUCO","cod_cpnp":"5930","comisaria":"CPNP CHAVINILLO","tipo":"C","categoria":"HUANUCO","cod_uni":"217503","cod_divpol":"08R1B","divpol":"DIVOPUS HUANUCO","departamento":"HUANUCO","provincia":"YAROWILCA","distrito":"CHAVINILLO"},"geometry":{"type":"Point","coordinates":[-76.60865166999997,-9.859308490999979]}},{"type":"Feature","properties":{"cod_regpol":"09R1","regionpol":"ICA","cod_cpnp":"5353","comisaria":"CPNP ALTO LARAN","tipo":"D","categoria":"ICA","cod_uni":"225880","cod_divpol":"09R1A","divpol":"DIVPOL CHINCHA","departamento":"ICA","provincia":"CHINCHA","distrito":"ALTO LARAN"},"geometry":{"type":"Point","coordinates":[-76.08323593999995,-13.442380439999965]}},{"type":"Feature","properties":{"cod_regpol":"09R1","regionpol":"ICA","cod_cpnp":"5347","comisaria":"CPNP TAMBO DE MORA","tipo":"D","categoria":"ICA","cod_uni":"225877","cod_divpol":"09R1A","divpol":"DIVPOL CHINCHA","departamento":"ICA","provincia":"CHINCHA","distrito":"TAMBO DE MORA"},"geometry":{"type":"Point","coordinates":[-76.18360224899999,-13.460664489999942]}},{"type":"Feature","properties":{"cod_regpol":"09R1","regionpol":"ICA","cod_cpnp":"5365","comisaria":"CPNP PALPA","tipo":"B","categoria":"ICA","cod_uni":"223562","cod_divpol":"09R1B","divpol":"DIVOPUS ICA","departamento":"ICA","provincia":"PALPA","distrito":"PALPA"},"geometry":{"type":"Point","coordinates":[-75.18820984999996,-14.534291309999958]}},{"type":"Feature","properties":{"cod_regpol":"10R2","regionpol":"JUNIN","cod_cpnp":"3036","comisaria":"CPNP SAN JERONIMO DE TUNAN","tipo":"C","categoria":"JUNIN","cod_uni":"217861","cod_divpol":"10R2A","divpol":"DIVOPUS HUANCAYO","departamento":"JUNIN","provincia":"HUANCAYO","distrito":"SAN JERONIMO DE TUNAN"},"geometry":{"type":"Point","coordinates":[-75.28232781999998,-11.949647709999965]}},{"type":"Feature","properties":{"cod_regpol":"10R2","regionpol":"JUNIN","cod_cpnp":"3050","comisaria":"CPNP CONCEPCION","tipo":"A","categoria":"JUNIN","cod_uni":"217858","cod_divpol":"10R2A","divpol":"DIVOPUS HUANCAYO","departamento":"JUNIN","provincia":"CONCEPCION","distrito":"CONCEPCION"},"geometry":{"type":"Point","coordinates":[-75.31454352999998,-11.918780029999937]}},{"type":"Feature","properties":{"cod_regpol":"10R2","regionpol":"JUNIN","cod_cpnp":"3043","comisaria":"CPNP ACOLLA","tipo":"C","categoria":"JUNIN","cod_uni":"217879","cod_divpol":"10R2A","divpol":"DIVOPUS HUANCAYO","departamento":"JUNIN","provincia":"JAUJA","distrito":"ACOLLA"},"geometry":{"type":"Point","coordinates":[-75.54305015999995,-11.735058309999943]}},{"type":"Feature","properties":{"cod_regpol":"10R2","regionpol":"JUNIN","cod_cpnp":"3047","comisaria":"CPNP CARHUAMAYO","tipo":"D","categoria":"JUNIN","cod_uni":"221803","cod_divpol":"10R2A","divpol":"DIVOPUS HUANCAYO","departamento":"JUNIN","provincia":"JUNIN","distrito":"CARHUAMAYO"},"geometry":{"type":"Point","coordinates":[-76.05420783999995,-10.934030169999971]}},{"type":"Feature","properties":{"cod_regpol":"11R1","regionpol":"LA LIBERTAD","cod_cpnp":"1201","comisaria":"CPNP ASCOPE","tipo":"B","categoria":"LA LIBERTAD","cod_uni":"217029","cod_divpol":"11R1A","divpol":"DIVPOL PAIJAN","departamento":"LA LIBERTAD","provincia":"ASCOPE","distrito":"ASCOPE"},"geometry":{"type":"Point","coordinates":[-79.10697766999994,-7.713544329999934]}},{"type":"Feature","properties":{"cod_regpol":"10R2","regionpol":"JUNIN","cod_cpnp":"3028","comisaria":"CPNP MOROCOCHA","tipo":"C","categoria":"JUNIN","cod_uni":"217888","cod_divpol":"10R2A","divpol":"DIVOPUS HUANCAYO","departamento":"JUNIN","provincia":"YAULI","distrito":"MOROCOCHA"},"geometry":{"type":"Point","coordinates":[-76.06255348999997,-11.587511338999946]}},{"type":"Feature","properties":{"cod_regpol":"11R1","regionpol":"LA LIBERTAD","cod_cpnp":"1224","comisaria":"CPNP MAGDALENA DE CAO","tipo":"D","categoria":"LA LIBERTAD","cod_uni":"217027","cod_divpol":"11R1A","divpol":"DIVPOL PAIJAN","departamento":"LA LIBERTAD","provincia":"ASCOPE","distrito":"MAGDALENA DE CAO"},"geometry":{"type":"Point","coordinates":[-79.29400762999995,-7.878066539999963]}},{"type":"Feature","properties":{"cod_regpol":"11R1","regionpol":"LA LIBERTAD","cod_cpnp":"1245","comisaria":"CPNP PUEBLO NUEVO","tipo":"E","categoria":"LA LIBERTAD","cod_uni":"217068","cod_divpol":"11R1A","divpol":"DIVPOL PAIJAN","departamento":"LA LIBERTAD","provincia":"CHEPEN","distrito":"PUEBLO NUEVO"},"geometry":{"type":"Point","coordinates":[-79.51493433999997,-7.188275159999932]}},{"type":"Feature","properties":{"cod_regpol":"11R1","regionpol":"LA LIBERTAD","cod_cpnp":"1239","comisaria":"CPNP PACANGA","tipo":"D","categoria":"LA LIBERTAD","cod_uni":"217066","cod_divpol":"11R1A","divpol":"DIVPOL PAIJAN","departamento":"LA LIBERTAD","provincia":"CHEPEN","distrito":"PACANGA"},"geometry":{"type":"Point","coordinates":[-79.48575176099996,-7.170928639999943]}},{"type":"Feature","properties":{"cod_regpol":"11R1","regionpol":"LA LIBERTAD","cod_cpnp":"1242","comisaria":"CPNP PACANGUILLA","tipo":"E","categoria":"LA LIBERTAD","cod_uni":"217067","cod_divpol":"11R1A","divpol":"DIVPOL PAIJAN","departamento":"LA LIBERTAD","provincia":"CHEPEN","distrito":"PACANGA"},"geometry":{"type":"Point","coordinates":[-79.44387504999997,-7.159073169999942]}},{"type":"Feature","properties":{"cod_regpol":"11R1","regionpol":"LA LIBERTAD","cod_cpnp":"1198","comisaria":"CPNP JEQUETEPEQUE","tipo":"D","categoria":"LA LIBERTAD","cod_uni":"217062","cod_divpol":"11R1A","divpol":"DIVPOL PAIJAN","departamento":"LA LIBERTAD","provincia":"PACASMAYO","distrito":"JEQUETEPEQUE"},"geometry":{"type":"Point","coordinates":[-79.56390380099998,-7.337457878999942]}},{"type":"Feature","properties":{"cod_regpol":"11R1","regionpol":"LA LIBERTAD","cod_cpnp":"1158","comisaria":"CPNP JULCAN","tipo":"C","categoria":"LA LIBERTAD","cod_uni":"217001","cod_divpol":"11R1B","divpol":"DIVPOL TRUJILLO","departamento":"LA LIBERTAD","provincia":"JULCAN","distrito":"JULCAN"},"geometry":{"type":"Point","coordinates":[-78.48697971999997,-8.042767709999964]}},{"type":"Feature","properties":{"cod_regpol":"11R1","regionpol":"LA LIBERTAD","cod_cpnp":"1138","comisaria":"CPNP OTUZCO","tipo":"B","categoria":"LA LIBERTAD","cod_uni":"216992","cod_divpol":"11R1B","divpol":"DIVPOL TRUJILLO","departamento":"LA LIBERTAD","provincia":"OTUZCO","distrito":"OTUZCO"},"geometry":{"type":"Point","coordinates":[-78.56511556899994,-7.905237349999936]}},{"type":"Feature","properties":{"cod_regpol":"11R1","regionpol":"LA LIBERTAD","cod_cpnp":"1142","comisaria":"CPNP SAMNE","tipo":"E","categoria":"LA LIBERTAD","cod_uni":"216995","cod_divpol":"11R1B","divpol":"DIVPOL TRUJILLO","departamento":"LA LIBERTAD","provincia":"OTUZCO","distrito":"OTUZCO"},"geometry":{"type":"Point","coordinates":[-78.68319097999995,-7.995232029999954]}},{"type":"Feature","properties":{"cod_regpol":"11R1","regionpol":"LA LIBERTAD","cod_cpnp":"1186","comisaria":"CPNP SAN PEDRO DE LLOC","tipo":"B","categoria":"LA LIBERTAD","cod_uni":"217052","cod_divpol":"11R1A","divpol":"DIVPOL PAIJAN","departamento":"LA LIBERTAD","provincia":"PACASMAYO","distrito":"SAN PEDRO DE LLOC"},"geometry":{"type":"Point","coordinates":[-79.50291639999995,-7.424603579999939]}},{"type":"Feature","properties":{"cod_regpol":"11R1","regionpol":"LA LIBERTAD","cod_cpnp":"1195","comisaria":"CPNP SAN JOSE","tipo":"D","categoria":"LA LIBERTAD","cod_uni":"217061","cod_divpol":"11R1A","divpol":"DIVPOL PAIJAN","departamento":"LA LIBERTAD","provincia":"PACASMAYO","distrito":"SAN JOSE"},"geometry":{"type":"Point","coordinates":[-79.45638236999997,-7.349758858999962]}},{"type":"Feature","properties":{"cod_regpol":"11R1","regionpol":"LA LIBERTAD","cod_cpnp":"1251","comisaria":"CPNP CASCAS - GRAN CHIMU","tipo":"C","categoria":"LA LIBERTAD","cod_uni":"217042","cod_divpol":"11R1A","divpol":"DIVPOL PAIJAN","departamento":"LA LIBERTAD","provincia":"GRAN CHIMU","distrito":"CASCAS"},"geometry":{"type":"Point","coordinates":[-78.81820629999999,-7.480663439999944]}},{"type":"Feature","properties":{"cod_regpol":"11R1","regionpol":"LA LIBERTAD","cod_cpnp":"1260","comisaria":"CPNP PUNTA MORENO","tipo":"D","categoria":"LA LIBERTAD","cod_uni":"217047","cod_divpol":"11R1A","divpol":"DIVPOL PAIJAN","departamento":"LA LIBERTAD","provincia":"GRAN CHIMU","distrito":"CASCAS"},"geometry":{"type":"Point","coordinates":[-78.88962799999996,-7.594581999999946]}},{"type":"Feature","properties":{"cod_regpol":"11R1","regionpol":"LA LIBERTAD","cod_cpnp":"1174","comisaria":"CPNP GUADALUPITO","tipo":"D","categoria":"LA LIBERTAD","cod_uni":"217017","cod_divpol":"11R1B","divpol":"DIVPOL TRUJILLO","departamento":"LA LIBERTAD","provincia":"VIRU","distrito":"GUADALUPITO"},"geometry":{"type":"Point","coordinates":[-78.62422098099995,-8.951262129999975]}},{"type":"Feature","properties":{"cod_regpol":"18R1","regionpol":"PUNO","cod_cpnp":"4615","comisaria":"CPNP SANDIA","tipo":"B","categoria":"PUNO","cod_uni":"219348","cod_divpol":"18R1A","divpol":"DIVOPUS JULIACA","departamento":"PUNO","provincia":"SANDIA","distrito":"SANDIA"},"geometry":{"type":"Point","coordinates":[-69.46571146999997,-14.322314769999934]}},{"type":"Feature","properties":{"cod_regpol":"18R1","regionpol":"PUNO","cod_cpnp":"4519","comisaria":"CPNP ICHU","tipo":"D","categoria":"PUNO","cod_uni":"219249","cod_divpol":"18R1B","divpol":"DIVOPUS PUNO","departamento":"PUNO","provincia":"PUNO","distrito":"PUNO"},"geometry":{"type":"Point","coordinates":[-69.92790699899996,-15.875624998999967]}},{"type":"Feature","properties":{"cod_regpol":"10R1","regionpol":"HUANCAVELICA","cod_cpnp":"3252","comisaria":"CPNP HUACHOS","tipo":"E","categoria":"HUANCAVELICA","cod_uni":"218074","cod_divpol":"10R1A","divpol":"DIVOPUS HUANCAVELICA","departamento":"HUANCAVELICA","provincia":"CASTROVIRREYNA","distrito":"HUACHOS"},"geometry":{"type":"Point","coordinates":[-75.53260438999996,-13.220690699999977]}},{"type":"Feature","properties":{"cod_regpol":"10R1","regionpol":"HUANCAVELICA","cod_cpnp":"3254","comisaria":"CPNP TANTARA","tipo":"D","categoria":"HUANCAVELICA","cod_uni":"218075","cod_divpol":"10R1A","divpol":"DIVOPUS HUANCAVELICA","departamento":"HUANCAVELICA","provincia":"CASTROVIRREYNA","distrito":"TANTARA"},"geometry":{"type":"Point","coordinates":[-75.64622847999993,-13.075275269999963]}},{"type":"Feature","properties":{"cod_regpol":"21R1","regionpol":"TUMBES","cod_cpnp":"5816","comisaria":"CPNP SAN ISIDRO","tipo":"D","categoria":"TUMBES","cod_uni":"223162","cod_divpol":"21R1A","divpol":"DIVOPUS TUMBES","departamento":"TUMBES","provincia":"TUMBES","distrito":"CORRALES"},"geometry":{"type":"Point","coordinates":[-80.51238971899994,-3.6144489799999633]}},{"type":"Feature","properties":{"cod_regpol":"21R1","regionpol":"TUMBES","cod_cpnp":"5802","comisaria":"CPNP CORRALES","tipo":"B","categoria":"TUMBES","cod_uni":"223132","cod_divpol":"21R1A","divpol":"DIVOPUS TUMBES","departamento":"TUMBES","provincia":"TUMBES","distrito":"CORRALES"},"geometry":{"type":"Point","coordinates":[-80.48100006999994,-3.60142756099998]}},{"type":"Feature","properties":{"cod_regpol":"21R1","regionpol":"TUMBES","cod_cpnp":"5808","comisaria":"CPNP LA CRUZ","tipo":"C","categoria":"TUMBES","cod_uni":"223159","cod_divpol":"21R1A","divpol":"DIVOPUS TUMBES","departamento":"TUMBES","provincia":"TUMBES","distrito":"LA CRUZ"},"geometry":{"type":"Point","coordinates":[-80.59301702999994,-3.6374881099999357]}},{"type":"Feature","properties":{"cod_regpol":"21R1","regionpol":"TUMBES","cod_cpnp":"5814","comisaria":"CPNP SAN JUAN DE LA VIRGEN","tipo":"D","categoria":"TUMBES","cod_uni":"223135","cod_divpol":"21R1A","divpol":"DIVOPUS TUMBES","departamento":"TUMBES","provincia":"TUMBES","distrito":"SAN JUAN DE LA VIRGEN"},"geometry":{"type":"Point","coordinates":[-80.43295962999997,-3.626983639999935]}},{"type":"Feature","properties":{"cod_regpol":"21R1","regionpol":"TUMBES","cod_cpnp":"5830","comisaria":"CPNP ZORRITOS","tipo":"B","categoria":"TUMBES","cod_uni":"223156","cod_divpol":"21R1A","divpol":"DIVOPUS TUMBES","departamento":"TUMBES","provincia":"CONTRALMIRANTE VILLAR","distrito":"ZORRITOS"},"geometry":{"type":"Point","coordinates":[-80.67571813999996,-3.68025487999995]}},{"type":"Feature","properties":{"cod_regpol":"21R1","regionpol":"TUMBES","cod_cpnp":"5832","comisaria":"CPNP CANCAS","tipo":"C","categoria":"TUMBES","cod_uni":"223163","cod_divpol":"21R1A","divpol":"DIVOPUS TUMBES","departamento":"TUMBES","provincia":"CONTRALMIRANTE VILLAR","distrito":"CANOAS DE PUNTA SAL"},"geometry":{"type":"Point","coordinates":[-80.93724724999998,-3.94496455999996]}},{"type":"Feature","properties":{"cod_regpol":"04R1","regionpol":"AYACUCHO","cod_cpnp":"3354","comisaria":"CPNP ACOSVINCHOS","tipo":"C","categoria":"AYACUCHO","cod_uni":"218522","cod_divpol":"04R1A","divpol":"DIVOPUS AYACUCHO","departamento":null,"provincia":"HUAMANGA","distrito":"ACOS VINCHOS"},"geometry":{"type":"Point","coordinates":[-74.09946410999999,-13.112913789999936]}},{"type":"Feature","properties":{"cod_regpol":"04R1","regionpol":"AYACUCHO","cod_cpnp":"3460","comisaria":"CPNP CHIPAO","tipo":"E","categoria":"AYACUCHO","cod_uni":"218558","cod_divpol":"04R1A","divpol":"DIVOPUS AYACUCHO","departamento":"AYACUCHO","provincia":"LUCANAS","distrito":"CHIPAO"},"geometry":{"type":"Point","coordinates":[-73.87853619999999,-14.366094589999932]}},{"type":"Feature","properties":{"cod_regpol":"04R1","regionpol":"AYACUCHO","cod_cpnp":"3468","comisaria":"CPNP PUYUSCA - INCUYO","tipo":"E","categoria":"AYACUCHO","cod_uni":"218564","cod_divpol":"04R1A","divpol":"DIVOPUS AYACUCHO","departamento":"AYACUCHO","provincia":"PARINACOCHAS","distrito":"PUYUSCA"},"geometry":{"type":"Point","coordinates":[-73.56959199999994,-15.24984999999998]}},{"type":"Feature","properties":{"cod_regpol":"04R1","regionpol":"AYACUCHO","cod_cpnp":"3474","comisaria":"CPNP COLTA","tipo":"E","categoria":"AYACUCHO","cod_uni":"218570","cod_divpol":"04R1A","divpol":"DIVOPUS AYACUCHO","departamento":"AYACUCHO","provincia":"PAUCAR DEL SARA SARA","distrito":"COLTA"},"geometry":{"type":"Point","coordinates":[-73.29490697999995,-15.162884919999954]}},{"type":"Feature","properties":{"cod_regpol":"04R1","regionpol":"AYACUCHO","cod_cpnp":"3473","comisaria":"CPNP OYOLO","tipo":"E","categoria":"AYACUCHO","cod_uni":"218569","cod_divpol":"04R1A","divpol":"DIVOPUS AYACUCHO","departamento":"AYACUCHO","provincia":"PAUCAR DEL SARA SARA","distrito":"OYOLO"},"geometry":{"type":"Point","coordinates":[-73.18526622999997,-15.179882749999933]}},{"type":"Feature","properties":{"cod_regpol":"04R1","regionpol":"AYACUCHO","cod_cpnp":"3400","comisaria":"CPNP CONCEPCION","tipo":"E","categoria":"AYACUCHO","cod_uni":"218547","cod_divpol":"04R1A","divpol":"DIVOPUS AYACUCHO","departamento":null,"provincia":"VILCAS HUAMAN","distrito":"CONCEPCION"},"geometry":{"type":"Point","coordinates":[-73.87474578999996,-13.532798839999941]}},{"type":"Feature","properties":{"cod_regpol":"05R1","regionpol":"CAJAMARCA","cod_cpnp":"5028","comisaria":"CPNP COSPAN","tipo":"E","categoria":"CAJAMARCA","cod_uni":"223215","cod_divpol":"05R1B","divpol":"DIVOPUS CAJAMARCA","departamento":"CAJAMARCA","provincia":"CAJAMARCA","distrito":"COSPAN"},"geometry":{"type":"Point","coordinates":[-78.54241105999995,-7.427035909999972]}},{"type":"Feature","properties":{"cod_regpol":"05R1","regionpol":"CAJAMARCA","cod_cpnp":"5018","comisaria":"CPNP LA ENCAÑADA","tipo":"D","categoria":"CAJAMARCA","cod_uni":"223210","cod_divpol":"05R1B","divpol":"DIVOPUS CAJAMARCA","departamento":"CAJAMARCA","provincia":"CAJAMARCA","distrito":"ENCAÑADA"},"geometry":{"type":"Point","coordinates":[-78.34443192999998,-7.086710229999937]}},{"type":"Feature","properties":{"cod_regpol":"05R1","regionpol":"CAJAMARCA","cod_cpnp":"5016","comisaria":"CPNP CHANTA ALTA","tipo":"E","categoria":"CAJAMARCA","cod_uni":"223209","cod_divpol":"05R1B","divpol":"DIVOPUS CAJAMARCA","departamento":"CAJAMARCA","provincia":"CAJAMARCA","distrito":"ENCAÑADA"},"geometry":{"type":"Point","coordinates":[-78.48042199899999,-6.8635549999999625]}},{"type":"Feature","properties":{"cod_regpol":"05R1","regionpol":"CAJAMARCA","cod_cpnp":"5066","comisaria":"CPNP LLUCHUBAMBA","tipo":"E","categoria":"CAJAMARCA","cod_uni":"223225","cod_divpol":"05R1B","divpol":"DIVOPUS CAJAMARCA","departamento":"CAJAMARCA","provincia":"CAJABAMBA","distrito":"SITACOCHA"},"geometry":{"type":"Point","coordinates":[-77.96955402999998,-7.51953065999993]}},{"type":"Feature","properties":{"cod_regpol":"05R1","regionpol":"CAJAMARCA","cod_cpnp":"5104","comisaria":"CPNP HUASMIN","tipo":"E","categoria":"CAJAMARCA","cod_uni":"223234","cod_divpol":"05R1B","divpol":"DIVOPUS CAJAMARCA","departamento":"CAJAMARCA","provincia":"CELENDIN","distrito":"HUASMIN"},"geometry":{"type":"Point","coordinates":[-78.24504905999999,-6.8369591099999525]}},{"type":"Feature","properties":{"cod_regpol":"05R1","regionpol":"CAJAMARCA","cod_cpnp":"0925","comisaria":"CPNP LLAMA","tipo":"E","categoria":"CAJAMARCA","cod_uni":"223289","cod_divpol":"05R1B","divpol":"DIVOPUS CAJAMARCA","departamento":"CAJAMARCA","provincia":"CHOTA","distrito":"LLAMA"},"geometry":{"type":"Point","coordinates":[-79.12031155999995,-6.512653029999967]}},{"type":"Feature","properties":{"cod_regpol":"05R1","regionpol":"CAJAMARCA","cod_cpnp":"0928","comisaria":"CPNP MIRACOSTA","tipo":"E","categoria":"CAJAMARCA","cod_uni":"223290","cod_divpol":"05R1B","divpol":"DIVOPUS CAJAMARCA","departamento":"CAJAMARCA","provincia":"CHOTA","distrito":"MIRACOSTA"},"geometry":{"type":"Point","coordinates":[-79.28352210999998,-6.405047190999937]}},{"type":"Feature","properties":{"cod_regpol":"05R1","regionpol":"CAJAMARCA","cod_cpnp":"5040","comisaria":"CPNP SAN BENITO","tipo":"E","categoria":"CAJAMARCA","cod_uni":"223260","cod_divpol":"05R1B","divpol":"DIVOPUS CAJAMARCA","departamento":"CAJAMARCA","provincia":"CONTUMAZA","distrito":"SAN BENITO"},"geometry":{"type":"Point","coordinates":[-78.92646299899997,-7.426388668999948]}},{"type":"Feature","properties":{"cod_regpol":"05R1","regionpol":"CAJAMARCA","cod_cpnp":"5041","comisaria":"CPNP LA PORTADA","tipo":"E","categoria":"CAJAMARCA","cod_uni":"223261","cod_divpol":"05R1B","divpol":"DIVOPUS CAJAMARCA","departamento":"CAJAMARCA","provincia":"CONTUMAZA","distrito":"SAN BENITO"},"geometry":{"type":"Point","coordinates":[-78.95591000099995,-7.607437999999945]}},{"type":"Feature","properties":{"cod_regpol":"05R1","regionpol":"CAJAMARCA","cod_cpnp":"5046","comisaria":"CPNP SANTA CRUZ DE TOLEDO","tipo":"E","categoria":"CAJAMARCA","cod_uni":"223263","cod_divpol":"05R1B","divpol":"DIVOPUS CAJAMARCA","departamento":"CAJAMARCA","provincia":"CONTUMAZA","distrito":"SANTA CRUZ DE TOLED"},"geometry":{"type":"Point","coordinates":[-78.83718467999995,-7.344303029999935]}},{"type":"Feature","properties":{"cod_regpol":"05R1","regionpol":"CAJAMARCA","cod_cpnp":"5032","comisaria":"CPNP TEMBLADERA","tipo":"C","categoria":"CAJAMARCA","cod_uni":"223275","cod_divpol":"05R1B","divpol":"DIVOPUS CAJAMARCA","departamento":"CAJAMARCA","provincia":"CONTUMAZA","distrito":"YONAN"},"geometry":{"type":"Point","coordinates":[-79.13045467999996,-7.253566389999946]}},{"type":"Feature","properties":{"cod_regpol":"05R1","regionpol":"CAJAMARCA","cod_cpnp":"1048","comisaria":"CPNP CHOROS","tipo":"E","categoria":"CAJAMARCA","cod_uni":"223314","cod_divpol":"05R1B","divpol":"DIVOPUS CAJAMARCA","departamento":"CAJAMARCA","provincia":"CUTERVO","distrito":"CHOROS"},"geometry":{"type":"Point","coordinates":[-78.69385454999997,-5.900086939999937]}},{"type":"Feature","properties":{"cod_regpol":"05R1","regionpol":"CAJAMARCA","cod_cpnp":"5158","comisaria":"CPNP QUEROCOTILLO","tipo":"E","categoria":"CAJAMARCA","cod_uni":"223307","cod_divpol":"05R1B","divpol":"DIVOPUS CAJAMARCA","departamento":"CAJAMARCA","provincia":"CUTERVO","distrito":"QUEROCOTILLO"},"geometry":{"type":"Point","coordinates":[-79.03862672999998,-6.273389849999944]}},{"type":"Feature","properties":{"cod_regpol":"07R1","regionpol":"CUSCO","cod_cpnp":"3537","comisaria":"CPNP PISAC","tipo":"C","categoria":"CUSCO","cod_uni":"218202","cod_divpol":"07R1B","divpol":"DIVOPUS CUSCO","departamento":"CUSCO","provincia":"CALCA","distrito":"PISAC"},"geometry":{"type":"Point","coordinates":[-71.85120353999997,-13.423245699999939]}},{"type":"Feature","properties":{"cod_regpol":"05R1","regionpol":"CAJAMARCA","cod_cpnp":"5054","comisaria":"CPNP JOSE SABOGAL","tipo":"D","categoria":"CAJAMARCA","cod_uni":"223220","cod_divpol":"05R1B","divpol":"DIVOPUS CAJAMARCA","departamento":"CAJAMARCA","provincia":"SAN MARCOS","distrito":"JOSE SABOGAL"},"geometry":{"type":"Point","coordinates":[-78.03688092999994,-7.2511100899999406]}},{"type":"Feature","properties":{"cod_regpol":"05R1","regionpol":"CAJAMARCA","cod_cpnp":"0882","comisaria":"CPNP NANCHOC","tipo":"E","categoria":"CAJAMARCA","cod_uni":"223253","cod_divpol":"05R1B","divpol":"DIVOPUS CAJAMARCA","departamento":"CAJAMARCA","provincia":"SAN MIGUEL","distrito":"NANCHOC"},"geometry":{"type":"Point","coordinates":[-79.24214643899995,-6.959223949999966]}},{"type":"Feature","properties":{"cod_regpol":"05R1","regionpol":"CAJAMARCA","cod_cpnp":"0872","comisaria":"CPNP NIEPOS","tipo":"E","categoria":"CAJAMARCA","cod_uni":"223251","cod_divpol":"05R1B","divpol":"DIVOPUS CAJAMARCA","departamento":"CAJAMARCA","provincia":"SAN MIGUEL","distrito":"NIEPOS"},"geometry":{"type":"Point","coordinates":[-79.12983021999997,-6.926112429999932]}},{"type":"Feature","properties":{"cod_regpol":"05R1","regionpol":"CAJAMARCA","cod_cpnp":"0885","comisaria":"CPNP LANCHEZ","tipo":"E","categoria":"CAJAMARCA","cod_uni":"223254","cod_divpol":"05R1B","divpol":"DIVOPUS CAJAMARCA","departamento":"CAJAMARCA","provincia":"SAN MIGUEL","distrito":"NIEPOS"},"geometry":{"type":"Point","coordinates":[-79.08791299999996,-6.934422998999935]}},{"type":"Feature","properties":{"cod_regpol":"05R1","regionpol":"CAJAMARCA","cod_cpnp":"5084","comisaria":"CPNP AGUA BLANCA","tipo":"E","categoria":"CAJAMARCA","cod_uni":"223245","cod_divpol":"05R1B","divpol":"DIVOPUS CAJAMARCA","departamento":"CAJAMARCA","provincia":"SAN MIGUEL","distrito":"UNION AGUA BLANCA"},"geometry":{"type":"Point","coordinates":[-79.06025066999996,-7.047313599999939]}},{"type":"Feature","properties":{"cod_regpol":"05R1","regionpol":"CAJAMARCA","cod_cpnp":"1022","comisaria":"CPNP CATACHE","tipo":"E","categoria":"CAJAMARCA","cod_uni":"223273","cod_divpol":"05R1B","divpol":"DIVOPUS CAJAMARCA","departamento":"CAJAMARCA","provincia":"SANTA CRUZ","distrito":"CATACHE"},"geometry":{"type":"Point","coordinates":[-79.03438878999998,-6.674849139999935]}},{"type":"Feature","properties":{"cod_regpol":"05R1","regionpol":"CAJAMARCA","cod_cpnp":"0892","comisaria":"CPNP UDIMA","tipo":"E","categoria":"CAJAMARCA","cod_uni":"223274","cod_divpol":"05R1B","divpol":"DIVOPUS CAJAMARCA","departamento":"CAJAMARCA","provincia":"SANTA CRUZ","distrito":"CATACHE"},"geometry":{"type":"Point","coordinates":[-79.08567676999996,-6.813197609999975]}},{"type":"Feature","properties":{"cod_regpol":"10R1","regionpol":"HUANCAVELICA","cod_cpnp":"3272","comisaria":"CPNP MARCAS","tipo":"D","categoria":"HUANCAVELICA","cod_uni":"218084","cod_divpol":"10R1A","divpol":"DIVOPUS HUANCAVELICA","departamento":"HUANCAVELICA","provincia":"ACOBAMBA","distrito":"MARCAS"},"geometry":{"type":"Point","coordinates":[-74.39570711999994,-12.888689549999981]}},{"type":"Feature","properties":{"cod_regpol":"07R1","regionpol":"CUSCO","cod_cpnp":"3622","comisaria":"CPNP POMACANCHI","tipo":"E","categoria":"CUSCO","cod_uni":"218247","cod_divpol":"07R1B","divpol":"DIVOPUS CUSCO","departamento":"CUSCO","provincia":"ACOMAYO","distrito":"POMACANCHI"},"geometry":{"type":"Point","coordinates":[-71.57052247999997,-14.034436839999955]}},{"type":"Feature","properties":{"cod_regpol":"07R1","regionpol":"CUSCO","cod_cpnp":"3547","comisaria":"CPNP CHINCHAYPUCYO","tipo":"E","categoria":"CUSCO","cod_uni":"218242","cod_divpol":"07R1B","divpol":"DIVOPUS CUSCO","departamento":"CUSCO","provincia":"ANTA","distrito":"CHINCHAYPUJIO"},"geometry":{"type":"Point","coordinates":[-72.23568455999998,-13.630678559999978]}},{"type":"Feature","properties":{"cod_regpol":"07R1","regionpol":"CUSCO","cod_cpnp":"3548","comisaria":"CPNP HUAROCONDO","tipo":"E","categoria":"CUSCO","cod_uni":"218239","cod_divpol":"07R1B","divpol":"DIVOPUS CUSCO","departamento":"CUSCO","provincia":"ANTA","distrito":"HUAROCONDO"},"geometry":{"type":"Point","coordinates":[-72.20524946999996,-13.416517079999949]}},{"type":"Feature","properties":{"cod_regpol":"07R1","regionpol":"CUSCO","cod_cpnp":"3518","comisaria":"CPNP SAN SALVADOR","tipo":"E","categoria":"CUSCO","cod_uni":"218201","cod_divpol":"07R1B","divpol":"DIVOPUS CUSCO","departamento":"CUSCO","provincia":"CALCA","distrito":"SAN SALVADOR"},"geometry":{"type":"Point","coordinates":[-71.77832010099996,-13.492688739999949]}},{"type":"Feature","properties":{"cod_regpol":"07R1","regionpol":"CUSCO","cod_cpnp":"3549","comisaria":"CPNP LIMATAMBO","tipo":"D","categoria":"CUSCO","cod_uni":"218240","cod_divpol":"07R1B","divpol":"DIVOPUS CUSCO","departamento":"CUSCO","provincia":"ANTA","distrito":"LIMATAMBO"},"geometry":{"type":"Point","coordinates":[-72.44599872999999,-13.480015609999953]}},{"type":"Feature","properties":{"cod_regpol":"07R1","regionpol":"CUSCO","cod_cpnp":"3543","comisaria":"CPNP MOLLEPATA","tipo":"E","categoria":"CUSCO","cod_uni":"218243","cod_divpol":"07R1B","divpol":"DIVOPUS CUSCO","departamento":"CUSCO","provincia":"ANTA","distrito":"MOLLEPATA"},"geometry":{"type":"Point","coordinates":[-72.52750098999996,-13.508412589999978]}},{"type":"Feature","properties":{"cod_regpol":"07R1","regionpol":"CUSCO","cod_cpnp":"3542","comisaria":"CPNP PUCYURA","tipo":"E","categoria":"CUSCO","cod_uni":"218241","cod_divpol":"07R1B","divpol":"DIVOPUS CUSCO","departamento":"CUSCO","provincia":"ANTA","distrito":"PUCYURA"},"geometry":{"type":"Point","coordinates":[-72.11184396999994,-13.48128319999995]}},{"type":"Feature","properties":{"cod_regpol":"07R1","regionpol":"CUSCO","cod_cpnp":"3552","comisaria":"CPNP AMPARAES","tipo":"E","categoria":"CUSCO","cod_uni":"218205","cod_divpol":"07R1B","divpol":"DIVOPUS CUSCO","departamento":"CUSCO","provincia":"CALCA","distrito":"LARES"},"geometry":{"type":"Point","coordinates":[-71.94598356099993,-13.05479405999995]}},{"type":"Feature","properties":{"cod_regpol":"07R1","regionpol":"CUSCO","cod_cpnp":"3662","comisaria":"CPNP ACCHA","tipo":"E","categoria":"CUSCO","cod_uni":"218256","cod_divpol":"07R1B","divpol":"DIVOPUS CUSCO","departamento":"CUSCO","provincia":"PARURO","distrito":"ACCHA"},"geometry":{"type":"Point","coordinates":[-71.83037313999995,-13.969630238999969]}},{"type":"Feature","properties":{"cod_regpol":"07R1","regionpol":"CUSCO","cod_cpnp":"3659","comisaria":"CPNP CCAPI","tipo":"E","categoria":"CUSCO","cod_uni":"218257","cod_divpol":"07R1B","divpol":"DIVOPUS CUSCO","departamento":"CUSCO","provincia":"PARURO","distrito":"CCAPI"},"geometry":{"type":"Point","coordinates":[-72.07737685999996,-13.856891420999943]}},{"type":"Feature","properties":{"cod_regpol":"07R1","regionpol":"CUSCO","cod_cpnp":"3660","comisaria":"CPNP HUANOQUITE","tipo":"E","categoria":"CUSCO","cod_uni":"218254","cod_divpol":"07R1B","divpol":"DIVOPUS CUSCO","departamento":"CUSCO","provincia":"PARURO","distrito":"HUANOQUITE"},"geometry":{"type":"Point","coordinates":[-72.01657106999994,-13.681969359999982]}},{"type":"Feature","properties":{"cod_regpol":"07R1","regionpol":"CUSCO","cod_cpnp":"3584","comisaria":"CPNP HUANCARANI","tipo":"E","categoria":"CUSCO","cod_uni":"218227","cod_divpol":"07R1B","divpol":"DIVOPUS CUSCO","departamento":"CUSCO","provincia":"PAUCARTAMBO","distrito":"HUANCARANI"},"geometry":{"type":"Point","coordinates":[-71.65617667999999,-13.503133729999945]}},{"type":"Feature","properties":{"cod_regpol":"07R1","regionpol":"CUSCO","cod_cpnp":"3556","comisaria":"CPNP HUARO","tipo":"E","categoria":"CUSCO","cod_uni":"218212","cod_divpol":"07R1B","divpol":"DIVOPUS CUSCO","departamento":"CUSCO","provincia":"QUISPICANCHI","distrito":"HUARO"},"geometry":{"type":"Point","coordinates":[-71.63924215999998,-13.692201989999944]}},{"type":"Feature","properties":{"cod_regpol":"07R1","regionpol":"CUSCO","cod_cpnp":"3555","comisaria":"CPNP CCATCCA","tipo":"D","categoria":"CUSCO","cod_uni":"218210","cod_divpol":"07R1B","divpol":"DIVOPUS CUSCO","departamento":"CUSCO","provincia":"QUISPICANCHI","distrito":"CCATCA"},"geometry":{"type":"Point","coordinates":[-71.56202252999998,-13.604562680999948]}},{"type":"Feature","properties":{"cod_regpol":"07R1","regionpol":"CUSCO","cod_cpnp":"3568","comisaria":"CPNP KCAURI","tipo":"E","categoria":"CUSCO","cod_uni":"218221","cod_divpol":"07R1B","divpol":"DIVOPUS CUSCO","departamento":"CUSCO","provincia":"QUISPICANCHI","distrito":"CCATCA"},"geometry":{"type":"Point","coordinates":[-71.52801424899997,-13.634598640999968]}},{"type":"Feature","properties":{"cod_regpol":"10R1","regionpol":"HUANCAVELICA","cod_cpnp":"3216","comisaria":"CPNP MOYA","tipo":"D","categoria":"HUANCAVELICA","cod_uni":"218064","cod_divpol":"10R1A","divpol":"DIVOPUS HUANCAVELICA","departamento":"HUANCAVELICA","provincia":"HUANCAVELICA","distrito":"MOYA"},"geometry":{"type":"Point","coordinates":[-75.15118846999997,-12.421270579999941]}},{"type":"Feature","properties":{"cod_regpol":"07R1","regionpol":"CUSCO","cod_cpnp":"3570","comisaria":"CPNP OCONGATE","tipo":"D","categoria":"CUSCO","cod_uni":"218220","cod_divpol":"07R1B","divpol":"DIVOPUS CUSCO","departamento":"CUSCO","provincia":"QUISPICANCHI","distrito":"OCONGATE"},"geometry":{"type":"Point","coordinates":[-71.38852210999994,-13.627154679999933]}},{"type":"Feature","properties":{"cod_regpol":"07R1","regionpol":"CUSCO","cod_cpnp":"3557","comisaria":"CPNP QUIQUIJANA","tipo":"D","categoria":"CUSCO","cod_uni":"218211","cod_divpol":"07R1B","divpol":"DIVOPUS CUSCO","departamento":"CUSCO","provincia":"QUISPICANCHI","distrito":"QUIQUIJANA"},"geometry":{"type":"Point","coordinates":[-71.54134802999994,-13.822934049999958]}},{"type":"Feature","properties":{"cod_regpol":"10R1","regionpol":"HUANCAVELICA","cod_cpnp":"3218","comisaria":"CPNP HUACHOCOLPA","tipo":"D","categoria":"HUANCAVELICA","cod_uni":"218065","cod_divpol":"10R1A","divpol":"DIVOPUS HUANCAVELICA","departamento":"HUANCAVELICA","provincia":"HUANCAVELICA","distrito":"HUACHOCOLPA"},"geometry":{"type":"Point","coordinates":[-74.94707880999994,-13.031562968999935]}},{"type":"Feature","properties":{"cod_regpol":"10R1","regionpol":"HUANCAVELICA","cod_cpnp":"3205","comisaria":"CPNP IZCUCHACA","tipo":"D","categoria":"HUANCAVELICA","cod_uni":"218055","cod_divpol":"10R1A","divpol":"DIVOPUS HUANCAVELICA","departamento":"HUANCAVELICA","provincia":"HUANCAVELICA","distrito":"IZCUCHACA"},"geometry":{"type":"Point","coordinates":[-74.99582851999998,-12.501216599999964]}},{"type":"Feature","properties":{"cod_regpol":"10R1","regionpol":"HUANCAVELICA","cod_cpnp":"3215","comisaria":"CPNP YAULI","tipo":"D","categoria":"HUANCAVELICA","cod_uni":"218059","cod_divpol":"10R1A","divpol":"DIVOPUS HUANCAVELICA","departamento":"HUANCAVELICA","provincia":"HUANCAVELICA","distrito":"YAULI"},"geometry":{"type":"Point","coordinates":[-74.85190957999998,-12.769329729999981]}},{"type":"Feature","properties":{"cod_regpol":"10R1","regionpol":"HUANCAVELICA","cod_cpnp":"3212","comisaria":"CPNP HUANDO","tipo":"D","categoria":"HUANCAVELICA","cod_uni":"218060","cod_divpol":"10R1A","divpol":"DIVOPUS HUANCAVELICA","departamento":"HUANCAVELICA","provincia":"HUANCAVELICA","distrito":"HUANDO"},"geometry":{"type":"Point","coordinates":[-74.94752733999997,-12.563792969999952]}},{"type":"Feature","properties":{"cod_regpol":"10R1","regionpol":"HUANCAVELICA","cod_cpnp":"3270","comisaria":"CPNP PAUCARA","tipo":"D","categoria":"HUANCAVELICA","cod_uni":"218083","cod_divpol":"10R1A","divpol":"DIVOPUS HUANCAVELICA","departamento":"HUANCAVELICA","provincia":"ACOBAMBA","distrito":"PAUCARA"},"geometry":{"type":"Point","coordinates":[-74.66588929999995,-12.724561499999936]}},{"type":"Feature","properties":{"cod_regpol":"10R1","regionpol":"HUANCAVELICA","cod_cpnp":"3237","comisaria":"CPNP CCOCHACCASA","tipo":"E","categoria":"HUANCAVELICA","cod_uni":"218089","cod_divpol":"10R1A","divpol":"DIVOPUS HUANCAVELICA","departamento":"HUANCAVELICA","provincia":"ANGARAES","distrito":"CCOCHACCASA"},"geometry":{"type":"Point","coordinates":[-74.76628667999995,-12.932167719999939]}},{"type":"Feature","properties":{"cod_regpol":"10R1","regionpol":"HUANCAVELICA","cod_cpnp":"3235","comisaria":"CPNP CONGALLA","tipo":"E","categoria":"HUANCAVELICA","cod_uni":"218088","cod_divpol":"10R1A","divpol":"DIVOPUS HUANCAVELICA","departamento":"HUANCAVELICA","provincia":"ANGARAES","distrito":"CONGALLA"},"geometry":{"type":"Point","coordinates":[-74.49253693999998,-12.95598364999995]}},{"type":"Feature","properties":{"cod_regpol":"10R1","regionpol":"HUANCAVELICA","cod_cpnp":"3260","comisaria":"CPNP VILLA DE ARMA","tipo":"D","categoria":"HUANCAVELICA","cod_uni":"218078","cod_divpol":"10R1A","divpol":"DIVOPUS HUANCAVELICA","departamento":"HUANCAVELICA","provincia":"CASTROVIRREYNA","distrito":"ARMA"},"geometry":{"type":"Point","coordinates":[-75.54297240999995,-13.125955899999951]}},{"type":"Feature","properties":{"cod_regpol":"10R1","regionpol":"HUANCAVELICA","cod_cpnp":"3258","comisaria":"CPNP AURAHUA","tipo":"D","categoria":"HUANCAVELICA","cod_uni":"218077","cod_divpol":"10R1A","divpol":"DIVOPUS HUANCAVELICA","departamento":"HUANCAVELICA","provincia":"CASTROVIRREYNA","distrito":"AURAHUA"},"geometry":{"type":"Point","coordinates":[-75.56988572999995,-13.033861549999926]}},{"type":"Feature","properties":{"cod_regpol":"10R1","regionpol":"HUANCAVELICA","cod_cpnp":"3280","comisaria":"CPNP MAYOCC","tipo":"D","categoria":"HUANCAVELICA","cod_uni":"220801","cod_divpol":"10R1A","divpol":"DIVOPUS HUANCAVELICA","departamento":"HUANCAVELICA","provincia":"CHURCAMPA","distrito":"SAN MIGUEL DE MAYOCC"},"geometry":{"type":"Point","coordinates":[-74.38677509999997,-12.810231679999958]}},{"type":"Feature","properties":{"cod_regpol":"10R1","regionpol":"HUANCAVELICA","cod_cpnp":"3262","comisaria":"CPNP CHUPAMARCA","tipo":"E","categoria":"HUANCAVELICA","cod_uni":"218073","cod_divpol":"10R1A","divpol":"DIVOPUS HUANCAVELICA","departamento":"HUANCAVELICA","provincia":"CASTROVIRREYNA","distrito":"CHUPAMARCA"},"geometry":{"type":"Point","coordinates":[-75.61032317999997,-13.037241199999926]}},{"type":"Feature","properties":{"cod_regpol":"10R1","regionpol":"HUANCAVELICA","cod_cpnp":"3256","comisaria":"CPNP TICRAPO","tipo":"D","categoria":"HUANCAVELICA","cod_uni":"218076","cod_divpol":"10R1A","divpol":"DIVOPUS HUANCAVELICA","departamento":"HUANCAVELICA","provincia":"CASTROVIRREYNA","distrito":"TICRAPO"},"geometry":{"type":"Point","coordinates":[-75.43366372999998,-13.387343839999971]}},{"type":"Feature","properties":{"cod_regpol":"10R1","regionpol":"HUANCAVELICA","cod_cpnp":"3281","comisaria":"CPNP ANCO","tipo":"D","categoria":"HUANCAVELICA","cod_uni":"220804","cod_divpol":"10R1A","divpol":"DIVOPUS HUANCAVELICA","departamento":"HUANCAVELICA","provincia":"CHURCAMPA","distrito":"ANCO"},"geometry":{"type":"Point","coordinates":[-74.58698540999995,-12.67876827899994]}},{"type":"Feature","properties":{"cod_regpol":"09R1","regionpol":"ICA","cod_cpnp":"3294","comisaria":"CPNP CORDOVA","tipo":"E","categoria":"HUANCAVELICA","cod_uni":"223605","cod_divpol":"09R1B","divpol":"DIVOPUS ICA","departamento":"HUANCAVELICA","provincia":"HUAYTARA","distrito":"CORDOVA"},"geometry":{"type":"Point","coordinates":[-75.18395783999995,-14.038307589999931]}},{"type":"Feature","properties":{"cod_regpol":"10R1","regionpol":"HUANCAVELICA","cod_cpnp":"7542","comisaria":"CPNP ACOSTAMBO","tipo":"D","categoria":"HUANCAVELICA","cod_uni":"218067","cod_divpol":"10R1A","divpol":"DIVOPUS HUANCAVELICA","departamento":"HUANCAVELICA","provincia":"TAYACAJA","distrito":"ACOSTAMBO"},"geometry":{"type":"Point","coordinates":[-75.05506759999997,-12.362321109999982]}},{"type":"Feature","properties":{"cod_regpol":"10R1","regionpol":"HUANCAVELICA","cod_cpnp":"3210","comisaria":"CPNP MARISCAL CACERES","tipo":"D","categoria":"HUANCAVELICA","cod_uni":"218058","cod_divpol":"10R1A","divpol":"DIVOPUS HUANCAVELICA","departamento":"HUANCAVELICA","provincia":"TAYACAJA","distrito":"AHUAYCHA"},"geometry":{"type":"Point","coordinates":[-74.93012999999996,-12.533127999999977]}},{"type":"Feature","properties":{"cod_regpol":"10R1","regionpol":"HUANCAVELICA","cod_cpnp":"3204","comisaria":"CPNP QUICHUAS","tipo":"D","categoria":"HUANCAVELICA","cod_uni":"224298","cod_divpol":"10R1A","divpol":"DIVOPUS HUANCAVELICA","departamento":"HUANCAVELICA","provincia":"TAYACAJA","distrito":"QUICHUAS"},"geometry":{"type":"Point","coordinates":[-74.76764326999995,-12.472252579999974]}},{"type":"Feature","properties":{"cod_regpol":"10R1","regionpol":"HUANCAVELICA","cod_cpnp":"7535","comisaria":"CPNP PAZOS","tipo":"D","categoria":"HUANCAVELICA","cod_uni":"220798","cod_divpol":"10R1A","divpol":"DIVOPUS HUANCAVELICA","departamento":"HUANCAVELICA","provincia":"TAYACAJA","distrito":"PAZOS"},"geometry":{"type":"Point","coordinates":[-75.07029484999998,-12.259187839999981]}},{"type":"Feature","properties":{"cod_regpol":"08R1","regionpol":"HUANUCO","cod_cpnp":"5910","comisaria":"CPNP MARGOS","tipo":"D","categoria":"HUANUCO","cod_uni":"217497","cod_divpol":"08R1B","divpol":"DIVOPUS HUANUCO","departamento":"HUANUCO","provincia":"HUANUCO","distrito":"MARGOS"},"geometry":{"type":"Point","coordinates":[-76.52337714999999,-10.004534169999943]}},{"type":"Feature","properties":{"cod_regpol":"08R1","regionpol":"HUANUCO","cod_cpnp":"5942","comisaria":"CPNP CAYNA","tipo":"E","categoria":"HUANUCO","cod_uni":"217501","cod_divpol":"08R1B","divpol":"DIVOPUS HUANUCO","departamento":"HUANUCO","provincia":"AMBO","distrito":"CAYNA"},"geometry":{"type":"Point","coordinates":[-76.38899440999995,-10.27181153999993]}},{"type":"Feature","properties":{"cod_regpol":"08R1","regionpol":"HUANUCO","cod_cpnp":"5912","comisaria":"CPNP SAN PEDRO DE CHAULAN","tipo":"D","categoria":"HUANUCO","cod_uni":"217496","cod_divpol":"08R1B","divpol":"DIVOPUS HUANUCO","departamento":"HUANUCO","provincia":"HUANUCO","distrito":"SAN PEDRO DE CHAULAN"},"geometry":{"type":"Point","coordinates":[-76.48557246999997,-10.05600622999998]}},{"type":"Feature","properties":{"cod_regpol":"08R1","regionpol":"HUANUCO","cod_cpnp":"5945","comisaria":"CPNP SAN RAFAEL","tipo":"D","categoria":"HUANUCO","cod_uni":"217502","cod_divpol":"08R1B","divpol":"DIVOPUS HUANUCO","departamento":"HUANUCO","provincia":"AMBO","distrito":"SAN RAFAEL"},"geometry":{"type":"Point","coordinates":[-76.18212501899995,-10.338499980999927]}},{"type":"Feature","properties":{"cod_regpol":"08R1","regionpol":"HUANUCO","cod_cpnp":"8395","comisaria":"CPNP CHAVIN DE PARIARCA","tipo":"E","categoria":"HUANUCO","cod_uni":"226572","cod_divpol":"08R1B","divpol":"DIVOPUS HUANUCO","departamento":"HUANUCO","provincia":"HUAMALIES","distrito":"CHAVIN DE PARIARCA"},"geometry":{"type":"Point","coordinates":[-76.77135619999996,-9.422978799999953]}},{"type":"Feature","properties":{"cod_regpol":"09R1","regionpol":"ICA","cod_cpnp":"5346","comisaria":"CPNP INDEPENDENCIA","tipo":"D","categoria":"ICA","cod_uni":"223594","cod_divpol":"09R1B","divpol":"DIVOPUS ICA","departamento":"ICA","provincia":"PISCO","distrito":"INDEPENDENCIA"},"geometry":{"type":"Point","coordinates":[-76.03019210999997,-13.693233479999947]}},{"type":"Feature","properties":{"cod_regpol":"08R1","regionpol":"HUANUCO","cod_cpnp":"5925","comisaria":"CPNP BAÑOS","tipo":"E","categoria":"HUANUCO","cod_uni":"221729","cod_divpol":"08R1B","divpol":"DIVOPUS HUANUCO","departamento":"HUANUCO","provincia":"LAURICOCHA","distrito":"BAÑOS"},"geometry":{"type":"Point","coordinates":[-76.73554698999999,-10.075708599999928]}},{"type":"Feature","properties":{"cod_regpol":"08R1","regionpol":"HUANUCO","cod_cpnp":"5935","comisaria":"CPNP RONDOS","tipo":"E","categoria":"HUANUCO","cod_uni":"221727","cod_divpol":"08R1B","divpol":"DIVOPUS HUANUCO","departamento":"HUANUCO","provincia":"LAURICOCHA","distrito":"RONDOS"},"geometry":{"type":"Point","coordinates":[-76.68901750099997,-9.983718540999973]}},{"type":"Feature","properties":{"cod_regpol":"09R1","regionpol":"ICA","cod_cpnp":"5320","comisaria":"CPNP OCUCAJE","tipo":"C","categoria":"ICA","cod_uni":"223548","cod_divpol":"09R1B","divpol":"DIVOPUS ICA","departamento":"ICA","provincia":"ICA","distrito":"OCUCAJE"},"geometry":{"type":"Point","coordinates":[-75.67159479999998,-14.346873949999974]}},{"type":"Feature","properties":{"cod_regpol":"09R1","regionpol":"ICA","cod_cpnp":"5362","comisaria":"CPNP EL INGENIO","tipo":"D","categoria":"ICA","cod_uni":"223558","cod_divpol":"09R1B","divpol":"DIVOPUS ICA","departamento":"ICA","provincia":"NASCA","distrito":"EL INGENIO"},"geometry":{"type":"Point","coordinates":[-75.05979089099998,-14.645443679999971]}},{"type":"Feature","properties":{"cod_regpol":"09R1","regionpol":"ICA","cod_cpnp":"5350","comisaria":"CPNP HUMAY","tipo":"D","categoria":"ICA","cod_uni":"223598","cod_divpol":"09R1B","divpol":"DIVOPUS ICA","departamento":"ICA","provincia":"PISCO","distrito":"HUMAY"},"geometry":{"type":"Point","coordinates":[-75.88929408999996,-13.723638340999969]}},{"type":"Feature","properties":{"cod_regpol":"10R2","regionpol":"JUNIN","cod_cpnp":"3120","comisaria":"CPNP SAN LUIS DE SHUARO","tipo":"D","categoria":"JUNIN","cod_uni":"217918","cod_divpol":"10R2B","divpol":"DIVOPUS CHANCHAMAYO","departamento":"JUNIN","provincia":"CHANCHAMAYO","distrito":"SAN LUIS DE SHUARO"},"geometry":{"type":"Point","coordinates":[-75.28732448999995,-10.88796089899995]}},{"type":"Feature","properties":{"cod_regpol":"10R2","regionpol":"JUNIN","cod_cpnp":"3042","comisaria":"CPNP SINCOS","tipo":"C","categoria":"JUNIN","cod_uni":"217876","cod_divpol":"10R2A","divpol":"DIVOPUS HUANCAYO","departamento":"JUNIN","provincia":"JAUJA","distrito":"SINCOS"},"geometry":{"type":"Point","coordinates":[-75.38675856899994,-11.891443120999952]}},{"type":"Feature","properties":{"cod_regpol":"10R2","regionpol":"JUNIN","cod_cpnp":"3023","comisaria":"CPNP RIO NEGRO","tipo":"C","categoria":"JUNIN","cod_uni":"224299","cod_divpol":"10R2B","divpol":"DIVOPUS CHANCHAMAYO","departamento":"JUNIN","provincia":"SATIPO","distrito":"RIO NEGRO"},"geometry":{"type":"Point","coordinates":[-74.65951206599993,-11.20945259499996]}},{"type":"Feature","properties":{"cod_regpol":"10R2","regionpol":"JUNIN","cod_cpnp":"3135","comisaria":"CPNP PALCA","tipo":"D","categoria":"JUNIN","cod_uni":"217922","cod_divpol":"10R2B","divpol":"DIVOPUS CHANCHAMAYO","departamento":"JUNIN","provincia":"TARMA","distrito":"PALCA"},"geometry":{"type":"Point","coordinates":[-75.56509176899993,-11.344473709999932]}},{"type":"Feature","properties":{"cod_regpol":"11R1","regionpol":"LA LIBERTAD","cod_cpnp":"1132","comisaria":"CPNP POROTO","tipo":"E","categoria":"LA LIBERTAD","cod_uni":"216990","cod_divpol":"11R1B","divpol":"DIVPOL TRUJILLO","departamento":"LA LIBERTAD","provincia":"TRUJILLO","distrito":"POROTO"},"geometry":{"type":"Point","coordinates":[-78.76910688999999,-8.01101972999993]}},{"type":"Feature","properties":{"cod_regpol":"11R1","regionpol":"LA LIBERTAD","cod_cpnp":"1135","comisaria":"CPNP SIMBAL","tipo":"E","categoria":"LA LIBERTAD","cod_uni":"216991","cod_divpol":"11R1B","divpol":"DIVPOL TRUJILLO","departamento":"LA LIBERTAD","provincia":"TRUJILLO","distrito":"SIMBAL"},"geometry":{"type":"Point","coordinates":[-78.81396658999995,-7.976432399999965]}},{"type":"Feature","properties":{"cod_regpol":"11R1","regionpol":"LA LIBERTAD","cod_cpnp":"1227","comisaria":"CPNP RAZURI","tipo":"C","categoria":"LA LIBERTAD","cod_uni":"217024","cod_divpol":"11R1A","divpol":"DIVPOL PAIJAN","departamento":"LA LIBERTAD","provincia":"ASCOPE","distrito":"RAZURI"},"geometry":{"type":"Point","coordinates":[-79.43761768999997,-7.700966969999968]}},{"type":"Feature","properties":{"cod_regpol":"11R1","regionpol":"LA LIBERTAD","cod_cpnp":"1166","comisaria":"CPNP CARABAMBA","tipo":"E","categoria":"LA LIBERTAD","cod_uni":"217006","cod_divpol":"11R1B","divpol":"DIVPOL TRUJILLO","departamento":"LA LIBERTAD","provincia":"JULCAN","distrito":"CARABAMBA"},"geometry":{"type":"Point","coordinates":[-78.60633376999994,-8.110834808999925]}},{"type":"Feature","properties":{"cod_regpol":"11R1","regionpol":"LA LIBERTAD","cod_cpnp":"1162","comisaria":"CPNP MACHE","tipo":"E","categoria":"LA LIBERTAD","cod_uni":"217005","cod_divpol":"11R1B","divpol":"DIVPOL TRUJILLO","departamento":"LA LIBERTAD","provincia":"OTUZCO","distrito":"MACHE"},"geometry":{"type":"Point","coordinates":[-78.53407490999996,-8.030813709999961]}},{"type":"Feature","properties":{"cod_regpol":"11R1","regionpol":"LA LIBERTAD","cod_cpnp":"1164","comisaria":"CPNP AGALLPAMPA","tipo":"D","categoria":"LA LIBERTAD","cod_uni":"217007","cod_divpol":"11R1B","divpol":"DIVPOL TRUJILLO","departamento":"LA LIBERTAD","provincia":"OTUZCO","distrito":"AGALLPAMPA"},"geometry":{"type":"Point","coordinates":[-78.54630921999996,-7.981981209999958]}},{"type":"Feature","properties":{"cod_regpol":"11R1","regionpol":"LA LIBERTAD","cod_cpnp":"1148","comisaria":"CPNP CHARAT","tipo":"E","categoria":"LA LIBERTAD","cod_uni":"216997","cod_divpol":"11R1B","divpol":"DIVPOL TRUJILLO","departamento":"LA LIBERTAD","provincia":"OTUZCO","distrito":"CHARAT"},"geometry":{"type":"Point","coordinates":[-78.44832823999997,-7.8232009599999515]}},{"type":"Feature","properties":{"cod_regpol":"11R1","regionpol":"LA LIBERTAD","cod_cpnp":"1154","comisaria":"CPNP CALLANCAS","tipo":"E","categoria":"LA LIBERTAD","cod_uni":"217000","cod_divpol":"11R1B","divpol":"DIVPOL TRUJILLO","departamento":"LA LIBERTAD","provincia":"OTUZCO","distrito":"CHARAT"},"geometry":{"type":"Point","coordinates":[-78.47858679999996,-7.766372409999974]}},{"type":"Feature","properties":{"cod_regpol":"11R1","regionpol":"LA LIBERTAD","cod_cpnp":"1152","comisaria":"CPNP HUARANCHAL","tipo":"E","categoria":"LA LIBERTAD","cod_uni":"216999","cod_divpol":"11R1B","divpol":"DIVPOL TRUJILLO","departamento":"LA LIBERTAD","provincia":"OTUZCO","distrito":"HUARANCHAL"},"geometry":{"type":"Point","coordinates":[-78.44251219099993,-7.689536719999978]}},{"type":"Feature","properties":{"cod_regpol":"11R1","regionpol":"LA LIBERTAD","cod_cpnp":"1167","comisaria":"CPNP SALPO","tipo":"E","categoria":"LA LIBERTAD","cod_uni":"217009","cod_divpol":"11R1B","divpol":"DIVPOL TRUJILLO","departamento":"LA LIBERTAD","provincia":"OTUZCO","distrito":"SALPO"},"geometry":{"type":"Point","coordinates":[-78.59812551999994,-8.002644889999942]}},{"type":"Feature","properties":{"cod_regpol":"11R1","regionpol":"LA LIBERTAD","cod_cpnp":"1145","comisaria":"CPNP SINSICAP","tipo":"D","categoria":"LA LIBERTAD","cod_uni":"216996","cod_divpol":"11R1B","divpol":"DIVPOL TRUJILLO","departamento":"LA LIBERTAD","provincia":"OTUZCO","distrito":"SINSICAP"},"geometry":{"type":"Point","coordinates":[-78.75449364999997,-7.851559149999957]}},{"type":"Feature","properties":{"cod_regpol":"11R1","regionpol":"LA LIBERTAD","cod_cpnp":"1150","comisaria":"CPNP USQUIL","tipo":"D","categoria":"LA LIBERTAD","cod_uni":"216998","cod_divpol":"11R1B","divpol":"DIVPOL TRUJILLO","departamento":"LA LIBERTAD","provincia":"OTUZCO","distrito":"USQUIL"},"geometry":{"type":"Point","coordinates":[-78.41734860999998,-7.816449639999973]}},{"type":"Feature","properties":{"cod_regpol":"11R1","regionpol":"LA LIBERTAD","cod_cpnp":"1263","comisaria":"CPNP LUCMA","tipo":"E","categoria":"LA LIBERTAD","cod_uni":"217048","cod_divpol":"11R1A","divpol":"DIVPOL PAIJAN","departamento":"LA LIBERTAD","provincia":"GRAN CHIMU","distrito":"LUCMA"},"geometry":{"type":"Point","coordinates":[-78.55204718999994,-7.640694369999949]}},{"type":"Feature","properties":{"cod_regpol":"11R1","regionpol":"LA LIBERTAD","cod_cpnp":"1254","comisaria":"CPNP COMPIN","tipo":"E","categoria":"LA LIBERTAD","cod_uni":"217045","cod_divpol":"11R1A","divpol":"DIVPOL PAIJAN","departamento":"LA LIBERTAD","provincia":"GRAN CHIMU","distrito":"MARMOT"},"geometry":{"type":"Point","coordinates":[-78.62586618999995,-7.698181269999964]}},{"type":"Feature","properties":{"cod_regpol":"11R1","regionpol":"LA LIBERTAD","cod_cpnp":"1257","comisaria":"CPNP SAYAPULLO","tipo":"D","categoria":"LA LIBERTAD","cod_uni":"217046","cod_divpol":"11R1A","divpol":"DIVPOL PAIJAN","departamento":"LA LIBERTAD","provincia":"GRAN CHIMU","distrito":"SAYAPULLO"},"geometry":{"type":"Point","coordinates":[-78.46623661999996,-7.59572739999993]}},{"type":"Feature","properties":{"cod_regpol":"18R1","regionpol":"PUNO","cod_cpnp":"4570","comisaria":"CPNP CONIMA","tipo":"D","categoria":"PUNO","cod_uni":"219339","cod_divpol":"18R1A","divpol":"DIVOPUS JULIACA","departamento":"PUNO","provincia":"MOHO","distrito":"CONIMA"},"geometry":{"type":"Point","coordinates":[-69.43665059999995,-15.45931915999995]}},{"type":"Feature","properties":{"cod_regpol":"18R1","regionpol":"PUNO","cod_cpnp":"4602","comisaria":"CPNP JOSE DOMINGO CHOQUEHUANCA","tipo":"E","categoria":"PUNO","cod_uni":"219344","cod_divpol":"18R1A","divpol":"DIVOPUS JULIACA","departamento":"PUNO","provincia":"AZANGARO","distrito":"JOSE DOMINGO CHOQUEHUANCA"},"geometry":{"type":"Point","coordinates":[-70.34078020999993,-15.030959909999979]}},{"type":"Feature","properties":{"cod_regpol":"18R1","regionpol":"PUNO","cod_cpnp":"4608","comisaria":"CPNP ARAPA","tipo":"D","categoria":"PUNO","cod_uni":"219347","cod_divpol":"18R1A","divpol":"DIVOPUS JULIACA","departamento":"PUNO","provincia":"AZANGARO","distrito":"ARAPA"},"geometry":{"type":"Point","coordinates":[-70.10989561999997,-15.13943618999997]}},{"type":"Feature","properties":{"cod_regpol":"18R1","regionpol":"PUNO","cod_cpnp":"4604","comisaria":"CPNP ASILLO","tipo":"E","categoria":"PUNO","cod_uni":"219345","cod_divpol":"18R1A","divpol":"DIVOPUS JULIACA","departamento":"PUNO","provincia":"AZANGARO","distrito":"ASILLO"},"geometry":{"type":"Point","coordinates":[-70.35431336999994,-14.786267099999975]}},{"type":"Feature","properties":{"cod_regpol":"18R1","regionpol":"PUNO","cod_cpnp":"4606","comisaria":"CPNP SAN ANTON","tipo":"E","categoria":"PUNO","cod_uni":"219346","cod_divpol":"18R1A","divpol":"DIVOPUS JULIACA","departamento":"PUNO","provincia":"AZANGARO","distrito":"SAN ANTON"},"geometry":{"type":"Point","coordinates":[-70.31689137999996,-14.583771099999979]}},{"type":"Feature","properties":{"cod_regpol":"18R1","regionpol":"PUNO","cod_cpnp":"4552","comisaria":"CPNP PUSI","tipo":"E","categoria":"PUNO","cod_uni":"219336","cod_divpol":"18R1A","divpol":"DIVOPUS JULIACA","departamento":"PUNO","provincia":"HUANCANE","distrito":"PUSI"},"geometry":{"type":"Point","coordinates":[-69.92913692999997,-15.442165049999971]}},{"type":"Feature","properties":{"cod_regpol":"18R1","regionpol":"PUNO","cod_cpnp":"4565","comisaria":"CPNP ROSASPATA","tipo":"E","categoria":"PUNO","cod_uni":"219340","cod_divpol":"18R1A","divpol":"DIVOPUS JULIACA","departamento":"PUNO","provincia":"HUANCANE","distrito":"ROSASPATA"},"geometry":{"type":"Point","coordinates":[-69.52808823999999,-15.235017869999979]}},{"type":"Feature","properties":{"cod_regpol":"18R1","regionpol":"PUNO","cod_cpnp":"4581","comisaria":"CPNP CABANILLA","tipo":"E","categoria":"PUNO","cod_uni":"219314","cod_divpol":"18R1A","divpol":"DIVOPUS JULIACA","departamento":"PUNO","provincia":"LAMPA","distrito":"CABANILLA"},"geometry":{"type":"Point","coordinates":[-70.34426249099994,-15.619702639999957]}},{"type":"Feature","properties":{"cod_regpol":"18R1","regionpol":"PUNO","cod_cpnp":"4582","comisaria":"CPNP PUCARA","tipo":"D","categoria":"PUNO","cod_uni":"219329","cod_divpol":"18R1A","divpol":"DIVOPUS JULIACA","departamento":"PUNO","provincia":"LAMPA","distrito":"PUCARA"},"geometry":{"type":"Point","coordinates":[-70.36568459999995,-15.040968569999961]}},{"type":"Feature","properties":{"cod_regpol":"18R1","regionpol":"PUNO","cod_cpnp":"4631","comisaria":"CPNP ANTAUTA","tipo":"E","categoria":"PUNO","cod_uni":"219358","cod_divpol":"18R1A","divpol":"DIVOPUS JULIACA","departamento":"PUNO","provincia":"MELGAR","distrito":"ANTAUTA"},"geometry":{"type":"Point","coordinates":[-70.29102806999998,-14.300430939999956]}},{"type":"Feature","properties":{"cod_regpol":"18R1","regionpol":"PUNO","cod_cpnp":"4598","comisaria":"CPNP ORURILLO","tipo":"E","categoria":"PUNO","cod_uni":"219330","cod_divpol":"18R1A","divpol":"DIVOPUS JULIACA","departamento":"PUNO","provincia":"MELGAR","distrito":"ORURILLO"},"geometry":{"type":"Point","coordinates":[-70.51160413899999,-14.727104459999964]}},{"type":"Feature","properties":{"cod_regpol":"18R1","regionpol":"PUNO","cod_cpnp":"4536","comisaria":"CPNP CABANILLAS","tipo":"D","categoria":"PUNO","cod_uni":"219310","cod_divpol":"18R1A","divpol":"DIVOPUS JULIACA","departamento":"PUNO","provincia":"SAN ROMAN","distrito":"CABANILLAS"},"geometry":{"type":"Point","coordinates":[-70.35137099999997,-15.643587209999964]}},{"type":"Feature","properties":{"cod_regpol":"18R1","regionpol":"PUNO","cod_cpnp":"4538","comisaria":"CPNP CARACOTO","tipo":"D","categoria":"PUNO","cod_uni":"219306","cod_divpol":"18R1A","divpol":"DIVOPUS JULIACA","departamento":"PUNO","provincia":"SAN ROMAN","distrito":"CARACOTO"},"geometry":{"type":"Point","coordinates":[-70.10163840999996,-15.56649903999994]}},{"type":"Feature","properties":{"cod_regpol":"18R1","regionpol":"PUNO","cod_cpnp":"4623","comisaria":"CPNP QUIACA","tipo":"E","categoria":"PUNO","cod_uni":"219353","cod_divpol":"18R1A","divpol":"DIVOPUS JULIACA","departamento":"PUNO","provincia":"SANDIA","distrito":"QUIACA"},"geometry":{"type":"Point","coordinates":[-69.34501096099996,-14.42219388999996]}},{"type":"Feature","properties":{"cod_regpol":"18R1","regionpol":"PUNO","cod_cpnp":"4622","comisaria":"CPNP SAN JUAN DEL ORO","tipo":"D","categoria":"PUNO","cod_uni":"219352","cod_divpol":"18R1A","divpol":"DIVOPUS JULIACA","departamento":"PUNO","provincia":"SANDIA","distrito":"SAN JUAN DEL ORO"},"geometry":{"type":"Point","coordinates":[-69.15457212999996,-14.22160950999995]}},{"type":"Feature","properties":{"cod_regpol":"19R2","regionpol":"SAN MARTIN","cod_cpnp":"1371","comisaria":"CPNP MAYOR PNP JAIME ERNESTO COBIAN","tipo":"A","categoria":"SAN MARTIN","cod_uni":"224305","cod_divpol":"19R2B","divpol":"DIVOPUS TARAPOTO","departamento":"SAN MARTIN","provincia":"MARISCAL CACERES","distrito":"JUANJUI"},"geometry":{"type":"Point","coordinates":[-76.72650322999993,-7.179835289999971]}},{"type":"Feature","properties":{"cod_regpol":"08R1","regionpol":"HUANUCO","cod_cpnp":"7000","comisaria":"CPNP TINGO MARIA","tipo":"A","categoria":"HUANUCO","cod_uni":"217528","cod_divpol":"08R1A","divpol":"DIVPOL LEONCIO PRADO","departamento":"HUANUCO","provincia":"LEONCIO PRADO","distrito":"RUPA-RUPA"},"geometry":{"type":"Point","coordinates":[-76.00260835999995,-9.298069529999964]}},{"type":"Feature","properties":{"cod_regpol":"08R1","regionpol":"HUANUCO","cod_cpnp":"7013","comisaria":"CPNP VENENILLO","tipo":"D","categoria":"HUANUCO","cod_uni":"217542","cod_divpol":"08R1A","divpol":"DIVPOL LEONCIO PRADO","departamento":"HUANUCO","provincia":"LEONCIO PRADO","distrito":"RUPA-RUPA"},"geometry":{"type":"Point","coordinates":[-76.09475999999995,-9.089124999999967]}},{"type":"Feature","properties":{"cod_regpol":"20R2","regionpol":"TACNA","cod_cpnp":"4296","comisaria":"CPNP BOCA DEL RIO","tipo":"D","categoria":"TACNA","cod_uni":"222432","cod_divpol":"20R2A","divpol":"DIVOPUS TACNA","departamento":"TACNA","provincia":"TACNA","distrito":"SAMA"},"geometry":{"type":"Point","coordinates":[-70.67886954999994,-18.158012519999943]}},{"type":"Feature","properties":{"cod_regpol":"20R2","regionpol":"TACNA","cod_cpnp":"4300","comisaria":"CPNP SAMA LAS YARAS","tipo":"E","categoria":"TACNA","cod_uni":"222434","cod_divpol":"20R2A","divpol":"DIVOPUS TACNA","departamento":"TACNA","provincia":"TACNA","distrito":"SAMA"},"geometry":{"type":"Point","coordinates":[-70.56007624999995,-17.86290276999995]}},{"type":"Feature","properties":{"cod_regpol":"03R1","regionpol":"AREQUIPA","cod_cpnp":"4172","comisaria":"CPNP QUILCA","tipo":"E","categoria":"AREQUIPA","cod_uni":"218915","cod_divpol":"03R1A","divpol":"DIVOPUS AREQUIPA","departamento":"AREQUIPA","provincia":"CAMANA","distrito":"QUILCA"},"geometry":{"type":"Point","coordinates":[-72.42617503899999,-16.71627375999998]}},{"type":"Feature","properties":{"cod_regpol":"20R1","regionpol":"MOQUEGUA","cod_cpnp":"4252","comisaria":"CPNP CARUMAS","tipo":"C","categoria":"MOQUEGUA","cod_uni":"222515","cod_divpol":"20R1A","divpol":"DIVOPUS MOQUEGUA","departamento":"MOQUEGUA","provincia":"MARISCAL NIETO","distrito":"CARUMAS"},"geometry":{"type":"Point","coordinates":[-70.69457957999998,-16.809363669999982]}},{"type":"Feature","properties":{"cod_regpol":"03R1","regionpol":"AREQUIPA","cod_cpnp":"4078","comisaria":"CPNP MOLLENDO","tipo":"A","categoria":"AREQUIPA","cod_uni":"218864","cod_divpol":"03R1A","divpol":"DIVOPUS AREQUIPA","departamento":"AREQUIPA","provincia":"ISLAY","distrito":"MOLLENDO"},"geometry":{"type":"Point","coordinates":[-72.00823670499994,-17.026090156999942]}},{"type":"Feature","properties":{"cod_regpol":"03R1","regionpol":"AREQUIPA","cod_cpnp":"4134","comisaria":"CPNP COCACHACRA","tipo":"B","categoria":"AREQUIPA","cod_uni":"218876","cod_divpol":"03R1A","divpol":"DIVOPUS AREQUIPA","departamento":"AREQUIPA","provincia":"ISLAY","distrito":"COCACHACRA"},"geometry":{"type":"Point","coordinates":[-71.76450874999995,-17.092268469999965]}},{"type":"Feature","properties":{"cod_regpol":"18R1","regionpol":"PUNO","cod_cpnp":"4642","comisaria":"CPNP MAZOCRUZ","tipo":"B","categoria":"PUNO","cod_uni":"219261","cod_divpol":"18R1B","divpol":"DIVOPUS PUNO","departamento":"PUNO","provincia":"EL COLLAO","distrito":"SANTA ROSA"},"geometry":{"type":"Point","coordinates":[-69.71717446999997,-16.74126668899993]}},{"type":"Feature","properties":{"cod_regpol":"03R1","regionpol":"AREQUIPA","cod_cpnp":"4214","comisaria":"CPNP ACHANIZO","tipo":"D","categoria":"AREQUIPA","cod_uni":"218936","cod_divpol":"03R1A","divpol":"DIVOPUS AREQUIPA","departamento":"AREQUIPA","provincia":"CARAVELI","distrito":"CHAPARRA"},"geometry":{"type":"Point","coordinates":[-73.96647010999999,-15.80488226999995]}},{"type":"Feature","properties":{"cod_regpol":"03R1","regionpol":"AREQUIPA","cod_cpnp":"4004","comisaria":"CPNP PEDREGAL","tipo":"A","categoria":"AREQUIPA","cod_uni":"218879","cod_divpol":"03R1A","divpol":"DIVOPUS AREQUIPA","departamento":"AREQUIPA","provincia":"CAYLLOMA","distrito":"MAJES"},"geometry":{"type":"Point","coordinates":[-72.18785916899998,-16.34866791999997]}},{"type":"Feature","properties":{"cod_regpol":"08R1","regionpol":"HUANUCO","cod_cpnp":"7025","comisaria":"CPNP HUACRACHUCO","tipo":"D","categoria":"HUANUCO","cod_uni":"224321","cod_divpol":"08R1A","divpol":"DIVPOL LEONCIO PRADO","departamento":"HUANUCO","provincia":"MARAÑON","distrito":"HUACRACHUCO"},"geometry":{"type":"Point","coordinates":[-77.14917592999996,-8.604290268999932]}},{"type":"Feature","properties":{"cod_regpol":"18R1","regionpol":"PUNO","cod_cpnp":"4518","comisaria":"CPNP ACORA","tipo":"D","categoria":"PUNO","cod_uni":"219248","cod_divpol":"18R1B","divpol":"DIVOPUS PUNO","departamento":"PUNO","provincia":"PUNO","distrito":"ACORA"},"geometry":{"type":"Point","coordinates":[-69.79654529999993,-15.976401609999982]}},{"type":"Feature","properties":{"cod_regpol":"18R1","regionpol":"PUNO","cod_cpnp":"4635","comisaria":"CPNP COLLAO - ILAVE","tipo":"A","categoria":"PUNO","cod_uni":"219257","cod_divpol":"18R1B","divpol":"DIVOPUS PUNO","departamento":"PUNO","provincia":"EL COLLAO","distrito":"ILAVE"},"geometry":{"type":"Point","coordinates":[-69.62864282999993,-16.075271579999935]}},{"type":"Feature","properties":{"cod_regpol":"14R1","regionpol":"LORETO","cod_cpnp":"1650","comisaria":"CPNP SANTA ELENA","tipo":"E","categoria":"LORETO","cod_uni":"221718","cod_divpol":"14R1A","divpol":"DIVOPUS LORETO","departamento":"LORETO","provincia":"REQUENA","distrito":"ALTO TAPICHE"},"geometry":{"type":"Point","coordinates":[-74.09381424999998,-6.025866710999935]}},{"type":"Feature","properties":{"cod_regpol":"03R1","regionpol":"AREQUIPA","cod_cpnp":"4224","comisaria":"CPNP SALAMANCA","tipo":"D","categoria":"AREQUIPA","cod_uni":"218952","cod_divpol":"03R1A","divpol":"DIVOPUS AREQUIPA","departamento":"AREQUIPA","provincia":"CONDESUYOS","distrito":"SALAMANCA"},"geometry":{"type":"Point","coordinates":[-72.83391642999999,-15.504694959999938]}},{"type":"Feature","properties":{"cod_regpol":"15R1","regionpol":"MADRE DE DIOS","cod_cpnp":"3670","comisaria":"CPNP PLANCHON","tipo":"D","categoria":"MADRE DE DIOS","cod_uni":"222599","cod_divpol":"15R1A","divpol":"DIVOPUS MADRE DE DIOS","departamento":"MADRE DE DIOS","provincia":"TAMBOPATA","distrito":"LAS PIEDRAS"},"geometry":{"type":"Point","coordinates":[-69.15193463999998,-12.275634759999946]}},{"type":"Feature","properties":{"cod_regpol":"15R1","regionpol":"MADRE DE DIOS","cod_cpnp":"3671","comisaria":"CPNP MAVILA","tipo":"E","categoria":"MADRE DE DIOS","cod_uni":"222600","cod_divpol":"15R1A","divpol":"DIVOPUS MADRE DE DIOS","departamento":"MADRE DE DIOS","provincia":"TAMBOPATA","distrito":"LAS PIEDRAS"},"geometry":{"type":"Point","coordinates":[-69.11875727799998,-11.934158347999926]}},{"type":"Feature","properties":{"cod_regpol":"23R1","regionpol":"FRENTE POLICIAL VRAEM","cod_cpnp":"3032","comisaria":"CPNP COMAS","tipo":"C","categoria":"JUNIN","cod_uni":"222652","cod_divpol":"23R1A","divpol":"DIVOPUS VRAEM","departamento":"JUNIN","provincia":"CONCEPCION","distrito":"COMAS"},"geometry":{"type":"Point","coordinates":[-75.08627697899993,-11.722578819999967]}},{"type":"Feature","properties":{"cod_regpol":"22R1","regionpol":"UCAYALI","cod_cpnp":"1700","comisaria":"CPNP PUCALLPA","tipo":"A","categoria":"UCAYALI","cod_uni":"222321","cod_divpol":"22R1A","divpol":"DIVOPUS UCAYALI","departamento":"UCAYALI","provincia":"CORONEL PORTILLO","distrito":"CALLERIA"},"geometry":{"type":"Point","coordinates":[-74.53205264999997,-8.38179796999998]}},{"type":"Feature","properties":{"cod_regpol":"11R1","regionpol":"LA LIBERTAD","cod_cpnp":"1290","comisaria":"CPNP SANTIAGO DE CHUCO","tipo":"B","categoria":"LA LIBERTAD","cod_uni":"225904","cod_divpol":"11R1C","divpol":"DIVPOL HUAMACHUCO","departamento":"LA LIBERTAD","provincia":"SANTIAGO DE CHUCO","distrito":"SANTIAGO DE CHUCO"},"geometry":{"type":"Point","coordinates":[-78.17368339999996,-8.145384609999951]}},{"type":"Feature","properties":{"cod_regpol":"22R1","regionpol":"UCAYALI","cod_cpnp":"7910","comisaria":"CPNP SARAYACU","tipo":"E","categoria":"LORETO","cod_uni":"221723","cod_divpol":"22R1A","divpol":"DIVOPUS UCAYALI","departamento":"LORETO","provincia":"UCAYALI","distrito":"SARAYACU"},"geometry":{"type":"Point","coordinates":[-74.85380012899998,-6.038259702999937]}},{"type":"Feature","properties":{"cod_regpol":"16R1","regionpol":"PIURA","cod_cpnp":"0738","comisaria":"CPNP SUYO","tipo":"C","categoria":"PIURA","cod_uni":"216194","cod_divpol":"16R1A","divpol":"DIVOPUS SULLANA","departamento":"PIURA","provincia":"AYABACA","distrito":"SUYO"},"geometry":{"type":"Point","coordinates":[-80.00124037999996,-4.512849059999951]}},{"type":"Feature","properties":{"cod_regpol":"12R1","regionpol":"LAMBAYEQUE","cod_cpnp":"0806","comisaria":"CPNP LA VICTORIA","tipo":"A","categoria":"LAMBAYEQUE","cod_uni":"216423","cod_divpol":"12R1A","divpol":"DIVOPUS LAMBAYEQUE","departamento":"LAMBAYEQUE","provincia":"CHICLAYO","distrito":"LA VICTORIA"},"geometry":{"type":"Point","coordinates":[-79.83576799999997,-6.798672999999951]}},{"type":"Feature","properties":{"cod_regpol":"11R1","regionpol":"LA LIBERTAD","cod_cpnp":"1287","comisaria":"CPNP CHAGUAL","tipo":"D","categoria":"LA LIBERTAD","cod_uni":"225918","cod_divpol":"11R1C","divpol":"DIVPOL HUAMACHUCO","departamento":"LA LIBERTAD","provincia":"PATAZ","distrito":"PATAZ"},"geometry":{"type":"Point","coordinates":[-77.63477799999998,-7.833161999999959]}},{"type":"Feature","properties":{"cod_regpol":"11R1","regionpol":"LA LIBERTAD","cod_cpnp":"1288","comisaria":"CPNP VIJUS","tipo":"E","categoria":"LA LIBERTAD","cod_uni":"225909","cod_divpol":"11R1C","divpol":"DIVPOL HUAMACHUCO","departamento":"LA LIBERTAD","provincia":"PATAZ","distrito":"PATAZ"},"geometry":{"type":"Point","coordinates":[-77.66352928899994,-7.727871769999979]}},{"type":"Feature","properties":{"cod_regpol":"23R1","regionpol":"FRENTE POLICIAL VRAEM","cod_cpnp":"7533","comisaria":"CPNP CHUNGUI","tipo":"C","categoria":"AYACUCHO","cod_uni":"220770","cod_divpol":"23R1B","divpol":"DIVPOL HUANTA","departamento":"AYACUCHO","provincia":"LA MAR","distrito":"CHUNGUI"},"geometry":{"type":"Point","coordinates":[-73.62157747499998,-13.221777950999979]}},{"type":"Feature","properties":{"cod_regpol":"23R1","regionpol":"FRENTE POLICIAL VRAEM","cod_cpnp":"7586","comisaria":"CPNP SAN MARTIN DE PANGOA","tipo":"B","categoria":"JUNIN","cod_uni":"222658","cod_divpol":"23R1A","divpol":"DIVOPUS VRAEM","departamento":"JUNIN","provincia":"SATIPO","distrito":"PANGOA"},"geometry":{"type":"Point","coordinates":[-74.48846799999995,-11.42882695999998]}},{"type":"Feature","properties":{"cod_regpol":"20R1","regionpol":"MOQUEGUA","cod_cpnp":"4240","comisaria":"CPNP MOQUEGUA","tipo":"A","categoria":"MOQUEGUA","cod_uni":"222498","cod_divpol":"20R1A","divpol":"DIVOPUS MOQUEGUA","departamento":"MOQUEGUA","provincia":"MARISCAL NIETO","distrito":"MOQUEGUA"},"geometry":{"type":"Point","coordinates":[-70.93263212999994,-17.193055379999976]}},{"type":"Feature","properties":{"cod_regpol":"20R1","regionpol":"MOQUEGUA","cod_cpnp":"4244","comisaria":"CPNP LOS ANGELES","tipo":"C","categoria":"MOQUEGUA","cod_uni":"222504","cod_divpol":"20R1A","divpol":"DIVOPUS MOQUEGUA","departamento":"MOQUEGUA","provincia":"MARISCAL NIETO","distrito":"MOQUEGUA"},"geometry":{"type":"Point","coordinates":[-70.90691499999997,-17.16963499899998]}},{"type":"Feature","properties":{"cod_regpol":"20R1","regionpol":"MOQUEGUA","cod_cpnp":"4243","comisaria":"CPNP SAN ANTONIO","tipo":"B","categoria":"MOQUEGUA","cod_uni":"222507","cod_divpol":"20R1A","divpol":"DIVOPUS MOQUEGUA","departamento":"MOQUEGUA","provincia":"MARISCAL NIETO","distrito":"MOQUEGUA"},"geometry":{"type":"Point","coordinates":[-70.94883586999998,-17.207858619999968]}},{"type":"Feature","properties":{"cod_regpol":"18R1","regionpol":"PUNO","cod_cpnp":"4500","comisaria":"CPNP PUNO","tipo":"A","categoria":"PUNO","cod_uni":"219240","cod_divpol":"18R1B","divpol":"DIVOPUS PUNO","departamento":"PUNO","provincia":"PUNO","distrito":"PUNO"},"geometry":{"type":"Point","coordinates":[-70.02860699999997,-15.840214999999944]}},{"type":"Feature","properties":{"cod_regpol":"18R1","regionpol":"PUNO","cod_cpnp":"4512","comisaria":"CPNP HUASCAR","tipo":"D","categoria":"PUNO","cod_uni":"219244","cod_divpol":"18R1B","divpol":"DIVOPUS PUNO","departamento":"PUNO","provincia":"PUNO","distrito":"PUNO"},"geometry":{"type":"Point","coordinates":[-70.03424747899999,-15.827807940999946]}},{"type":"Feature","properties":{"cod_regpol":"18R1","regionpol":"PUNO","cod_cpnp":"4520","comisaria":"CPNP ALTO PUNO","tipo":"D","categoria":"PUNO","cod_uni":"219243","cod_divpol":"18R1B","divpol":"DIVOPUS PUNO","departamento":"PUNO","provincia":"PUNO","distrito":"PUNO"},"geometry":{"type":"Point","coordinates":[-70.02946645999998,-15.819976449999956]}},{"type":"Feature","properties":{"cod_regpol":"22R1","regionpol":"UCAYALI","cod_cpnp":"7023","comisaria":"CPNP CURIMANA","tipo":"C","categoria":"UCAYALI","cod_uni":"222349","cod_divpol":"22R1A","divpol":"DIVOPUS UCAYALI","departamento":"UCAYALI","provincia":"PADRE ABAD","distrito":"CURIMANA"},"geometry":{"type":"Point","coordinates":[-75.15058646099999,-8.434792070999947]}},{"type":"Feature","properties":{"cod_regpol":"08R1","regionpol":"HUANUCO","cod_cpnp":"1732","comisaria":"CPNP PUERTO INCA","tipo":"A","categoria":"HUANUCO","cod_uni":"222625","cod_divpol":"17R1A","divpol":"DIVOPUS PUERTO INCA","departamento":"HUANUCO","provincia":"PUERTO INCA","distrito":"PUERTO INCA"},"geometry":{"type":"Point","coordinates":[-74.96695007999995,-9.37882578999995]}},{"type":"Feature","properties":{"cod_regpol":"03R1","regionpol":"AREQUIPA","cod_cpnp":"4064","comisaria":"CPNP TAMBILLO","tipo":"D","categoria":"AREQUIPA","cod_uni":"218893","cod_divpol":"03R1A","divpol":"DIVOPUS AREQUIPA","departamento":"AREQUIPA","provincia":"AREQUIPA","distrito":"SAN JUAN DE SIGUAS"},"geometry":{"type":"Point","coordinates":[-72.12717097099994,-16.349635879999937]}},{"type":"Feature","properties":{"cod_regpol":"03R1","regionpol":"AREQUIPA","cod_cpnp":"4112","comisaria":"CPNP MATARANI","tipo":"B","categoria":"AREQUIPA","cod_uni":"218867","cod_divpol":"03R1A","divpol":"DIVOPUS AREQUIPA","departamento":"AREQUIPA","provincia":"ISLAY","distrito":"ISLAY"},"geometry":{"type":"Point","coordinates":[-72.09624862999993,-17.00053237999998]}},{"type":"Feature","properties":{"cod_regpol":"18R1","regionpol":"PUNO","cod_cpnp":"4647","comisaria":"CPNP JULI","tipo":"C","categoria":"PUNO","cod_uni":"219268","cod_divpol":"18R1B","divpol":"DIVOPUS PUNO","departamento":"PUNO","provincia":"CHUCUITO","distrito":"JULI"},"geometry":{"type":"Point","coordinates":[-69.46841558999995,-16.21931534999993]}},{"type":"Feature","properties":{"cod_regpol":"03R1","regionpol":"AREQUIPA","cod_cpnp":"4120","comisaria":"CPNP SAN JUAN DE TARUCANI","tipo":"D","categoria":"AREQUIPA","cod_uni":"218899","cod_divpol":"03R1A","divpol":"DIVOPUS AREQUIPA","departamento":"AREQUIPA","provincia":"AREQUIPA","distrito":"SAN JUAN DE TARUCANI"},"geometry":{"type":"Point","coordinates":[-71.06187866999994,-16.18304317999997]}},{"type":"Feature","properties":{"cod_regpol":"16R1","regionpol":"PIURA","cod_cpnp":"0651","comisaria":"CPNP BERNAL","tipo":"D","categoria":"PIURA","cod_uni":"216063","cod_divpol":"16R1B","divpol":"DIVOPUS PIURA","departamento":"PIURA","provincia":"SECHURA","distrito":"BERNAL"},"geometry":{"type":"Point","coordinates":[-80.74174477899999,-5.457259179999937]}},{"type":"Feature","properties":{"cod_regpol":"19R2","regionpol":"SAN MARTIN","cod_cpnp":"1367","comisaria":"CPNP NUEVO SAN MIGUEL","tipo":"E","categoria":"SAN MARTIN","cod_uni":"221963","cod_divpol":"19R2A","divpol":"DIVPOL MOYOBAMBA","departamento":"SAN MARTIN","provincia":"MOYOBAMBA","distrito":"JEPELACIO"},"geometry":{"type":"Point","coordinates":[-76.91529299999996,-6.212734999999952]}},{"type":"Feature","properties":{"cod_regpol":"19R2","regionpol":"SAN MARTIN","cod_cpnp":"1344","comisaria":"CPNP JEPELACIO","tipo":"E","categoria":"SAN MARTIN","cod_uni":"221962","cod_divpol":"19R2A","divpol":"DIVPOL MOYOBAMBA","departamento":"SAN MARTIN","provincia":"MOYOBAMBA","distrito":"JEPELACIO"},"geometry":{"type":"Point","coordinates":[-76.91530740999997,-6.108091219999949]}},{"type":"Feature","properties":{"cod_regpol":"14R1","regionpol":"LORETO","cod_cpnp":"1566","comisaria":"CPNP SANTA MARIA DE NANAY","tipo":"E","categoria":"LORETO","cod_uni":"217398","cod_divpol":"14R1A","divpol":"DIVOPUS LORETO","departamento":"LORETO","provincia":"MAYNAS","distrito":"ALTO NANAY"},"geometry":{"type":"Point","coordinates":[-73.69630895999995,-3.8887351199999785]}},{"type":"Feature","properties":{"cod_regpol":"19R2","regionpol":"SAN MARTIN","cod_cpnp":"1404","comisaria":"CPNP LAGUNAS","tipo":"D","categoria":"LORETO","cod_uni":"221937","cod_divpol":"19R2B","divpol":"DIVOPUS TARAPOTO","departamento":"LORETO","provincia":"ALTO AMAZONAS","distrito":"LAGUNAS"},"geometry":{"type":"Point","coordinates":[-75.67885100099994,-5.226604786999928]}},{"type":"Feature","properties":{"cod_regpol":"14R1","regionpol":"LORETO","cod_cpnp":"1616","comisaria":"CPNP MAYPUCO","tipo":"D","categoria":"LORETO","cod_uni":"221708","cod_divpol":"14R1A","divpol":"DIVOPUS LORETO","departamento":"LORETO","provincia":"LORETO","distrito":"URARINAS"},"geometry":{"type":"Point","coordinates":[-75.12068005999998,-4.829824479999957]}},{"type":"Feature","properties":{"cod_regpol":"23R1","regionpol":"FRENTE POLICIAL VRAEM","cod_cpnp":"7582","comisaria":"CPNP PUCYURA","tipo":"C","categoria":"CUSCO","cod_uni":"220741","cod_divpol":"23R1A","divpol":"DIVOPUS VRAEM","departamento":"CUSCO","provincia":"LA CONVENCION","distrito":"VILCABAMBA"},"geometry":{"type":"Point","coordinates":[-72.93603199999995,-13.096562000999938]}},{"type":"Feature","properties":{"cod_regpol":"05R1","regionpol":"CAJAMARCA","cod_cpnp":"1058","comisaria":"CPNP SAN JOSE DE LOURDES","tipo":"E","categoria":"CAJAMARCA","cod_uni":"223361","cod_divpol":"05R1A","divpol":"DIVPOL JAEN","departamento":"CAJAMARCA","provincia":"SAN IGNACIO","distrito":"SAN JOSE DE LOURDES"},"geometry":{"type":"Point","coordinates":[-78.91434292199995,-5.103090087999931]}},{"type":"Feature","properties":{"cod_regpol":"13R1","regionpol":"LIMA CENTRO","cod_cpnp":"2030","comisaria":"CPNP LA VICTORIA","tipo":"A","categoria":"LIMAMETRO","cod_uni":"219905","cod_divpol":"13R1J","divpol":"DIVPOL CENTRO 2","departamento":"LIMA","provincia":"LIMA","distrito":"LA VICTORIA"},"geometry":{"type":"Point","coordinates":[-77.02578699999998,-12.06300299999998]}},{"type":"Feature","properties":{"cod_regpol":"13R1","regionpol":"LIMA CENTRO","cod_cpnp":"2040","comisaria":"CPNP SAN COSME","tipo":"B","categoria":"LIMAMETRO","cod_uni":"219911","cod_divpol":"13R1J","divpol":"DIVPOL CENTRO 2","departamento":"LIMA","provincia":"LIMA","distrito":"LA VICTORIA"},"geometry":{"type":"Point","coordinates":[-77.00769663599993,-12.064417043999981]}},{"type":"Feature","properties":{"cod_regpol":"13R1","regionpol":"LIMA CENTRO","cod_cpnp":"2035","comisaria":"CPNP APOLO","tipo":"A","categoria":"LIMAMETRO","cod_uni":"219908","cod_divpol":"13R1J","divpol":"DIVPOL CENTRO 2","departamento":"LIMA","provincia":"LIMA","distrito":"LA VICTORIA"},"geometry":{"type":"Point","coordinates":[-77.00994377799998,-12.071410833999948]}},{"type":"Feature","properties":{"cod_regpol":"05R1","regionpol":"CAJAMARCA","cod_cpnp":"1038","comisaria":"CPNP LAS PIRIAS","tipo":"E","categoria":"CAJAMARCA","cod_uni":"223349","cod_divpol":"05R1A","divpol":"DIVPOL JAEN","departamento":"CAJAMARCA","provincia":"JAEN","distrito":"LAS PIRIAS"},"geometry":{"type":"Point","coordinates":[-78.85211024999995,-5.628071769999963]}},{"type":"Feature","properties":{"cod_regpol":"20R1","regionpol":"MOQUEGUA","cod_cpnp":"4250","comisaria":"CPNP TORATA","tipo":"B","categoria":"MOQUEGUA","cod_uni":"222511","cod_divpol":"20R1A","divpol":"DIVOPUS MOQUEGUA","departamento":"MOQUEGUA","provincia":"MARISCAL NIETO","distrito":"TORATA"},"geometry":{"type":"Point","coordinates":[-70.84428377999996,-17.076186949999965]}},{"type":"Feature","properties":{"cod_regpol":"08R1","regionpol":"HUANUCO","cod_cpnp":"8065","comisaria":"CPNP TOURNAVISTA","tipo":"D","categoria":"HUANUCO","cod_uni":"222630","cod_divpol":"17R1A","divpol":"DIVOPUS PUERTO INCA","departamento":"HUANUCO","provincia":"PUERTO INCA","distrito":"TOURNAVISTA"},"geometry":{"type":"Point","coordinates":[-74.70666533999997,-8.93077041999993]}},{"type":"Feature","properties":{"cod_regpol":"22R1","regionpol":"UCAYALI","cod_cpnp":"1714","comisaria":"CPNP CAMPO VERDE","tipo":"B","categoria":"UCAYALI","cod_uni":"222330","cod_divpol":"22R1A","divpol":"DIVOPUS UCAYALI","departamento":"UCAYALI","provincia":"CORONEL PORTILLO","distrito":"CAMPOVERDE"},"geometry":{"type":"Point","coordinates":[-74.80409799999995,-8.47415499999994]}},{"type":"Feature","properties":{"cod_regpol":"22R1","regionpol":"UCAYALI","cod_cpnp":"1716","comisaria":"CPNP NUEVA REQUENA","tipo":"E","categoria":"UCAYALI","cod_uni":"222333","cod_divpol":"22R1A","divpol":"DIVOPUS UCAYALI","departamento":"UCAYALI","provincia":"CORONEL PORTILLO","distrito":"NUEVA REQUENA"},"geometry":{"type":"Point","coordinates":[-74.86320220999994,-8.310415488999979]}},{"type":"Feature","properties":{"cod_regpol":"22R1","regionpol":"UCAYALI","cod_cpnp":"7022","comisaria":"CPNP SAN ALEJANDRO","tipo":"D","categoria":"UCAYALI","cod_uni":"222345","cod_divpol":"22R1A","divpol":"DIVOPUS UCAYALI","departamento":"UCAYALI","provincia":"PADRE ABAD","distrito":"IRAZOLA"},"geometry":{"type":"Point","coordinates":[-75.21614921999998,-8.829514519999975]}},{"type":"Feature","properties":{"cod_regpol":"22R1","regionpol":"UCAYALI","cod_cpnp":"7016","comisaria":"CPNP NESHUYA","tipo":"C","categoria":"UCAYALI","cod_uni":"222352","cod_divpol":"22R1A","divpol":"DIVOPUS UCAYALI","departamento":"UCAYALI","provincia":"PADRE ABAD","distrito":"NESHUYA"},"geometry":{"type":"Point","coordinates":[-74.96161490999998,-8.642066219999947]}},{"type":"Feature","properties":{"cod_regpol":"03R1","regionpol":"AREQUIPA","cod_cpnp":"4174","comisaria":"CPNP APLAO","tipo":"A","categoria":"AREQUIPA","cod_uni":"218937","cod_divpol":"03R1A","divpol":"DIVOPUS AREQUIPA","departamento":"AREQUIPA","provincia":"CASTILLA","distrito":"APLAO"},"geometry":{"type":"Point","coordinates":[-72.49406344999994,-16.07950771999998]}},{"type":"Feature","properties":{"cod_regpol":"23R1","regionpol":"FRENTE POLICIAL VRAEM","cod_cpnp":"7589","comisaria":"CPNP CAMISEA","tipo":"D","categoria":"CUSCO","cod_uni":"220747","cod_divpol":"23R1A","divpol":"DIVOPUS VRAEM","departamento":"CUSCO","provincia":"LA CONVENCION","distrito":"MEGANTONI"},"geometry":{"type":"Point","coordinates":[-72.94274199999995,-11.73107299999998]}},{"type":"Feature","properties":{"cod_regpol":"19R2","regionpol":"SAN MARTIN","cod_cpnp":"1372","comisaria":"CPNP CAMPANILLA","tipo":"D","categoria":"SAN MARTIN","cod_uni":"221926","cod_divpol":"19R2B","divpol":"DIVOPUS TARAPOTO","departamento":"SAN MARTIN","provincia":"MARISCAL CACERES","distrito":"CAMPANILLA"},"geometry":{"type":"Point","coordinates":[-76.64948700999997,-7.483894709999959]}},{"type":"Feature","properties":{"cod_regpol":"20R2","regionpol":"TACNA","cod_cpnp":"4320","comisaria":"CPNP GREGORIO ALBARRACIN LANCHIPA","tipo":"B","categoria":"TACNA","cod_uni":"222440","cod_divpol":"20R2A","divpol":"DIVOPUS TACNA","departamento":"TACNA","provincia":"TACNA","distrito":"CORONEL GREGORIO ALBARRACIN LANCHIPA"},"geometry":{"type":"Point","coordinates":[-70.25131819999996,-18.041984789999958]}},{"type":"Feature","properties":{"cod_regpol":"03R1","regionpol":"AREQUIPA","cod_cpnp":"4145","comisaria":"CPNP CAMANA","tipo":"A","categoria":"AREQUIPA","cod_uni":"218900","cod_divpol":"03R1A","divpol":"DIVOPUS AREQUIPA","departamento":"AREQUIPA","provincia":"CAMANA","distrito":"CAMANA"},"geometry":{"type":"Point","coordinates":[-72.71148511999996,-16.627283829999953]}},{"type":"Feature","properties":{"cod_regpol":"12R1","regionpol":"LAMBAYEQUE","cod_cpnp":"0934","comisaria":"CPNP LAMBAYEQUE","tipo":"A","categoria":"LAMBAYEQUE","cod_uni":"221625","cod_divpol":"12R1A","divpol":"DIVOPUS LAMBAYEQUE","departamento":"LAMBAYEQUE","provincia":"LAMBAYEQUE","distrito":"LAMBAYEQUE"},"geometry":{"type":"Point","coordinates":[-79.90658735999995,-6.7011270099999365]}},{"type":"Feature","properties":{"cod_regpol":"12R1","regionpol":"LAMBAYEQUE","cod_cpnp":"0937","comisaria":"CPNP SAN MARTIN DE PORRES","tipo":"B","categoria":"LAMBAYEQUE","cod_uni":"221628","cod_divpol":"12R1A","divpol":"DIVOPUS LAMBAYEQUE","departamento":"LAMBAYEQUE","provincia":"LAMBAYEQUE","distrito":"LAMBAYEQUE"},"geometry":{"type":"Point","coordinates":[-79.91431188899998,-6.708128950999935]}},{"type":"Feature","properties":{"cod_regpol":"03R1","regionpol":"AREQUIPA","cod_cpnp":"4036","comisaria":"CPNP SAN ISIDRO","tipo":"D","categoria":"AREQUIPA","cod_uni":"218890","cod_divpol":"03R1A","divpol":"DIVOPUS AREQUIPA","departamento":"AREQUIPA","provincia":"AREQUIPA","distrito":"VITOR"},"geometry":{"type":"Point","coordinates":[-71.92793999999998,-16.586439998999936]}},{"type":"Feature","properties":{"cod_regpol":"03R1","regionpol":"AREQUIPA","cod_cpnp":"4044","comisaria":"CPNP VICTOR SOTILLO","tipo":"D","categoria":"AREQUIPA","cod_uni":"218891","cod_divpol":"03R1A","divpol":"DIVOPUS AREQUIPA","departamento":"AREQUIPA","provincia":"AREQUIPA","distrito":"VITOR"},"geometry":{"type":"Point","coordinates":[-71.92478299999993,-16.468969999999956]}},{"type":"Feature","properties":{"cod_regpol":"12R1","regionpol":"LAMBAYEQUE","cod_cpnp":"0965","comisaria":"CPNP OLMOS","tipo":"B","categoria":"LAMBAYEQUE","cod_uni":"216509","cod_divpol":"12R1A","divpol":"DIVOPUS LAMBAYEQUE","departamento":"LAMBAYEQUE","provincia":"LAMBAYEQUE","distrito":"OLMOS"},"geometry":{"type":"Point","coordinates":[-79.74313370999994,-5.987476080999954]}},{"type":"Feature","properties":{"cod_regpol":"05R1","regionpol":"CAJAMARCA","cod_cpnp":"1057","comisaria":"CPNP PUERTO CIRUELO","tipo":"D","categoria":"CAJAMARCA","cod_uni":"223360","cod_divpol":"05R1A","divpol":"DIVPOL JAEN","departamento":"CAJAMARCA","provincia":"SAN IGNACIO","distrito":"HUARANGO"},"geometry":{"type":"Point","coordinates":[-78.80647897999995,-5.286627609999925]}},{"type":"Feature","properties":{"cod_regpol":"14R1","regionpol":"LORETO","cod_cpnp":"1621","comisaria":"CPNP CABALLOCOCHA","tipo":"B","categoria":"LORETO","cod_uni":"217411","cod_divpol":"14R1A","divpol":"DIVOPUS LORETO","departamento":"LORETO","provincia":"MARISCAL RAMON CASTILLA","distrito":"RAMON CASTILLA"},"geometry":{"type":"Point","coordinates":[-70.51613806999995,-3.905395619999979]}},{"type":"Feature","properties":{"cod_regpol":"14R1","regionpol":"LORETO","cod_cpnp":"1625","comisaria":"CPNP CHIMBOTE","tipo":"E","categoria":"LORETO","cod_uni":"217414","cod_divpol":"14R1A","divpol":"DIVOPUS LORETO","departamento":"LORETO","provincia":"MARISCAL RAMON CASTILLA","distrito":"RAMON CASTILLA"},"geometry":{"type":"Point","coordinates":[-70.77913699999993,-3.929604000999973]}},{"type":"Feature","properties":{"cod_regpol":"07R1","regionpol":"CUSCO","cod_cpnp":"3648","comisaria":"CPNP VELILLE","tipo":"D","categoria":"CUSCO","cod_uni":"218292","cod_divpol":"07R1C","divpol":"DIVOPUS SICUANI","departamento":"CUSCO","provincia":"CHUMBIVILCAS","distrito":"VELILLE"},"geometry":{"type":"Point","coordinates":[-71.88380251999996,-14.509913880999932]}},{"type":"Feature","properties":{"cod_regpol":"23R1","regionpol":"FRENTE POLICIAL VRAEM","cod_cpnp":"7594","comisaria":"CPNP MAZAMARI","tipo":"A","categoria":"JUNIN","cod_uni":"222661","cod_divpol":"23R1A","divpol":"DIVOPUS VRAEM","departamento":"JUNIN","provincia":"SATIPO","distrito":"MAZAMARI"},"geometry":{"type":"Point","coordinates":[-74.52869456999997,-11.328211649999957]}},{"type":"Feature","properties":{"cod_regpol":"07R1","regionpol":"CUSCO","cod_cpnp":"3610","comisaria":"CPNP CHECACUPE","tipo":"E","categoria":"CUSCO","cod_uni":"218281","cod_divpol":"07R1C","divpol":"DIVOPUS SICUANI","departamento":"CUSCO","provincia":"CANCHIS","distrito":"CHECACUPE"},"geometry":{"type":"Point","coordinates":[-71.45254410999996,-14.026172859999974]}},{"type":"Feature","properties":{"cod_regpol":"07R1","regionpol":"CUSCO","cod_cpnp":"7578","comisaria":"CPNP QUELLOUNO","tipo":"E","categoria":"CUSCO","cod_uni":"218318","cod_divpol":"07R1A","divpol":"DIVOPUS LA CONVENCION","departamento":"CUSCO","provincia":"LA CONVENCION","distrito":"QUELLOUNO"},"geometry":{"type":"Point","coordinates":[-72.55636215999994,-12.63711791999998]}},{"type":"Feature","properties":{"cod_regpol":"03R1","regionpol":"AREQUIPA","cod_cpnp":"4157","comisaria":"CPNP OCOÑA","tipo":"D","categoria":"AREQUIPA","cod_uni":"218906","cod_divpol":"03R1A","divpol":"DIVOPUS AREQUIPA","departamento":"AREQUIPA","provincia":"CAMANA","distrito":"OCOÑA"},"geometry":{"type":"Point","coordinates":[-73.10649838099994,-16.434929369999963]}},{"type":"Feature","properties":{"cod_regpol":"03R1","regionpol":"AREQUIPA","cod_cpnp":"4182","comisaria":"CPNP ORCOPAMPA","tipo":"D","categoria":"AREQUIPA","cod_uni":"218946","cod_divpol":"03R1A","divpol":"DIVOPUS AREQUIPA","departamento":"AREQUIPA","provincia":"CASTILLA","distrito":"ORCOPAMPA"},"geometry":{"type":"Point","coordinates":[-72.34386225099996,-15.268263514999944]}},{"type":"Feature","properties":{"cod_regpol":"13R1","regionpol":"LIMA CENTRO","cod_cpnp":"1805","comisaria":"CPNP LAURA CALLER IBERICO","tipo":"A","categoria":"LIMAMETRO","cod_uni":"219666","cod_divpol":"13R1D","divpol":"DIVPOL NORTE 1","departamento":"LIMA","provincia":"LIMA","distrito":"LOS OLIVOS"},"geometry":{"type":"Point","coordinates":[-77.07808275799994,-11.97066334599998]}},{"type":"Feature","properties":{"cod_regpol":"13R1","regionpol":"LIMA CENTRO","cod_cpnp":"1800","comisaria":"CPNP PRO","tipo":"A","categoria":"LIMAMETRO","cod_uni":"219663","cod_divpol":"13R1D","divpol":"DIVPOL NORTE 1","departamento":"LIMA","provincia":"LIMA","distrito":"LOS OLIVOS"},"geometry":{"type":"Point","coordinates":[-77.07776768199994,-11.934588489999953]}},{"type":"Feature","properties":{"cod_regpol":"13R1","regionpol":"LIMA CENTRO","cod_cpnp":"1810","comisaria":"CPNP SOL DE ORO","tipo":"A","categoria":"LIMAMETRO","cod_uni":"219669","cod_divpol":"13R1D","divpol":"DIVPOL NORTE 1","departamento":"LIMA","provincia":"LIMA","distrito":"LOS OLIVOS"},"geometry":{"type":"Point","coordinates":[-77.06386252299995,-11.99762050399994]}},{"type":"Feature","properties":{"cod_regpol":"05R1","regionpol":"CAJAMARCA","cod_cpnp":"1064","comisaria":"CPNP POMAHUACA","tipo":"E","categoria":"CAJAMARCA","cod_uni":"223369","cod_divpol":"05R1A","divpol":"DIVPOL JAEN","departamento":"CAJAMARCA","provincia":"JAEN","distrito":"POMAHUACA"},"geometry":{"type":"Point","coordinates":[-79.22997281999994,-5.931504889999928]}},{"type":"Feature","properties":{"cod_regpol":"07R1","regionpol":"CUSCO","cod_cpnp":"3645","comisaria":"CPNP SANTO TOMAS","tipo":"C","categoria":"CUSCO","cod_uni":"218289","cod_divpol":"07R1C","divpol":"DIVOPUS SICUANI","departamento":"CUSCO","provincia":"CHUMBIVILCAS","distrito":"SANTO TOMAS"},"geometry":{"type":"Point","coordinates":[-72.08440230999997,-14.448097049999944]}},{"type":"Feature","properties":{"cod_regpol":"02R1","regionpol":"APURIMAC","cod_cpnp":"5507","comisaria":"CPNP RANRACANCHA","tipo":"D","categoria":"APURIMAC","cod_uni":"223493","cod_divpol":"02R1A","divpol":"DIVOPUS ANDAHUAYLAS","departamento":"APURIMAC","provincia":"CHINCHEROS","distrito":"RANRACANCHA"},"geometry":{"type":"Point","coordinates":[-73.60666199999997,-13.533340000999942]}},{"type":"Feature","properties":{"cod_regpol":"08R1","regionpol":"HUANUCO","cod_cpnp":"7002","comisaria":"CPNP AUCAYACU","tipo":"B","categoria":"HUANUCO","cod_uni":"217536","cod_divpol":"08R1A","divpol":"DIVPOL LEONCIO PRADO","departamento":"HUANUCO","provincia":"LEONCIO PRADO","distrito":"JOSE CRESPO Y CASTILLO"},"geometry":{"type":"Point","coordinates":[-76.11188985999996,-8.931409009999982]}},{"type":"Feature","properties":{"cod_regpol":"13R1","regionpol":"LIMA NORTE","cod_cpnp":"2505","comisaria":"CPNP AUCALLAMA","tipo":"C","categoria":"PROVINCIA","cod_uni":"220436","cod_divpol":"13R1C","divpol":"DIVPOL HUARAL","departamento":"LIMA","provincia":"HUARAL","distrito":"AUCALLAMA"},"geometry":{"type":"Point","coordinates":[-77.17926741499997,-11.55858632099995]}},{"type":"Feature","properties":{"cod_regpol":"16R1","regionpol":"PIURA","cod_cpnp":"0726","comisaria":"CPNP MARCAVELICA","tipo":"C","categoria":"PIURA","cod_uni":"216188","cod_divpol":"16R1A","divpol":"DIVOPUS SULLANA","departamento":"PIURA","provincia":"SULLANA","distrito":"MARCAVELICA"},"geometry":{"type":"Point","coordinates":[-80.70672472999996,-4.881746909999947]}},{"type":"Feature","properties":{"cod_regpol":"22R1","regionpol":"UCAYALI","cod_cpnp":"1730","comisaria":"CPNP CONTAMANA","tipo":"B","categoria":"LORETO","cod_uni":"222334","cod_divpol":"22R1A","divpol":"DIVOPUS UCAYALI","departamento":"LORETO","provincia":"UCAYALI","distrito":"CONTAMANA"},"geometry":{"type":"Point","coordinates":[-75.00832956899995,-7.349761479999927]}},{"type":"Feature","properties":{"cod_regpol":"22R1","regionpol":"UCAYALI","cod_cpnp":"7905","comisaria":"CPNP ORELLANA","tipo":"E","categoria":"LORETO","cod_uni":"222338","cod_divpol":"22R1A","divpol":"DIVOPUS UCAYALI","departamento":"LORETO","provincia":"UCAYALI","distrito":"VARGAS GUERRA"},"geometry":{"type":"Point","coordinates":[-75.15732444699995,-6.911467108999943]}},{"type":"Feature","properties":{"cod_regpol":"14R1","regionpol":"LORETO","cod_cpnp":"1578","comisaria":"CPNP EL ESTRECHO","tipo":"D","categoria":"LORETO","cod_uni":"217399","cod_divpol":"14R1A","divpol":"DIVOPUS LORETO","departamento":"LORETO","provincia":"PUTUMAYO","distrito":"PUTUMAYO"},"geometry":{"type":"Point","coordinates":[-72.66871107399999,-2.4471827239999584]}},{"type":"Feature","properties":{"cod_regpol":"15R1","regionpol":"MADRE DE DIOS","cod_cpnp":"3680","comisaria":"CPNP HUEPETUHE","tipo":"C","categoria":"MADRE DE DIOS","cod_uni":"222604","cod_divpol":"15R1A","divpol":"DIVOPUS MADRE DE DIOS","departamento":"MADRE DE DIOS","provincia":"MANU","distrito":"HUEPETUHE"},"geometry":{"type":"Point","coordinates":[-70.52989876999999,-13.001662069999952]}},{"type":"Feature","properties":{"cod_regpol":"08R2","regionpol":"PASCO","cod_cpnp":"5628","comisaria":"CPNP DANIEL ALCIDES CARRION","tipo":"B","categoria":"PASCO","cod_uni":"221789","cod_divpol":"08R2A","divpol":"DIVOPUS PASCO","departamento":"PASCO","provincia":"DANIEL ALCIDES CARRION","distrito":"YANAHUANCA"},"geometry":{"type":"Point","coordinates":[-76.51453661999994,-10.491643549999935]}},{"type":"Feature","properties":{"cod_regpol":"16R1","regionpol":"PIURA","cod_cpnp":"0665","comisaria":"CPNP SALITRAL","tipo":"D","categoria":"PIURA","cod_uni":"216213","cod_divpol":"16R1B","divpol":"DIVOPUS PIURA","departamento":"PIURA","provincia":"MORROPON","distrito":"SALITRAL"},"geometry":{"type":"Point","coordinates":[-79.83327966999997,-5.342040838999935]}},{"type":"Feature","properties":{"cod_regpol":"05R1","regionpol":"CAJAMARCA","cod_cpnp":"5143","comisaria":"CPNP CHUGUR","tipo":"E","categoria":"CAJAMARCA","cod_uni":"223321","cod_divpol":"05R1B","divpol":"DIVOPUS CAJAMARCA","departamento":"CAJAMARCA","provincia":"HUALGAYOC","distrito":"CHUGUR"},"geometry":{"type":"Point","coordinates":[-78.73839374999994,-6.670515198999965]}},{"type":"Feature","properties":{"cod_regpol":"20R2","regionpol":"TACNA","cod_cpnp":"4335","comisaria":"CPNP TARATA","tipo":"B","categoria":"TACNA","cod_uni":"222452","cod_divpol":"20R2A","divpol":"DIVOPUS TACNA","departamento":"TACNA","provincia":"TARATA","distrito":"TARATA"},"geometry":{"type":"Point","coordinates":[-70.03109201999996,-17.472593850999942]}},{"type":"Feature","properties":{"cod_regpol":"01R1","regionpol":"ANCASH","cod_cpnp":"4925","comisaria":"CPNP CASMA","tipo":"A","categoria":"ANCASH","cod_uni":"222243","cod_divpol":"01R1A","divpol":"DIVPOL CHIMBOTE","departamento":"ANCASH","provincia":"CASMA","distrito":"CASMA"},"geometry":{"type":"Point","coordinates":[-78.30596286999997,-9.475655049999943]}},{"type":"Feature","properties":{"cod_regpol":"12R1","regionpol":"LAMBAYEQUE","cod_cpnp":"0820","comisaria":"CPNP MONSEFU","tipo":"B","categoria":"LAMBAYEQUE","cod_uni":"216471","cod_divpol":"12R1A","divpol":"DIVOPUS LAMBAYEQUE","departamento":"LAMBAYEQUE","provincia":"CHICLAYO","distrito":"MONSEFU"},"geometry":{"type":"Point","coordinates":[-79.87231318999994,-6.877969909999933]}},{"type":"Feature","properties":{"cod_regpol":"07R1","regionpol":"CUSCO","cod_cpnp":"7558","comisaria":"CPNP SANTA TERESA","tipo":"C","categoria":"CUSCO","cod_uni":"218312","cod_divpol":"07R1A","divpol":"DIVOPUS LA CONVENCION","departamento":"CUSCO","provincia":"LA CONVENCION","distrito":"SANTA TERESA"},"geometry":{"type":"Point","coordinates":[-72.59439283999995,-13.130444649999959]}},{"type":"Feature","properties":{"cod_regpol":"15R1","regionpol":"MADRE DE DIOS","cod_cpnp":"3686","comisaria":"CPNP BOCA COLORADO","tipo":"E","categoria":"MADRE DE DIOS","cod_uni":"222607","cod_divpol":"15R1A","divpol":"DIVOPUS MADRE DE DIOS","departamento":"MADRE DE DIOS","provincia":"MANU","distrito":"MADRE DE DIOS"},"geometry":{"type":"Point","coordinates":[-70.39681943999994,-12.620759859999964]}},{"type":"Feature","properties":{"cod_regpol":"15R1","regionpol":"MADRE DE DIOS","cod_cpnp":"3682","comisaria":"CPNP DELTA 1","tipo":"E","categoria":"MADRE DE DIOS","cod_uni":"222608","cod_divpol":"15R1A","divpol":"DIVOPUS MADRE DE DIOS","departamento":"MADRE DE DIOS","provincia":"MANU","distrito":"MADRE DE DIOS"},"geometry":{"type":"Point","coordinates":[-70.52216991299997,-12.789892648999967]}},{"type":"Feature","properties":{"cod_regpol":"16R1","regionpol":"PIURA","cod_cpnp":"0642","comisaria":"CPNP LA UNION","tipo":"C","categoria":"PIURA","cod_uni":"216076","cod_divpol":"16R1B","divpol":"DIVOPUS PIURA","departamento":"PIURA","provincia":"PIURA","distrito":"LA UNION"},"geometry":{"type":"Point","coordinates":[-80.74349205099998,-5.402414375999967]}},{"type":"Feature","properties":{"cod_regpol":"19R2","regionpol":"SAN MARTIN","cod_cpnp":"1401","comisaria":"CPNP SAN LORENZO","tipo":"E","categoria":"LORETO","cod_uni":"221934","cod_divpol":"19R2B","divpol":"DIVOPUS TARAPOTO","departamento":"LORETO","provincia":"DATEM DEL MARAÑON","distrito":"BARRANCA"},"geometry":{"type":"Point","coordinates":[-76.55503032999997,-4.8314764099999365]}},{"type":"Feature","properties":{"cod_regpol":"07R1","regionpol":"CUSCO","cod_cpnp":"3612","comisaria":"CPNP PITUMARCA","tipo":"E","categoria":"CUSCO","cod_uni":"218282","cod_divpol":"07R1C","divpol":"DIVOPUS SICUANI","departamento":"CUSCO","provincia":"CANCHIS","distrito":"PITUMARCA"},"geometry":{"type":"Point","coordinates":[-71.41734419999995,-13.979891058999954]}},{"type":"Feature","properties":{"cod_regpol":"12R1","regionpol":"LAMBAYEQUE","cod_cpnp":"0822","comisaria":"CPNP PIMENTEL","tipo":"C","categoria":"LAMBAYEQUE","cod_uni":"216444","cod_divpol":"12R1A","divpol":"DIVOPUS LAMBAYEQUE","departamento":"LAMBAYEQUE","provincia":"CHICLAYO","distrito":"PIMENTEL"},"geometry":{"type":"Point","coordinates":[-79.93584374999995,-6.834865228999945]}},{"type":"Feature","properties":{"cod_regpol":"13R1","regionpol":"LIMA CENTRO","cod_cpnp":"1900","comisaria":"CPNP YANGAS","tipo":"C","categoria":"LIMAMETRO","cod_uni":"219746","cod_divpol":"13R1D","divpol":"DIVPOL NORTE 1","departamento":"LIMA","provincia":"CANTA","distrito":"SANTA ROSA DE QUIVES"},"geometry":{"type":"Point","coordinates":[-76.84573051799998,-11.695011723999926]}},{"type":"Feature","properties":{"cod_regpol":"16R1","regionpol":"PIURA","cod_cpnp":"0606","comisaria":"CPNP SAN MARTIN","tipo":"B","categoria":"PIURA","cod_uni":"216046","cod_divpol":"16R1B","divpol":"DIVOPUS PIURA","departamento":"PIURA","provincia":"PIURA","distrito":"VEINTISEIS DE OCTUBRE"},"geometry":{"type":"Point","coordinates":[-80.66866799999997,-5.18529499999994]}},{"type":"Feature","properties":{"cod_regpol":"16R1","regionpol":"PIURA","cod_cpnp":"0728","comisaria":"CPNP VEINTISEIS DE OCTUBRE","tipo":"A","categoria":"PIURA","cod_uni":"216056","cod_divpol":"16R1B","divpol":"DIVOPUS PIURA","departamento":"PIURA","provincia":"PIURA","distrito":"VEINTISEIS DE OCTUBRE"},"geometry":{"type":"Point","coordinates":[-80.68074462999994,-5.175522129999933]}},{"type":"Feature","properties":{"cod_regpol":"23R1","regionpol":"FRENTE POLICIAL VRAEM","cod_cpnp":"7570","comisaria":"CPNP ECHARATE","tipo":"B","categoria":"CUSCO","cod_uni":"220732","cod_divpol":"23R1A","divpol":"DIVOPUS VRAEM","departamento":"CUSCO","provincia":"LA CONVENCION","distrito":"ECHARATE"},"geometry":{"type":"Point","coordinates":[-72.57769458999996,-12.767664529999934]}},{"type":"Feature","properties":{"cod_regpol":"23R1","regionpol":"FRENTE POLICIAL VRAEM","cod_cpnp":"7574","comisaria":"CPNP PALMA REAL","tipo":"C","categoria":"CUSCO","cod_uni":"220738","cod_divpol":"23R1A","divpol":"DIVOPUS VRAEM","departamento":"CUSCO","provincia":"LA CONVENCION","distrito":"ECHARATE"},"geometry":{"type":"Point","coordinates":[-72.69216775999996,-12.627419589999931]}},{"type":"Feature","properties":{"cod_regpol":"23R1","regionpol":"FRENTE POLICIAL VRAEM","cod_cpnp":"7572","comisaria":"CPNP KITENI","tipo":"C","categoria":"CUSCO","cod_uni":"220735","cod_divpol":"23R1A","divpol":"DIVOPUS VRAEM","departamento":"CUSCO","provincia":"LA CONVENCION","distrito":"ECHARATE"},"geometry":{"type":"Point","coordinates":[-73.04712146099996,-12.647639265999942]}},{"type":"Feature","properties":{"cod_regpol":"23R1","regionpol":"FRENTE POLICIAL VRAEM","cod_cpnp":"8381","comisaria":"CPNP KEPASHIATO","tipo":"C","categoria":"CUSCO","cod_uni":"226521","cod_divpol":"23R1A","divpol":"DIVOPUS VRAEM","departamento":"CUSCO","provincia":"LA CONVENCION","distrito":"ECHARATE"},"geometry":{"type":"Point","coordinates":[-73.20205276299998,-12.637042045999976]}},{"type":"Feature","properties":{"cod_regpol":"13R1","regionpol":"LIMA NORTE","cod_cpnp":"2380","comisaria":"CPNP SUPE PUERTO","tipo":"B","categoria":"PROVINCIA","cod_uni":"225848","cod_divpol":"13R1A","divpol":"DIVPOL BARRANCA","departamento":"LIMA","provincia":"BARRANCA","distrito":"SUPE PUERTO"},"geometry":{"type":"Point","coordinates":[-77.74179000299995,-10.796977441999957]}},{"type":"Feature","properties":{"cod_regpol":"15R1","regionpol":"MADRE DE DIOS","cod_cpnp":"3663","comisaria":"CPNP PUERTO MALDONADO","tipo":"B","categoria":"MADRE DE DIOS","cod_uni":"222592","cod_divpol":"15R1A","divpol":"DIVOPUS MADRE DE DIOS","departamento":"MADRE DE DIOS","provincia":"TAMBOPATA","distrito":"TAMBOPATA"},"geometry":{"type":"Point","coordinates":[-69.17815846999997,-12.593532049999965]}},{"type":"Feature","properties":{"cod_regpol":"15R1","regionpol":"MADRE DE DIOS","cod_cpnp":"3664","comisaria":"CPNP TAMBOPATA","tipo":"B","categoria":"MADRE DE DIOS","cod_uni":"222595","cod_divpol":"15R1A","divpol":"DIVOPUS MADRE DE DIOS","departamento":"MADRE DE DIOS","provincia":"TAMBOPATA","distrito":"TAMBOPATA"},"geometry":{"type":"Point","coordinates":[-69.19321582099997,-12.58326932999995]}},{"type":"Feature","properties":{"cod_regpol":"19R2","regionpol":"SAN MARTIN","cod_cpnp":"1338","comisaria":"CPNP MOYOBAMBA","tipo":"A","categoria":"SAN MARTIN","cod_uni":"221949","cod_divpol":"19R2A","divpol":"DIVPOL MOYOBAMBA","departamento":"SAN MARTIN","provincia":"MOYOBAMBA","distrito":"MOYOBAMBA"},"geometry":{"type":"Point","coordinates":[-76.97422803999996,-6.034554729999968]}},{"type":"Feature","properties":{"cod_regpol":"19R2","regionpol":"SAN MARTIN","cod_cpnp":"1341","comisaria":"CPNP UCHUGLLA","tipo":"B","categoria":"SAN MARTIN","cod_uni":"221953","cod_divpol":"19R2A","divpol":"DIVPOL MOYOBAMBA","departamento":"SAN MARTIN","provincia":"MOYOBAMBA","distrito":"MOYOBAMBA"},"geometry":{"type":"Point","coordinates":[-76.97175823999999,-6.0476814399999625]}},{"type":"Feature","properties":{"cod_regpol":"13R1","regionpol":"LIMA CENTRO","cod_cpnp":"2114","comisaria":"CPNP SAN LUIS","tipo":"A","categoria":"LIMAMETRO","cod_uni":"219929","cod_divpol":"13R1J","divpol":"DIVPOL CENTRO 2","departamento":"LIMA","provincia":"LIMA","distrito":"SAN LUIS"},"geometry":{"type":"Point","coordinates":[-76.99944454999996,-12.073071556999935]}},{"type":"Feature","properties":{"cod_regpol":"13R1","regionpol":"LIMA CENTRO","cod_cpnp":"2115","comisaria":"CPNP YERBATEROS","tipo":"B","categoria":"LIMAMETRO","cod_uni":"219932","cod_divpol":"13R1J","divpol":"DIVPOL CENTRO 2","departamento":"LIMA","provincia":"LIMA","distrito":"SAN LUIS"},"geometry":{"type":"Point","coordinates":[-76.99729327699998,-12.064744321999967]}},{"type":"Feature","properties":{"cod_regpol":"20R2","regionpol":"TACNA","cod_cpnp":"4310","comisaria":"CPNP POCOLLAY","tipo":"B","categoria":"TACNA","cod_uni":"222435","cod_divpol":"20R2A","divpol":"DIVOPUS TACNA","departamento":"TACNA","provincia":"TACNA","distrito":"POCOLLAY"},"geometry":{"type":"Point","coordinates":[-70.22017645999995,-17.99519990999994]}},{"type":"Feature","properties":{"cod_regpol":"03R1","regionpol":"AREQUIPA","cod_cpnp":"4098","comisaria":"CPNP HUNTER","tipo":"B","categoria":"AREQUIPA","cod_uni":"218851","cod_divpol":"03R1A","divpol":"DIVOPUS AREQUIPA","departamento":"AREQUIPA","provincia":"AREQUIPA","distrito":"JACOBO HUNTER"},"geometry":{"type":"Point","coordinates":[-71.55500185999995,-16.441427889999943]}},{"type":"Feature","properties":{"cod_regpol":"03R1","regionpol":"AREQUIPA","cod_cpnp":"4099","comisaria":"CPNP ANDRES AVELINO CACERES","tipo":"C","categoria":"AREQUIPA","cod_uni":"218854","cod_divpol":"03R1A","divpol":"DIVOPUS AREQUIPA","departamento":"AREQUIPA","provincia":"AREQUIPA","distrito":"JACOBO HUNTER"},"geometry":{"type":"Point","coordinates":[-71.55349148999994,-16.452533759999938]}},{"type":"Feature","properties":{"cod_regpol":"08R1","regionpol":"HUANUCO","cod_cpnp":"7017","comisaria":"CPNP TULUMAYO","tipo":"C","categoria":"HUANUCO","cod_uni":"217539","cod_divpol":"08R1A","divpol":"DIVPOL LEONCIO PRADO","departamento":"HUANUCO","provincia":"LEONCIO PRADO","distrito":"PUEBLO NUEVO"},"geometry":{"type":"Point","coordinates":[-76.03249999999997,-9.13262599999996]}},{"type":"Feature","properties":{"cod_regpol":"08R1","regionpol":"HUANUCO","cod_cpnp":"7018","comisaria":"CPNP LA MORADA","tipo":"D","categoria":"HUANUCO","cod_uni":"217545","cod_divpol":"08R1A","divpol":"DIVPOL LEONCIO PRADO","departamento":"HUANUCO","provincia":"MARAÑON","distrito":"LA MORADA"},"geometry":{"type":"Point","coordinates":[-76.25056487999996,-8.794408209999972]}},{"type":"Feature","properties":{"cod_regpol":"03R1","regionpol":"AREQUIPA","cod_cpnp":"4124","comisaria":"CPNP SABANDIA","tipo":"D","categoria":"AREQUIPA","cod_uni":"218858","cod_divpol":"03R1A","divpol":"DIVOPUS AREQUIPA","departamento":"AREQUIPA","provincia":"AREQUIPA","distrito":"SABANDIA"},"geometry":{"type":"Point","coordinates":[-71.49548424199997,-16.449920842999973]}},{"type":"Feature","properties":{"cod_regpol":"03R1","regionpol":"AREQUIPA","cod_cpnp":"4076","comisaria":"CPNP CIUDAD MI TRABAJO","tipo":"A","categoria":"AREQUIPA","cod_uni":"218848","cod_divpol":"03R1A","divpol":"DIVOPUS AREQUIPA","departamento":"AREQUIPA","provincia":"AREQUIPA","distrito":"SOCABAYA"},"geometry":{"type":"Point","coordinates":[-71.53252804999994,-16.44826011999993]}},{"type":"Feature","properties":{"cod_regpol":"03R1","regionpol":"AREQUIPA","cod_cpnp":"4102","comisaria":"CPNP SOCABAYA","tipo":"B","categoria":"AREQUIPA","cod_uni":"218895","cod_divpol":"03R1A","divpol":"DIVOPUS AREQUIPA","departamento":"AREQUIPA","provincia":"AREQUIPA","distrito":"SOCABAYA"},"geometry":{"type":"Point","coordinates":[-71.52845558499996,-16.47210903599995]}},{"type":"Feature","properties":{"cod_regpol":"03R1","regionpol":"AREQUIPA","cod_cpnp":"4090","comisaria":"CPNP ALTO MISTI","tipo":"B","categoria":"AREQUIPA","cod_uni":"218812","cod_divpol":"03R1A","divpol":"DIVOPUS AREQUIPA","departamento":"AREQUIPA","provincia":"AREQUIPA","distrito":"MIRAFLORES"},"geometry":{"type":"Point","coordinates":[-71.51502124999996,-16.38885223999995]}},{"type":"Feature","properties":{"cod_regpol":"03R1","regionpol":"AREQUIPA","cod_cpnp":"4072","comisaria":"CPNP MIRAFLORES","tipo":"A","categoria":"AREQUIPA","cod_uni":"218809","cod_divpol":"03R1A","divpol":"DIVOPUS AREQUIPA","departamento":"AREQUIPA","provincia":"AREQUIPA","distrito":"MIRAFLORES"},"geometry":{"type":"Point","coordinates":[-71.52402937899996,-16.394874519999973]}},{"type":"Feature","properties":{"cod_regpol":"03R1","regionpol":"AREQUIPA","cod_cpnp":"4082","comisaria":"CPNP EL PORVENIR","tipo":"C","categoria":"AREQUIPA","cod_uni":"218815","cod_divpol":"03R1A","divpol":"DIVOPUS AREQUIPA","departamento":"AREQUIPA","provincia":"AREQUIPA","distrito":"MIRAFLORES"},"geometry":{"type":"Point","coordinates":[-71.50860007999995,-16.37723348999998]}},{"type":"Feature","properties":{"cod_regpol":"03R1","regionpol":"AREQUIPA","cod_cpnp":"4000","comisaria":"CPNP YANAHUARA","tipo":"A","categoria":"AREQUIPA","cod_uni":"218755","cod_divpol":"03R1A","divpol":"DIVOPUS AREQUIPA","departamento":"AREQUIPA","provincia":"AREQUIPA","distrito":"YANAHUARA"},"geometry":{"type":"Point","coordinates":[-71.54340451099995,-16.39146204599996]}},{"type":"Feature","properties":{"cod_regpol":"03R1","regionpol":"AREQUIPA","cod_cpnp":"4092","comisaria":"CPNP ALTO SELVA ALEGRE","tipo":"B","categoria":"AREQUIPA","cod_uni":"218803","cod_divpol":"03R1A","divpol":"DIVOPUS AREQUIPA","departamento":"AREQUIPA","provincia":"AREQUIPA","distrito":"ALTO SELVA ALEGRE"},"geometry":{"type":"Point","coordinates":[-71.51735577999995,-16.38325832499993]}},{"type":"Feature","properties":{"cod_regpol":"03R1","regionpol":"AREQUIPA","cod_cpnp":"4094","comisaria":"CPNP INDEPENDENCIA","tipo":"B","categoria":"AREQUIPA","cod_uni":"218806","cod_divpol":"03R1A","divpol":"DIVOPUS AREQUIPA","departamento":"AREQUIPA","provincia":"AREQUIPA","distrito":"ALTO SELVA ALEGRE"},"geometry":{"type":"Point","coordinates":[-71.51909526999998,-16.366067509999937]}},{"type":"Feature","properties":{"cod_regpol":"03R1","regionpol":"AREQUIPA","cod_cpnp":"4060","comisaria":"CPNP YURA","tipo":"D","categoria":"AREQUIPA","cod_uni":"218783","cod_divpol":"03R1A","divpol":"DIVOPUS AREQUIPA","departamento":"AREQUIPA","provincia":"AREQUIPA","distrito":"YURA"},"geometry":{"type":"Point","coordinates":[-71.69215911999999,-16.24640667099993]}},{"type":"Feature","properties":{"cod_regpol":"03R1","regionpol":"AREQUIPA","cod_cpnp":"4058","comisaria":"CPNP CIUDAD DE DIOS","tipo":"B","categoria":"AREQUIPA","cod_uni":"218780","cod_divpol":"03R1A","divpol":"DIVOPUS AREQUIPA","departamento":"AREQUIPA","provincia":"AREQUIPA","distrito":"YURA"},"geometry":{"type":"Point","coordinates":[-71.61919417999997,-16.303439130999948]}},{"type":"Feature","properties":{"cod_regpol":"07R1","regionpol":"CUSCO","cod_cpnp":"3650","comisaria":"CPNP ESPINAR","tipo":"A","categoria":"CUSCO","cod_uni":"218283","cod_divpol":"07R1C","divpol":"DIVOPUS SICUANI","departamento":"CUSCO","provincia":"ESPINAR","distrito":"ESPINAR"},"geometry":{"type":"Point","coordinates":[-71.41365582899994,-14.792735839999978]}},{"type":"Feature","properties":{"cod_regpol":"03R1","regionpol":"AREQUIPA","cod_cpnp":"4204","comisaria":"CPNP ATICO","tipo":"B","categoria":"AREQUIPA","cod_uni":"218919","cod_divpol":"03R1A","divpol":"DIVOPUS AREQUIPA","departamento":"AREQUIPA","provincia":"CARAVELI","distrito":"ATICO"},"geometry":{"type":"Point","coordinates":[-73.60963355899997,-16.228380269999946]}},{"type":"Feature","properties":{"cod_regpol":"03R1","regionpol":"AREQUIPA","cod_cpnp":"4216","comisaria":"CPNP CHUQUIBAMBA CONDESUYOS","tipo":"B","categoria":"AREQUIPA","cod_uni":"218940","cod_divpol":"03R1A","divpol":"DIVOPUS AREQUIPA","departamento":"AREQUIPA","provincia":"CONDESUYOS","distrito":"CHUQUIBAMBA"},"geometry":{"type":"Point","coordinates":[-72.65105660999996,-15.840479069999958]}},{"type":"Feature","properties":{"cod_regpol":"03R1","regionpol":"AREQUIPA","cod_cpnp":"4066","comisaria":"CPNP SAN ANTONIO DE CHUCA - IMATA","tipo":"D","categoria":"AREQUIPA","cod_uni":"218969","cod_divpol":"03R1A","divpol":"DIVOPUS AREQUIPA","departamento":"AREQUIPA","provincia":"CAYLLOMA","distrito":"SAN ANTONIO DE CHUCA"},"geometry":{"type":"Point","coordinates":[-71.09157428099996,-15.838072139999952]}},{"type":"Feature","properties":{"cod_regpol":"03R1","regionpol":"AREQUIPA","cod_cpnp":"4222","comisaria":"CPNP ANDARAY","tipo":"E","categoria":"AREQUIPA","cod_uni":"218950","cod_divpol":"03R1A","divpol":"DIVOPUS AREQUIPA","departamento":"AREQUIPA","provincia":"CONDESUYOS","distrito":"ANDARAY"},"geometry":{"type":"Point","coordinates":[-72.86014662899998,-15.79727011999995]}},{"type":"Feature","properties":{"cod_regpol":"20R1","regionpol":"MOQUEGUA","cod_cpnp":"4270","comisaria":"CPNP UBINAS","tipo":"D","categoria":"MOQUEGUA","cod_uni":"222523","cod_divpol":"20R1A","divpol":"DIVOPUS MOQUEGUA","departamento":"MOQUEGUA","provincia":"GENERAL SANCHEZ CERRO","distrito":"UBINAS"},"geometry":{"type":"Point","coordinates":[-70.85553753999994,-16.386719459999938]}},{"type":"Feature","properties":{"cod_regpol":"20R1","regionpol":"MOQUEGUA","cod_cpnp":"4140","comisaria":"CPNP YALAGUA","tipo":"D","categoria":"MOQUEGUA","cod_uni":"222528","cod_divpol":"20R1A","divpol":"DIVOPUS MOQUEGUA","departamento":"MOQUEGUA","provincia":"GENERAL SANCHEZ CERRO","distrito":"UBINAS"},"geometry":{"type":"Point","coordinates":[-70.75523613999997,-16.283209039999974]}},{"type":"Feature","properties":{"cod_regpol":"16R1","regionpol":"PIURA","cod_cpnp":"0654","comisaria":"CPNP VICE","tipo":"D","categoria":"PIURA","cod_uni":"216064","cod_divpol":"16R1B","divpol":"DIVOPUS PIURA","departamento":"PIURA","provincia":"SECHURA","distrito":"VICE"},"geometry":{"type":"Point","coordinates":[-80.77622796999998,-5.419595449999974]}},{"type":"Feature","properties":{"cod_regpol":"14R1","regionpol":"LORETO","cod_cpnp":"1567","comisaria":"CPNP MAYNAS - MAZAN","tipo":"B","categoria":"LORETO","cod_uni":"217386","cod_divpol":"14R1A","divpol":"DIVOPUS LORETO","departamento":"LORETO","provincia":"MAYNAS","distrito":"MAZAN"},"geometry":{"type":"Point","coordinates":[-73.09097001999999,-3.498931789999972]}},{"type":"Feature","properties":{"cod_regpol":"14R1","regionpol":"LORETO","cod_cpnp":"1612","comisaria":"CPNP INTUTO","tipo":"E","categoria":"LORETO","cod_uni":"221706","cod_divpol":"14R1A","divpol":"DIVOPUS LORETO","departamento":"LORETO","provincia":"LORETO","distrito":"TIGRE"},"geometry":{"type":"Point","coordinates":[-74.78167877899995,-3.4893306799999664]}},{"type":"Feature","properties":{"cod_regpol":"08R2","regionpol":"PASCO","cod_cpnp":"5626","comisaria":"CPNP TICLACAYAN","tipo":"E","categoria":"PASCO","cod_uni":"221788","cod_divpol":"08R2A","divpol":"DIVOPUS PASCO","departamento":"PASCO","provincia":"PASCO","distrito":"TICLACAYAN"},"geometry":{"type":"Point","coordinates":[-76.16585128999998,-10.534627698999941]}},{"type":"Feature","properties":{"cod_regpol":"08R1","regionpol":"HUANUCO","cod_cpnp":"3125","comisaria":"CPNP ISCOZACIN - PALCAZU","tipo":"C","categoria":"PASCO","cod_uni":"220634","cod_divpol":"17R1A","divpol":"DIVOPUS PUERTO INCA","departamento":"PASCO","provincia":"OXAPAMPA","distrito":"PALCAZU"},"geometry":{"type":"Point","coordinates":[-75.15055240999999,-10.185211079999931]}},{"type":"Feature","properties":{"cod_regpol":"16R1","regionpol":"PIURA","cod_cpnp":"0746","comisaria":"CPNP SICCHEZ","tipo":"D","categoria":"PIURA","cod_uni":"216205","cod_divpol":"16R1A","divpol":"DIVOPUS SULLANA","departamento":"PIURA","provincia":"AYABACA","distrito":"SICCHEZ"},"geometry":{"type":"Point","coordinates":[-79.76424242999997,-4.570306609999932]}},{"type":"Feature","properties":{"cod_regpol":"02R1","regionpol":"APURIMAC","cod_cpnp":"5490","comisaria":"CPNP HUANCARAY","tipo":"E","categoria":"APURIMAC","cod_uni":"223469","cod_divpol":"02R1A","divpol":"DIVOPUS ANDAHUAYLAS","departamento":"APURIMAC","provincia":"ANDAHUAYLAS","distrito":"HUANCARAY"},"geometry":{"type":"Point","coordinates":[-73.52909919099994,-13.756987338999977]}},{"type":"Feature","properties":{"cod_regpol":"16R1","regionpol":"PIURA","cod_cpnp":"0695","comisaria":"CPNP SONDOR","tipo":"D","categoria":"PIURA","cod_uni":"216119","cod_divpol":"16R1B","divpol":"DIVOPUS PIURA","departamento":"PIURA","provincia":"HUANCABAMBA","distrito":"SONDOR"},"geometry":{"type":"Point","coordinates":[-79.40981624999995,-5.315301440999974]}},{"type":"Feature","properties":{"cod_regpol":"18R1","regionpol":"PUNO","cod_cpnp":"4504","comisaria":"CPNP CAPACHICA","tipo":"E","categoria":"PUNO","cod_uni":"219255","cod_divpol":"18R1B","divpol":"DIVOPUS PUNO","departamento":"PUNO","provincia":"PUNO","distrito":"CAPACHICA"},"geometry":{"type":"Point","coordinates":[-69.83118166999998,-15.641877379999926]}},{"type":"Feature","properties":{"cod_regpol":"18R1","regionpol":"PUNO","cod_cpnp":"4517","comisaria":"CPNP PLATERIA","tipo":"E","categoria":"PUNO","cod_uni":"219256","cod_divpol":"18R1B","divpol":"DIVOPUS PUNO","departamento":"PUNO","provincia":"PUNO","distrito":"PLATERIA"},"geometry":{"type":"Point","coordinates":[-69.83231492999994,-15.946694199999968]}},{"type":"Feature","properties":{"cod_regpol":"18R1","regionpol":"PUNO","cod_cpnp":"4508","comisaria":"CPNP LARAQUERI","tipo":"E","categoria":"PUNO","cod_uni":"219250","cod_divpol":"18R1B","divpol":"DIVOPUS PUNO","departamento":"PUNO","provincia":"PUNO","distrito":"PICHACANI"},"geometry":{"type":"Point","coordinates":[-70.06429214099995,-16.150568919999955]}},{"type":"Feature","properties":{"cod_regpol":"08R1","regionpol":"HUANUCO","cod_cpnp":"3158","comisaria":"CPNP HUANCABAMBA","tipo":"D","categoria":"PASCO","cod_uni":"220624","cod_divpol":"17R1A","divpol":"DIVOPUS PUERTO INCA","departamento":"PASCO","provincia":"OXAPAMPA","distrito":"HUANCABAMBA"},"geometry":{"type":"Point","coordinates":[-75.52275698999995,-10.427234558999942]}},{"type":"Feature","properties":{"cod_regpol":"18R1","regionpol":"PUNO","cod_cpnp":"4652","comisaria":"CPNP ZEPITA","tipo":"D","categoria":"PUNO","cod_uni":"219267","cod_divpol":"18R1B","divpol":"DIVOPUS PUNO","departamento":"PUNO","provincia":"CHUCUITO","distrito":"ZEPITA"},"geometry":{"type":"Point","coordinates":[-69.10006989999994,-16.49899378999993]}},{"type":"Feature","properties":{"cod_regpol":"08R2","regionpol":"PASCO","cod_cpnp":"5609","comisaria":"CPNP COLQUIJIRCA TINYAHUARCO","tipo":"A","categoria":"PASCO","cod_uni":"221771","cod_divpol":"08R2A","divpol":"DIVOPUS PASCO","departamento":"PASCO","provincia":"PASCO","distrito":"TINYAHUARCO"},"geometry":{"type":"Point","coordinates":[-76.26483948899994,-10.755024719999938]}},{"type":"Feature","properties":{"cod_regpol":"08R2","regionpol":"PASCO","cod_cpnp":"5638","comisaria":"CPNP GOYLLARISQUIZGA","tipo":"E","categoria":"PASCO","cod_uni":"221795","cod_divpol":"08R2A","divpol":"DIVOPUS PASCO","departamento":"PASCO","provincia":"DANIEL ALCIDES CARRION","distrito":"GOYLLARISQUIZGA"},"geometry":{"type":"Point","coordinates":[-76.40886364999994,-10.47345158099995]}},{"type":"Feature","properties":{"cod_regpol":"12R1","regionpol":"LAMBAYEQUE","cod_cpnp":"0919","comisaria":"CPNP CALUPE","tipo":"D","categoria":"LAMBAYEQUE","cod_uni":"216508","cod_divpol":"12R1A","divpol":"DIVOPUS LAMBAYEQUE","departamento":"LAMBAYEQUE","provincia":"CHICLAYO","distrito":"TUMAN"},"geometry":{"type":"Point","coordinates":[-79.67878802999996,-6.778770839999936]}},{"type":"Feature","properties":{"cod_regpol":"12R1","regionpol":"LAMBAYEQUE","cod_cpnp":"0895","comisaria":"CPNP TUMAN","tipo":"B","categoria":"LAMBAYEQUE","cod_uni":"216489","cod_divpol":"12R1A","divpol":"DIVOPUS LAMBAYEQUE","departamento":"LAMBAYEQUE","provincia":"CHICLAYO","distrito":"TUMAN"},"geometry":{"type":"Point","coordinates":[-79.70303653999997,-6.749976999999944]}},{"type":"Feature","properties":{"cod_regpol":"19R2","regionpol":"SAN MARTIN","cod_cpnp":"1326","comisaria":"CPNP CHAZUTA","tipo":"D","categoria":"SAN MARTIN","cod_uni":"221897","cod_divpol":"19R2B","divpol":"DIVOPUS TARAPOTO","departamento":"SAN MARTIN","provincia":"SAN MARTIN","distrito":"CHAZUTA"},"geometry":{"type":"Point","coordinates":[-76.13727743999993,-6.57383595999994]}},{"type":"Feature","properties":{"cod_regpol":"22R1","regionpol":"UCAYALI","cod_cpnp":"7900","comisaria":"CPNP MASISEA","tipo":"E","categoria":"UCAYALI","cod_uni":"222337","cod_divpol":"22R1A","divpol":"DIVOPUS UCAYALI","departamento":"UCAYALI","provincia":"CORONEL PORTILLO","distrito":"MASISEA"},"geometry":{"type":"Point","coordinates":[-74.30589480399993,-8.60582786599997]}},{"type":"Feature","properties":{"cod_regpol":"08R1","regionpol":"HUANUCO","cod_cpnp":"7920","comisaria":"CPNP TAHUANIA","tipo":"E","categoria":"UCAYALI","cod_uni":"220640","cod_divpol":"17R1A","divpol":"DIVOPUS PUERTO INCA","departamento":"UCAYALI","provincia":"ATALAYA","distrito":"TAHUANIA"},"geometry":{"type":"Point","coordinates":[-73.95631601799994,-10.030289951999976]}},{"type":"Feature","properties":{"cod_regpol":"08R1","regionpol":"HUANUCO","cod_cpnp":"7915","comisaria":"CPNP CODO DEL POZUZO","tipo":"C","categoria":"HUANUCO","cod_uni":"222632","cod_divpol":"17R1A","divpol":"DIVOPUS PUERTO INCA","departamento":"HUANUCO","provincia":"PUERTO INCA","distrito":"CODO DEL POZUZO"},"geometry":{"type":"Point","coordinates":[-75.46247999999997,-9.669197999999938]}},{"type":"Feature","properties":{"cod_regpol":"08R1","regionpol":"HUANUCO","cod_cpnp":"7009","comisaria":"CPNP PUMAHUASI","tipo":"D","categoria":"HUANUCO","cod_uni":"217532","cod_divpol":"08R1A","divpol":"DIVPOL LEONCIO PRADO","departamento":"HUANUCO","provincia":"LEONCIO PRADO","distrito":"DANIEL ALOMIA ROBLES"},"geometry":{"type":"Point","coordinates":[-75.95438979999994,-9.188253730999975]}},{"type":"Feature","properties":{"cod_regpol":"08R2","regionpol":"PASCO","cod_cpnp":"5621","comisaria":"CPNP HUACHON","tipo":"D","categoria":"PASCO","cod_uni":"221787","cod_divpol":"08R2A","divpol":"DIVOPUS PASCO","departamento":"PASCO","provincia":"PASCO","distrito":"HUACHON"},"geometry":{"type":"Point","coordinates":[-75.95085080999996,-10.636765328999957]}},{"type":"Feature","properties":{"cod_regpol":"13R1","regionpol":"LIMA NORTE","cod_cpnp":"2360","comisaria":"CPNP BARRANCA","tipo":"A","categoria":"PROVINCIA","cod_uni":"225836","cod_divpol":"13R1A","divpol":"DIVPOL BARRANCA","departamento":"LIMA","provincia":"BARRANCA","distrito":"BARRANCA"},"geometry":{"type":"Point","coordinates":[-77.76493995499999,-10.750784645999943]}},{"type":"Feature","properties":{"cod_regpol":"19R2","regionpol":"SAN MARTIN","cod_cpnp":"7042","comisaria":"CPNP NUEVO PROGRESO","tipo":"B","categoria":"SAN MARTIN","cod_uni":"221928","cod_divpol":"19R2B","divpol":"DIVOPUS TARAPOTO","departamento":"SAN MARTIN","provincia":"TOCACHE","distrito":"NUEVO PROGRESO"},"geometry":{"type":"Point","coordinates":[-76.32417239999995,-8.45341228999996]}},{"type":"Feature","properties":{"cod_regpol":"19R2","regionpol":"SAN MARTIN","cod_cpnp":"7008","comisaria":"CPNP MADRE MIA","tipo":"D","categoria":"SAN MARTIN","cod_uni":"221923","cod_divpol":"19R2B","divpol":"DIVOPUS TARAPOTO","departamento":"SAN MARTIN","provincia":"TOCACHE","distrito":"NUEVO PROGRESO"},"geometry":{"type":"Point","coordinates":[-76.22350499999999,-8.748711999999955]}},{"type":"Feature","properties":{"cod_regpol":"07R1","regionpol":"CUSCO","cod_cpnp":"3600","comisaria":"CPNP SICUANI","tipo":"A","categoria":"CUSCO","cod_uni":"218270","cod_divpol":"07R1C","divpol":"DIVOPUS SICUANI","departamento":"CUSCO","provincia":"CANCHIS","distrito":"SICUANI"},"geometry":{"type":"Point","coordinates":[-71.22433325599997,-14.279447439999956]}},{"type":"Feature","properties":{"cod_regpol":"07R1","regionpol":"CUSCO","cod_cpnp":"3614","comisaria":"CPNP TORCOMA","tipo":"B","categoria":"CUSCO","cod_uni":"218273","cod_divpol":"07R1C","divpol":"DIVOPUS SICUANI","departamento":"CUSCO","provincia":"CANCHIS","distrito":"SICUANI"},"geometry":{"type":"Point","coordinates":[-71.22945858999998,-14.255343369999935]}},{"type":"Feature","properties":{"cod_regpol":"19R2","regionpol":"SAN MARTIN","cod_cpnp":"1398","comisaria":"CPNP YURIMAGUAS","tipo":"A","categoria":"LORETO","cod_uni":"221931","cod_divpol":"19R2B","divpol":"DIVOPUS TARAPOTO","departamento":"LORETO","provincia":"ALTO AMAZONAS","distrito":"YURIMAGUAS"},"geometry":{"type":"Point","coordinates":[-76.11444885399999,-5.897247128999936]}},{"type":"Feature","properties":{"cod_regpol":"11R1","regionpol":"LA LIBERTAD","cod_cpnp":"1266","comisaria":"CPNP HUAMACHUCO","tipo":"A","categoria":"LA LIBERTAD","cod_uni":"225901","cod_divpol":"11R1C","divpol":"DIVPOL HUAMACHUCO","departamento":"LA LIBERTAD","provincia":"SANCHEZ CARRION","distrito":"HUAMACHUCO"},"geometry":{"type":"Point","coordinates":[-78.04237769999997,-7.816946200999951]}},{"type":"Feature","properties":{"cod_regpol":"16R1","regionpol":"PIURA","cod_cpnp":"0774","comisaria":"CPNP TALARA","tipo":"B","categoria":"PIURA","cod_uni":"216227","cod_divpol":"16R1A","divpol":"DIVOPUS SULLANA","departamento":"PIURA","provincia":"TALARA","distrito":"PARIÑAS"},"geometry":{"type":"Point","coordinates":[-81.27634702999995,-4.576142579999953]}},{"type":"Feature","properties":{"cod_regpol":"16R1","regionpol":"PIURA","cod_cpnp":"0776","comisaria":"CPNP TALARA ALTA","tipo":"A","categoria":"PIURA","cod_uni":"216230","cod_divpol":"16R1A","divpol":"DIVOPUS SULLANA","departamento":"PIURA","provincia":"TALARA","distrito":"PARIÑAS"},"geometry":{"type":"Point","coordinates":[-81.25665851999997,-4.589463369999976]}},{"type":"Feature","properties":{"cod_regpol":"05R1","regionpol":"CAJAMARCA","cod_cpnp":"1055","comisaria":"CPNP SAN IGNACIO","tipo":"B","categoria":"CAJAMARCA","cod_uni":"223356","cod_divpol":"05R1A","divpol":"DIVPOL JAEN","departamento":"CAJAMARCA","provincia":"SAN IGNACIO","distrito":"SAN IGNACIO"},"geometry":{"type":"Point","coordinates":[-78.99973087999996,-5.145999149999966]}},{"type":"Feature","properties":{"cod_regpol":"16R1","regionpol":"PIURA","cod_cpnp":"0735","comisaria":"CPNP AYABACA","tipo":"B","categoria":"PIURA","cod_uni":"216198","cod_divpol":"16R1A","divpol":"DIVOPUS SULLANA","departamento":"PIURA","provincia":"AYABACA","distrito":"AYABACA"},"geometry":{"type":"Point","coordinates":[-79.71481698999997,-4.639120669999954]}},{"type":"Feature","properties":{"cod_regpol":"05R1","regionpol":"CAJAMARCA","cod_cpnp":"1059","comisaria":"CPNP CHIRINOS","tipo":"E","categoria":"CAJAMARCA","cod_uni":"223362","cod_divpol":"05R1A","divpol":"DIVPOL JAEN","departamento":"CAJAMARCA","provincia":"SAN IGNACIO","distrito":"CHIRINOS"},"geometry":{"type":"Point","coordinates":[-78.89794732999997,-5.306407940999975]}},{"type":"Feature","properties":{"cod_regpol":"05R1","regionpol":"CAJAMARCA","cod_cpnp":"1061","comisaria":"CPNP TABACONAS","tipo":"D","categoria":"CAJAMARCA","cod_uni":"223364","cod_divpol":"05R1A","divpol":"DIVPOL JAEN","departamento":"CAJAMARCA","provincia":"SAN IGNACIO","distrito":"TABACONAS"},"geometry":{"type":"Point","coordinates":[-79.28330475999996,-5.316314079999927]}},{"type":"Feature","properties":{"cod_regpol":"16R1","regionpol":"PIURA","cod_cpnp":"0732","comisaria":"CPNP BELLAVISTA","tipo":"B","categoria":"PIURA","cod_uni":"216181","cod_divpol":"16R1A","divpol":"DIVOPUS SULLANA","departamento":"PIURA","provincia":"SULLANA","distrito":"BELLAVISTA"},"geometry":{"type":"Point","coordinates":[-80.68176778999998,-4.891151109999953]}},{"type":"Feature","properties":{"cod_regpol":"16R1","regionpol":"PIURA","cod_cpnp":"0615","comisaria":"CPNP TAMBOGRANDE","tipo":"B","categoria":"PIURA","cod_uni":"216185","cod_divpol":"16R1A","divpol":"DIVOPUS SULLANA","departamento":"PIURA","provincia":"PIURA","distrito":"TAMBO GRANDE"},"geometry":{"type":"Point","coordinates":[-80.34184537999994,-4.932257890999949]}},{"type":"Feature","properties":{"cod_regpol":"16R1","regionpol":"PIURA","cod_cpnp":"0618","comisaria":"CPNP CRUCETA","tipo":"D","categoria":"PIURA","cod_uni":"216191","cod_divpol":"16R1A","divpol":"DIVOPUS SULLANA","departamento":"PIURA","provincia":"PIURA","distrito":"TAMBO GRANDE"},"geometry":{"type":"Point","coordinates":[-80.27016631999999,-4.837137219999931]}},{"type":"Feature","properties":{"cod_regpol":"16R1","regionpol":"PIURA","cod_cpnp":"0705","comisaria":"CPNP SULLANA","tipo":"A","categoria":"PIURA","cod_uni":"216175","cod_divpol":"16R1A","divpol":"DIVOPUS SULLANA","departamento":"PIURA","provincia":"SULLANA","distrito":"SULLANA"},"geometry":{"type":"Point","coordinates":[-80.69050447999996,-4.899412598999959]}},{"type":"Feature","properties":{"cod_regpol":"16R1","regionpol":"PIURA","cod_cpnp":"0711","comisaria":"CPNP NUEVA SULLANA","tipo":"D","categoria":"PIURA","cod_uni":"216184","cod_divpol":"16R1A","divpol":"DIVOPUS SULLANA","departamento":"PIURA","provincia":"SULLANA","distrito":"SULLANA"},"geometry":{"type":"Point","coordinates":[-80.72384779999999,-4.909336219999943]}},{"type":"Feature","properties":{"cod_regpol":"16R1","regionpol":"PIURA","cod_cpnp":"0783","comisaria":"CPNP EL OBRERO","tipo":"B","categoria":"PIURA","cod_uni":"216178","cod_divpol":"16R1A","divpol":"DIVOPUS SULLANA","departamento":"PIURA","provincia":"SULLANA","distrito":"SULLANA"},"geometry":{"type":"Point","coordinates":[-80.68257310999996,-4.910542519999979]}},{"type":"Feature","properties":{"cod_regpol":"16R1","regionpol":"PIURA","cod_cpnp":"0621","comisaria":"CPNP LAS LOMAS","tipo":"D","categoria":"PIURA","cod_uni":"216192","cod_divpol":"16R1A","divpol":"DIVOPUS SULLANA","departamento":"PIURA","provincia":"PIURA","distrito":"LAS LOMAS"},"geometry":{"type":"Point","coordinates":[-80.24390864999998,-4.656598729999928]}},{"type":"Feature","properties":{"cod_regpol":"16R1","regionpol":"PIURA","cod_cpnp":"0622","comisaria":"CPNP CHIPILLICO","tipo":"E","categoria":"PIURA","cod_uni":"216193","cod_divpol":"16R1A","divpol":"DIVOPUS SULLANA","departamento":"PIURA","provincia":"PIURA","distrito":"LAS LOMAS"},"geometry":{"type":"Point","coordinates":[-80.13059804999995,-4.719696969999973]}},{"type":"Feature","properties":{"cod_regpol":"08R1","regionpol":"HUANUCO","cod_cpnp":"7004","comisaria":"CPNP CAYUMBA","tipo":"D","categoria":"HUANUCO","cod_uni":"217531","cod_divpol":"08R1A","divpol":"DIVPOL LEONCIO PRADO","departamento":"HUANUCO","provincia":"LEONCIO PRADO","distrito":"MARIANO DAMASO BERAUN"},"geometry":{"type":"Point","coordinates":[-75.95306845999994,-9.494613418999961]}},{"type":"Feature","properties":{"cod_regpol":"07R1","regionpol":"CUSCO","cod_cpnp":"3652","comisaria":"CPNP LIVITACA","tipo":"E","categoria":"CUSCO","cod_uni":"218293","cod_divpol":"07R1C","divpol":"DIVOPUS SICUANI","departamento":"CUSCO","provincia":"CHUMBIVILCAS","distrito":"LIVITACA"},"geometry":{"type":"Point","coordinates":[-71.68900207999997,-14.313747448999948]}},{"type":"Feature","properties":{"cod_regpol":"16R1","regionpol":"PIURA","cod_cpnp":"0782","comisaria":"CPNP MANCORA","tipo":"C","categoria":"PIURA","cod_uni":"216238","cod_divpol":"16R1A","divpol":"DIVOPUS SULLANA","departamento":"PIURA","provincia":"TALARA","distrito":"MANCORA"},"geometry":{"type":"Point","coordinates":[-81.05311790999997,-4.106694698999945]}},{"type":"Feature","properties":{"cod_regpol":"08R2","regionpol":"PASCO","cod_cpnp":"5622","comisaria":"CPNP PAUCARTAMBO","tipo":"D","categoria":"PASCO","cod_uni":"221777","cod_divpol":"08R2A","divpol":"DIVOPUS PASCO","departamento":"PASCO","provincia":"PASCO","distrito":"PAUCARTAMBO"},"geometry":{"type":"Point","coordinates":[-75.81342352999997,-10.77490647999997]}},{"type":"Feature","properties":{"cod_regpol":"16R1","regionpol":"PIURA","cod_cpnp":"0633","comisaria":"CPNP RINCONADA LLICUAR","tipo":"D","categoria":"PIURA","cod_uni":"216069","cod_divpol":"16R1B","divpol":"DIVOPUS PIURA","departamento":"PIURA","provincia":"SECHURA","distrito":"RINCONADA LLICUAR"},"geometry":{"type":"Point","coordinates":[-80.76212517999994,-5.455402009999943]}},{"type":"Feature","properties":{"cod_regpol":"22R1","regionpol":"UCAYALI","cod_cpnp":"1715","comisaria":"CPNP PURUS","tipo":"D","categoria":"UCAYALI","cod_uni":"222340","cod_divpol":"22R1A","divpol":"DIVOPUS UCAYALI","departamento":"UCAYALI","provincia":"PURUS","distrito":"PURUS"},"geometry":{"type":"Point","coordinates":[-70.71072397999995,-9.772321789999978]}},{"type":"Feature","properties":{"cod_regpol":"14R1","regionpol":"LORETO","cod_cpnp":"1573","comisaria":"CPNP SANTA CLOTILDE","tipo":"E","categoria":"LORETO","cod_uni":"217392","cod_divpol":"14R1A","divpol":"DIVOPUS LORETO","departamento":"LORETO","provincia":"MAYNAS","distrito":"NAPO"},"geometry":{"type":"Point","coordinates":[-73.67565278099994,-2.4895147199999315]}},{"type":"Feature","properties":{"cod_regpol":"14R1","regionpol":"LORETO","cod_cpnp":"1618","comisaria":"CPNP TROMPETEROS","tipo":"D","categoria":"LORETO","cod_uni":"221709","cod_divpol":"14R1A","divpol":"DIVOPUS LORETO","departamento":"LORETO","provincia":"LORETO","distrito":"TROMPETEROS"},"geometry":{"type":"Point","coordinates":[-75.06040584899995,-3.8067853199999604]}},{"type":"Feature","properties":{"cod_regpol":"15R1","regionpol":"MADRE DE DIOS","cod_cpnp":"3681","comisaria":"CPNP MAZUKO","tipo":"B","categoria":"MADRE DE DIOS","cod_uni":"222601","cod_divpol":"15R1A","divpol":"DIVOPUS MADRE DE DIOS","departamento":"MADRE DE DIOS","provincia":"TAMBOPATA","distrito":"INAMBARI"},"geometry":{"type":"Point","coordinates":[-70.36707188999998,-13.100647538999965]}},{"type":"Feature","properties":{"cod_regpol":"15R1","regionpol":"MADRE DE DIOS","cod_cpnp":"3683","comisaria":"CPNP SANTA ROSA","tipo":"E","categoria":"MADRE DE DIOS","cod_uni":"222609","cod_divpol":"15R1A","divpol":"DIVOPUS MADRE DE DIOS","departamento":"MADRE DE DIOS","provincia":"TAMBOPATA","distrito":"INAMBARI"},"geometry":{"type":"Point","coordinates":[-70.30275603399997,-12.926396308999927]}},{"type":"Feature","properties":{"cod_regpol":"16R1","regionpol":"PIURA","cod_cpnp":"8410","comisaria":"CPNP BELLAVISTA LA UNION","tipo":"E","categoria":"PIURA","cod_uni":"226592","cod_divpol":"16R1B","divpol":"DIVOPUS PIURA","departamento":"PIURA","provincia":"SECHURA","distrito":"BELLAVISTA DE LA UNION"},"geometry":{"type":"Point","coordinates":[-80.75491589999996,-5.439252599999975]}},{"type":"Feature","properties":{"cod_regpol":"08R1","regionpol":"HUANUCO","cod_cpnp":"3157","comisaria":"CPNP ATALAYA - RAIMONDI","tipo":"A","categoria":"UCAYALI","cod_uni":"220637","cod_divpol":"17R1A","divpol":"DIVOPUS PUERTO INCA","departamento":"UCAYALI","provincia":"ATALAYA","distrito":"RAIMONDI"},"geometry":{"type":"Point","coordinates":[-73.75056269999999,-10.73237647999997]}},{"type":"Feature","properties":{"cod_regpol":"22R1","regionpol":"UCAYALI","cod_cpnp":"7015","comisaria":"CPNP PADRE ABAD - AGUAYTIA","tipo":"A","categoria":"UCAYALI","cod_uni":"222342","cod_divpol":"22R1A","divpol":"DIVOPUS UCAYALI","departamento":"UCAYALI","provincia":"PADRE ABAD","distrito":"PADRE ABAD"},"geometry":{"type":"Point","coordinates":[-75.50689251999995,-9.037942529999953]}},{"type":"Feature","properties":{"cod_regpol":"22R1","regionpol":"UCAYALI","cod_cpnp":"7020","comisaria":"CPNP ALEXANDER VON HUMBOLDT","tipo":"B","categoria":"UCAYALI","cod_uni":"222346","cod_divpol":"22R1A","divpol":"DIVOPUS UCAYALI","departamento":"UCAYALI","provincia":"PADRE ABAD","distrito":"ALEXANDER VON HUMBOLDT"},"geometry":{"type":"Point","coordinates":[-75.05160699899994,-8.825379999999939]}},{"type":"Feature","properties":{"cod_regpol":"07R1","regionpol":"CUSCO","cod_cpnp":"7580","comisaria":"CPNP OCOBAMBA","tipo":"E","categoria":"CUSCO","cod_uni":"218319","cod_divpol":"07R1A","divpol":"DIVOPUS LA CONVENCION","departamento":"CUSCO","provincia":"LA CONVENCION","distrito":"OCOBAMBA"},"geometry":{"type":"Point","coordinates":[-72.44755773999998,-12.871938128999943]}},{"type":"Feature","properties":{"cod_regpol":"05R1","regionpol":"CAJAMARCA","cod_cpnp":"1032","comisaria":"CPNP BELLAVISTA","tipo":"D","categoria":"CAJAMARCA","cod_uni":"223352","cod_divpol":"05R1A","divpol":"DIVPOL JAEN","departamento":"CAJAMARCA","provincia":"JAEN","distrito":"BELLAVISTA"},"geometry":{"type":"Point","coordinates":[-78.67991620999999,-5.666172228999926]}},{"type":"Feature","properties":{"cod_regpol":"05R1","regionpol":"CAJAMARCA","cod_cpnp":"1056","comisaria":"CPNP TAMBORAPA","tipo":"D","categoria":"CAJAMARCA","cod_uni":"223359","cod_divpol":"05R1A","divpol":"DIVPOL JAEN","departamento":"CAJAMARCA","provincia":"JAEN","distrito":"BELLAVISTA"},"geometry":{"type":"Point","coordinates":[-78.83357422999995,-5.450683499999968]}},{"type":"Feature","properties":{"cod_regpol":"08R1","regionpol":"HUANUCO","cod_cpnp":"7011","comisaria":"CPNP CACHICOTO","tipo":"D","categoria":"HUANUCO","cod_uni":"217534","cod_divpol":"08R1A","divpol":"DIVPOL LEONCIO PRADO","departamento":"HUANUCO","provincia":"HUAMALIES","distrito":"MONZON"},"geometry":{"type":"Point","coordinates":[-76.21240833999997,-9.218454819999977]}},{"type":"Feature","properties":{"cod_regpol":"08R1","regionpol":"HUANUCO","cod_cpnp":"7007","comisaria":"CPNP MONZON","tipo":"D","categoria":"HUANUCO","cod_uni":"217533","cod_divpol":"08R1A","divpol":"DIVPOL LEONCIO PRADO","departamento":"HUANUCO","provincia":"HUAMALIES","distrito":"MONZON"},"geometry":{"type":"Point","coordinates":[-76.40052499999996,-9.278789999999958]}},{"type":"Feature","properties":{"cod_regpol":"08R1","regionpol":"HUANUCO","cod_cpnp":"7006","comisaria":"CPNP PALO DE ACERO","tipo":"D","categoria":"HUANUCO","cod_uni":"217535","cod_divpol":"08R1A","divpol":"DIVPOL LEONCIO PRADO","departamento":"HUANUCO","provincia":"HUAMALIES","distrito":"MONZON"},"geometry":{"type":"Point","coordinates":[-76.08925335999999,-9.235895849999963]}},{"type":"Feature","properties":{"cod_regpol":"22R1","regionpol":"UCAYALI","cod_cpnp":"1725","comisaria":"CPNP PAMPA HERMOSA","tipo":"E","categoria":"LORETO","cod_uni":"222341","cod_divpol":"22R1A","divpol":"DIVOPUS UCAYALI","departamento":"LORETO","provincia":"UCAYALI","distrito":"PAMPA HERMOSA"},"geometry":{"type":"Point","coordinates":[-75.29405031099998,-7.195640680999929]}},{"type":"Feature","properties":{"cod_regpol":"02R1","regionpol":"APURIMAC","cod_cpnp":"5476","comisaria":"CPNP SANTA MARIA DE CHICMO","tipo":"E","categoria":"APURIMAC","cod_uni":"223471","cod_divpol":"02R1A","divpol":"DIVOPUS ANDAHUAYLAS","departamento":"APURIMAC","provincia":"ANDAHUAYLAS","distrito":"SANTA MARIA DE CHICMO"},"geometry":{"type":"Point","coordinates":[-73.49472980999997,-13.657843819999982]}},{"type":"Feature","properties":{"cod_regpol":"02R1","regionpol":"APURIMAC","cod_cpnp":"5502","comisaria":"CPNP COCHARCAS","tipo":"D","categoria":"APURIMAC","cod_uni":"223492","cod_divpol":"02R1A","divpol":"DIVOPUS ANDAHUAYLAS","departamento":"APURIMAC","provincia":"CHINCHEROS","distrito":"COCHARCAS"},"geometry":{"type":"Point","coordinates":[-73.74092908999995,-13.611764028999971]}},{"type":"Feature","properties":{"cod_regpol":"05R1","regionpol":"CAJAMARCA","cod_cpnp":"5122","comisaria":"CPNP PACCHA","tipo":"E","categoria":"CAJAMARCA","cod_uni":"223286","cod_divpol":"05R1B","divpol":"DIVOPUS CAJAMARCA","departamento":"CAJAMARCA","provincia":"CHOTA","distrito":"PACCHA"},"geometry":{"type":"Point","coordinates":[-78.42400848999995,-6.49705978999998]}},{"type":"Feature","properties":{"cod_regpol":"05R1","regionpol":"CAJAMARCA","cod_cpnp":"5150","comisaria":"CPNP LA RAMADA","tipo":"E","categoria":"CAJAMARCA","cod_uni":"223303","cod_divpol":"05R1B","divpol":"DIVOPUS CAJAMARCA","departamento":"CAJAMARCA","provincia":"CUTERVO","distrito":"SAN LUIS DE LUCMA"},"geometry":{"type":"Point","coordinates":[-78.57554222599998,-6.2529816939999705]}},{"type":"Feature","properties":{"cod_regpol":"07R1","regionpol":"CUSCO","cod_cpnp":"3608","comisaria":"CPNP TINTA","tipo":"E","categoria":"CUSCO","cod_uni":"218279","cod_divpol":"07R1C","divpol":"DIVOPUS SICUANI","departamento":"CUSCO","provincia":"CANCHIS","distrito":"TINTA"},"geometry":{"type":"Point","coordinates":[-71.40253200999996,-14.142984819999981]}},{"type":"Feature","properties":{"cod_regpol":"15R1","regionpol":"MADRE DE DIOS","cod_cpnp":"3675","comisaria":"CPNP IBERIA","tipo":"C","categoria":"MADRE DE DIOS","cod_uni":"222610","cod_divpol":"15R1A","divpol":"DIVOPUS MADRE DE DIOS","departamento":"MADRE DE DIOS","provincia":"TAHUAMANU","distrito":"IBERIA"},"geometry":{"type":"Point","coordinates":[-69.48979730899998,-11.405340369999976]}},{"type":"Feature","properties":{"cod_regpol":"19R2","regionpol":"SAN MARTIN","cod_cpnp":"7012","comisaria":"CPNP PUERTO PIZANA","tipo":"D","categoria":"SAN MARTIN","cod_uni":"221924","cod_divpol":"19R2B","divpol":"DIVOPUS TARAPOTO","departamento":"SAN MARTIN","provincia":"TOCACHE","distrito":"POLVORA"},"geometry":{"type":"Point","coordinates":[-76.65032599999995,-8.009046999999953]}},{"type":"Feature","properties":{"cod_regpol":"19R2","regionpol":"SAN MARTIN","cod_cpnp":"7003","comisaria":"CPNP NUEVO SAN MARTIN","tipo":"D","categoria":"SAN MARTIN","cod_uni":"221925","cod_divpol":"19R2B","divpol":"DIVOPUS TARAPOTO","departamento":"SAN MARTIN","provincia":"TOCACHE","distrito":"POLVORA"},"geometry":{"type":"Point","coordinates":[-76.67070999899994,-7.781479999999931]}},{"type":"Feature","properties":{"cod_regpol":"08R2","regionpol":"PASCO","cod_cpnp":"5604","comisaria":"CPNP CHAUPIMARCA - LA ESPERANZA","tipo":"C","categoria":"PASCO","cod_uni":"221763","cod_divpol":"08R2A","divpol":"DIVOPUS PASCO","departamento":"PASCO","provincia":"PASCO","distrito":"SIMON BOLIVAR"},"geometry":{"type":"Point","coordinates":[-76.29159259999994,-10.70366815999995]}},{"type":"Feature","properties":{"cod_regpol":"15R1","regionpol":"MADRE DE DIOS","cod_cpnp":"3668","comisaria":"CPNP LABERINTO","tipo":"D","categoria":"MADRE DE DIOS","cod_uni":"222598","cod_divpol":"15R1A","divpol":"DIVOPUS MADRE DE DIOS","departamento":"MADRE DE DIOS","provincia":"TAMBOPATA","distrito":"LABERINTO"},"geometry":{"type":"Point","coordinates":[-69.58846223999996,-12.719216509999967]}},{"type":"Feature","properties":{"cod_regpol":"08R2","regionpol":"PASCO","cod_cpnp":"5624","comisaria":"CPNP HUAYLLAY","tipo":"C","categoria":"PASCO","cod_uni":"221774","cod_divpol":"08R2A","divpol":"DIVOPUS PASCO","departamento":"PASCO","provincia":"PASCO","distrito":"HUAYLLAY"},"geometry":{"type":"Point","coordinates":[-76.36156630999994,-11.000118749999956]}},{"type":"Feature","properties":{"cod_regpol":"08R1","regionpol":"HUANUCO","cod_cpnp":"7925","comisaria":"CPNP SEPAHUA","tipo":"E","categoria":"UCAYALI","cod_uni":"220641","cod_divpol":"17R1A","divpol":"DIVOPUS PUERTO INCA","departamento":"UCAYALI","provincia":"ATALAYA","distrito":"SEPAHUA"},"geometry":{"type":"Point","coordinates":[-73.04482788899998,-11.144789216999982]}},{"type":"Feature","properties":{"cod_regpol":"03R1","regionpol":"AREQUIPA","cod_cpnp":"4074","comisaria":"CPNP JOSE LUIS BUSTAMANTE Y RIVERO","tipo":"A","categoria":"AREQUIPA","cod_uni":"218842","cod_divpol":"03R1A","divpol":"DIVOPUS AREQUIPA","departamento":"AREQUIPA","provincia":"AREQUIPA","distrito":"JOSE LUIS BUSTAMANTE Y RIVERO"},"geometry":{"type":"Point","coordinates":[-71.52954197999998,-16.42428961899998]}},{"type":"Feature","properties":{"cod_regpol":"03R1","regionpol":"AREQUIPA","cod_cpnp":"4096","comisaria":"CPNP SIMON BOLIVAR","tipo":"B","categoria":"AREQUIPA","cod_uni":"218845","cod_divpol":"03R1A","divpol":"DIVOPUS AREQUIPA","departamento":"AREQUIPA","provincia":"AREQUIPA","distrito":"JOSE LUIS BUSTAMANTE Y RIVERO"},"geometry":{"type":"Point","coordinates":[-71.51377568999999,-16.443428229999938]}},{"type":"Feature","properties":{"cod_regpol":"20R2","regionpol":"TACNA","cod_cpnp":"4290","comisaria":"CPNP CIUDAD NUEVA","tipo":"B","categoria":"TACNA","cod_uni":"222425","cod_divpol":"20R2A","divpol":"DIVOPUS TACNA","departamento":"TACNA","provincia":"TACNA","distrito":"CIUDAD NUEVA"},"geometry":{"type":"Point","coordinates":[-70.23542408999998,-17.98429312999997]}},{"type":"Feature","properties":{"cod_regpol":"03R1","regionpol":"AREQUIPA","cod_cpnp":"4032","comisaria":"CPNP SACHACA","tipo":"C","categoria":"AREQUIPA","cod_uni":"218791","cod_divpol":"03R1A","divpol":"DIVOPUS AREQUIPA","departamento":"AREQUIPA","provincia":"AREQUIPA","distrito":"SACHACA"},"geometry":{"type":"Point","coordinates":[-71.56491641599996,-16.423279366999964]}},{"type":"Feature","properties":{"cod_regpol":"03R1","regionpol":"AREQUIPA","cod_cpnp":"4030","comisaria":"CPNP PAMPA DE CAMARONES","tipo":"C","categoria":"AREQUIPA","cod_uni":"218794","cod_divpol":"03R1A","divpol":"DIVOPUS AREQUIPA","departamento":"AREQUIPA","provincia":"AREQUIPA","distrito":"SACHACA"},"geometry":{"type":"Point","coordinates":[-71.57187491699995,-16.411368438999943]}},{"type":"Feature","properties":{"cod_regpol":"03R1","regionpol":"AREQUIPA","cod_cpnp":"4110","comisaria":"CPNP MOLLEBAYA","tipo":"D","categoria":"AREQUIPA","cod_uni":"218863","cod_divpol":"03R1A","divpol":"DIVOPUS AREQUIPA","departamento":"AREQUIPA","provincia":"AREQUIPA","distrito":"MOLLEBAYA"},"geometry":{"type":"Point","coordinates":[-71.46552403999993,-16.486823020999964]}},{"type":"Feature","properties":{"cod_regpol":"20R2","regionpol":"TACNA","cod_cpnp":"4292","comisaria":"CPNP ALTO DE LA ALIANZA","tipo":"B","categoria":"TACNA","cod_uni":"222429","cod_divpol":"20R2A","divpol":"DIVOPUS TACNA","departamento":"TACNA","provincia":"TACNA","distrito":"ALTO DE LA ALIANZA"},"geometry":{"type":"Point","coordinates":[-70.24132401999998,-17.987987059999966]}},{"type":"Feature","properties":{"cod_regpol":"03R1","regionpol":"AREQUIPA","cod_cpnp":"4028","comisaria":"CPNP TIABAYA","tipo":"C","categoria":"AREQUIPA","cod_uni":"218788","cod_divpol":"03R1A","divpol":"DIVOPUS AREQUIPA","departamento":"AREQUIPA","provincia":"AREQUIPA","distrito":"TIABAYA"},"geometry":{"type":"Point","coordinates":[-71.58867449999997,-16.449704189999977]}},{"type":"Feature","properties":{"cod_regpol":"20R1","regionpol":"MOQUEGUA","cod_cpnp":"4282","comisaria":"CPNP EL ALGARROBAL","tipo":"C","categoria":"MOQUEGUA","cod_uni":"222535","cod_divpol":"20R1A","divpol":"DIVOPUS MOQUEGUA","departamento":"MOQUEGUA","provincia":"ILO","distrito":"EL ALGARROBAL"},"geometry":{"type":"Point","coordinates":[-71.26838281999994,-17.62268925999996]}},{"type":"Feature","properties":{"cod_regpol":"20R1","regionpol":"MOQUEGUA","cod_cpnp":"4242","comisaria":"CPNP SAMEGUA","tipo":"B","categoria":"MOQUEGUA","cod_uni":"222501","cod_divpol":"20R1A","divpol":"DIVOPUS MOQUEGUA","departamento":"MOQUEGUA","provincia":"MARISCAL NIETO","distrito":"SAMEGUA"},"geometry":{"type":"Point","coordinates":[-70.89957873999998,-17.18238040999995]}},{"type":"Feature","properties":{"cod_regpol":"03R1","regionpol":"AREQUIPA","cod_cpnp":"4088","comisaria":"CPNP MARIANO MELGAR","tipo":"B","categoria":"AREQUIPA","cod_uni":"218818","cod_divpol":"03R1A","divpol":"DIVOPUS AREQUIPA","departamento":"AREQUIPA","provincia":"AREQUIPA","distrito":"MARIANO MELGAR"},"geometry":{"type":"Point","coordinates":[-71.50666410999997,-16.399492219999956]}},{"type":"Feature","properties":{"cod_regpol":"03R1","regionpol":"AREQUIPA","cod_cpnp":"4089","comisaria":"CPNP JERUSALEN","tipo":"C","categoria":"AREQUIPA","cod_uni":"218821","cod_divpol":"03R1A","divpol":"DIVOPUS AREQUIPA","departamento":"AREQUIPA","provincia":"AREQUIPA","distrito":"MARIANO MELGAR"},"geometry":{"type":"Point","coordinates":[-71.49091876999995,-16.400984149999942]}},{"type":"Feature","properties":{"cod_regpol":"20R1","regionpol":"MOQUEGUA","cod_cpnp":"4277","comisaria":"CPNP CIUDAD NUEVA","tipo":"B","categoria":"MOQUEGUA","cod_uni":"222532","cod_divpol":"20R1A","divpol":"DIVOPUS MOQUEGUA","departamento":"MOQUEGUA","provincia":"ILO","distrito":"PACOCHA"},"geometry":{"type":"Point","coordinates":[-71.34120368999999,-17.61526029999993]}},{"type":"Feature","properties":{"cod_regpol":"03R1","regionpol":"AREQUIPA","cod_cpnp":"4108","comisaria":"CPNP CHARACATO","tipo":"D","categoria":"AREQUIPA","cod_uni":"218857","cod_divpol":"03R1A","divpol":"DIVOPUS AREQUIPA","departamento":"AREQUIPA","provincia":"AREQUIPA","distrito":"CHARACATO"},"geometry":{"type":"Point","coordinates":[-71.48479370199993,-16.46842488799996]}},{"type":"Feature","properties":{"cod_regpol":"03R1","regionpol":"AREQUIPA","cod_cpnp":"4118","comisaria":"CPNP CHIGUATA","tipo":"D","categoria":"AREQUIPA","cod_uni":"218898","cod_divpol":"03R1A","divpol":"DIVOPUS AREQUIPA","departamento":"AREQUIPA","provincia":"AREQUIPA","distrito":"CHIGUATA"},"geometry":{"type":"Point","coordinates":[-71.39225165999994,-16.40210505999994]}},{"type":"Feature","properties":{"cod_regpol":"03R1","regionpol":"AREQUIPA","cod_cpnp":"4084","comisaria":"CPNP JUAN DE DIOS COLCA APAZA","tipo":"B","categoria":"AREQUIPA","cod_uni":"218827","cod_divpol":"03R1A","divpol":"DIVOPUS AREQUIPA","departamento":"AREQUIPA","provincia":"AREQUIPA","distrito":"PAUCARPATA"},"geometry":{"type":"Point","coordinates":[-71.49676228999994,-16.411458249999953]}},{"type":"Feature","properties":{"cod_regpol":"03R1","regionpol":"AREQUIPA","cod_cpnp":"4116","comisaria":"CPNP ISRAEL","tipo":"C","categoria":"AREQUIPA","cod_uni":"218833","cod_divpol":"03R1A","divpol":"DIVOPUS AREQUIPA","departamento":"AREQUIPA","provincia":"AREQUIPA","distrito":"PAUCARPATA"},"geometry":{"type":"Point","coordinates":[-71.48503072999995,-16.41889630999998]}},{"type":"Feature","properties":{"cod_regpol":"03R1","regionpol":"AREQUIPA","cod_cpnp":"4086","comisaria":"CPNP MIGUEL GRAU","tipo":"B","categoria":"AREQUIPA","cod_uni":"218830","cod_divpol":"03R1A","divpol":"DIVOPUS AREQUIPA","departamento":"AREQUIPA","provincia":"AREQUIPA","distrito":"PAUCARPATA"},"geometry":{"type":"Point","coordinates":[-71.48387357099995,-16.40852032999993]}},{"type":"Feature","properties":{"cod_regpol":"03R1","regionpol":"AREQUIPA","cod_cpnp":"4126","comisaria":"CPNP JESUS MARIA","tipo":"C","categoria":"AREQUIPA","cod_uni":"218836","cod_divpol":"03R1A","divpol":"DIVOPUS AREQUIPA","departamento":"AREQUIPA","provincia":"AREQUIPA","distrito":"PAUCARPATA"},"geometry":{"type":"Point","coordinates":[-71.50920311999994,-16.420791019999967]}},{"type":"Feature","properties":{"cod_regpol":"03R1","regionpol":"AREQUIPA","cod_cpnp":"4128","comisaria":"CPNP CAMPO MARTE","tipo":"C","categoria":"AREQUIPA","cod_uni":"218839","cod_divpol":"03R1A","divpol":"DIVOPUS AREQUIPA","departamento":"AREQUIPA","provincia":"AREQUIPA","distrito":"PAUCARPATA"},"geometry":{"type":"Point","coordinates":[-71.49668070099995,-16.427116419999948]}},{"type":"Feature","properties":{"cod_regpol":"03R1","regionpol":"AREQUIPA","cod_cpnp":"4056","comisaria":"CPNP CIUDAD MUNICIPAL","tipo":"C","categoria":"AREQUIPA","cod_uni":"218767","cod_divpol":"03R1A","divpol":"DIVOPUS AREQUIPA","departamento":"AREQUIPA","provincia":"AREQUIPA","distrito":"CERRO COLORADO"},"geometry":{"type":"Point","coordinates":[-71.59292567999995,-16.327748489999976]}},{"type":"Feature","properties":{"cod_regpol":"03R1","regionpol":"AREQUIPA","cod_cpnp":"4006","comisaria":"CPNP MARISCAL CASTILLA","tipo":"B","categoria":"AREQUIPA","cod_uni":"218761","cod_divpol":"03R1A","divpol":"DIVOPUS AREQUIPA","departamento":"AREQUIPA","provincia":"AREQUIPA","distrito":"CERRO COLORADO"},"geometry":{"type":"Point","coordinates":[-71.56777058999995,-16.39274654999997]}},{"type":"Feature","properties":{"cod_regpol":"03R1","regionpol":"AREQUIPA","cod_cpnp":"4002","comisaria":"CPNP CERRO COLORADO","tipo":"A","categoria":"AREQUIPA","cod_uni":"218758","cod_divpol":"03R1A","divpol":"DIVOPUS AREQUIPA","departamento":"AREQUIPA","provincia":"AREQUIPA","distrito":"CERRO COLORADO"},"geometry":{"type":"Point","coordinates":[-71.55950632999998,-16.378254969999944]}},{"type":"Feature","properties":{"cod_regpol":"03R1","regionpol":"AREQUIPA","cod_cpnp":"4022","comisaria":"CPNP ZAMACOLA","tipo":"B","categoria":"AREQUIPA","cod_uni":"218764","cod_divpol":"03R1A","divpol":"DIVOPUS AREQUIPA","departamento":"AREQUIPA","provincia":"AREQUIPA","distrito":"CERRO COLORADO"},"geometry":{"type":"Point","coordinates":[-71.56343689999994,-16.35177357999993]}},{"type":"Feature","properties":{"cod_regpol":"03R1","regionpol":"AREQUIPA","cod_cpnp":"4008","comisaria":"CPNP CAYMA","tipo":"B","categoria":"AREQUIPA","cod_uni":"218770","cod_divpol":"03R1A","divpol":"DIVOPUS AREQUIPA","departamento":"AREQUIPA","provincia":"AREQUIPA","distrito":"CAYMA"},"geometry":{"type":"Point","coordinates":[-71.54507927899994,-16.38128696299998]}},{"type":"Feature","properties":{"cod_regpol":"03R1","regionpol":"AREQUIPA","cod_cpnp":"4010","comisaria":"CPNP ACEQUIA ALTA","tipo":"C","categoria":"AREQUIPA","cod_uni":"218773","cod_divpol":"03R1A","divpol":"DIVOPUS AREQUIPA","departamento":"AREQUIPA","provincia":"AREQUIPA","distrito":"CAYMA"},"geometry":{"type":"Point","coordinates":[-71.54126112999995,-16.35616675999995]}},{"type":"Feature","properties":{"cod_regpol":"03R1","regionpol":"AREQUIPA","cod_cpnp":"4014","comisaria":"CPNP CASIMIRO CUADROS","tipo":"D","categoria":"AREQUIPA","cod_uni":"218779","cod_divpol":"03R1A","divpol":"DIVOPUS AREQUIPA","departamento":"AREQUIPA","provincia":"AREQUIPA","distrito":"CAYMA"},"geometry":{"type":"Point","coordinates":[-71.55248055099997,-16.349272519999943]}},{"type":"Feature","properties":{"cod_regpol":"03R1","regionpol":"AREQUIPA","cod_cpnp":"4012","comisaria":"CPNP DEAN VALDIVIA","tipo":"C","categoria":"AREQUIPA","cod_uni":"218776","cod_divpol":"03R1A","divpol":"DIVOPUS AREQUIPA","departamento":"AREQUIPA","provincia":"AREQUIPA","distrito":"CAYMA"},"geometry":{"type":"Point","coordinates":[-71.54368564099997,-16.331729329999973]}},{"type":"Feature","properties":{"cod_regpol":"08R2","regionpol":"PASCO","cod_cpnp":"5600","comisaria":"CPNP CHAUPIMARCA","tipo":"B","categoria":"PASCO","cod_uni":"221760","cod_divpol":"08R2A","divpol":"DIVOPUS PASCO","departamento":"PASCO","provincia":"PASCO","distrito":"CHAUPIMARCA"},"geometry":{"type":"Point","coordinates":[-76.25407161999993,-10.684995089999973]}},{"type":"Feature","properties":{"cod_regpol":"03R1","regionpol":"AREQUIPA","cod_cpnp":"4046","comisaria":"CPNP CAYLLOMA","tipo":"C","categoria":"AREQUIPA","cod_uni":"218961","cod_divpol":"03R1A","divpol":"DIVOPUS AREQUIPA","departamento":"AREQUIPA","provincia":"CAYLLOMA","distrito":"CAYLLOMA"},"geometry":{"type":"Point","coordinates":[-71.77333509899995,-15.188235219999967]}},{"type":"Feature","properties":{"cod_regpol":"08R1","regionpol":"HUANUCO","cod_cpnp":"8066","comisaria":"CPNP YUYAPICHIS","tipo":"C","categoria":"HUANUCO","cod_uni":"222631","cod_divpol":"17R1A","divpol":"DIVOPUS PUERTO INCA","departamento":"HUANUCO","provincia":"PUERTO INCA","distrito":"YUYAPICHIS"},"geometry":{"type":"Point","coordinates":[-74.97533999999996,-9.627816999999936]}},{"type":"Feature","properties":{"cod_regpol":"08R1","regionpol":"HUANUCO","cod_cpnp":"3152","comisaria":"CPNP CIUDAD CONSTITUCION","tipo":"B","categoria":"PASCO","cod_uni":"220628","cod_divpol":"17R1A","divpol":"DIVOPUS PUERTO INCA","departamento":"PASCO","provincia":"OXAPAMPA","distrito":"CONSTITUCION"},"geometry":{"type":"Point","coordinates":[-75.01632982899997,-9.85440122999995]}},{"type":"Feature","properties":{"cod_regpol":"08R2","regionpol":"PASCO","cod_cpnp":"5612","comisaria":"CPNP CHICRIN","tipo":"C","categoria":"PASCO","cod_uni":"221781","cod_divpol":"08R2A","divpol":"DIVOPUS PASCO","departamento":"PASCO","provincia":"PASCO","distrito":"YANACANCHA"},"geometry":{"type":"Point","coordinates":[-76.18762393999998,-10.579339630999925]}},{"type":"Feature","properties":{"cod_regpol":"08R2","regionpol":"PASCO","cod_cpnp":"5602","comisaria":"CPNP YANACANCHA","tipo":"B","categoria":"PASCO","cod_uni":"221757","cod_divpol":"08R2A","divpol":"DIVOPUS PASCO","departamento":"PASCO","provincia":"PASCO","distrito":"YANACANCHA"},"geometry":{"type":"Point","coordinates":[-76.25292857999995,-10.665930769999932]}},{"type":"Feature","properties":{"cod_regpol":"08R2","regionpol":"PASCO","cod_cpnp":"5610","comisaria":"CPNP LA QUINUA","tipo":"C","categoria":"PASCO","cod_uni":"221778","cod_divpol":"08R2A","divpol":"DIVOPUS PASCO","departamento":"PASCO","provincia":"PASCO","distrito":"YANACANCHA"},"geometry":{"type":"Point","coordinates":[-76.17958530099997,-10.614923049999959]}},{"type":"Feature","properties":{"cod_regpol":"19R2","regionpol":"SAN MARTIN","cod_cpnp":"1314","comisaria":"CPNP BANDA DE SHILCAYO","tipo":"B","categoria":"SAN MARTIN","cod_uni":"221892","cod_divpol":"19R2B","divpol":"DIVOPUS TARAPOTO","departamento":"SAN MARTIN","provincia":"SAN MARTIN","distrito":"LA BANDA DE SHILCAYO"},"geometry":{"type":"Point","coordinates":[-76.35405158999998,-6.490718469999933]}},{"type":"Feature","properties":{"cod_regpol":"02R1","regionpol":"APURIMAC","cod_cpnp":"5472","comisaria":"CPNP SAN JERONIMO","tipo":"C","categoria":"APURIMAC","cod_uni":"223477","cod_divpol":"02R1A","divpol":"DIVOPUS ANDAHUAYLAS","departamento":"APURIMAC","provincia":"ANDAHUAYLAS","distrito":"SAN JERONIMO"},"geometry":{"type":"Point","coordinates":[-73.36533110999994,-13.651714139999967]}},{"type":"Feature","properties":{"cod_regpol":"13R1","regionpol":"LIMA CENTRO","cod_cpnp":"1850","comisaria":"CPNP ANCON","tipo":"B","categoria":"LIMAMETRO","cod_uni":"219693","cod_divpol":"13R1D","divpol":"DIVPOL NORTE 1","departamento":"LIMA","provincia":"LIMA","distrito":"ANCON"},"geometry":{"type":"Point","coordinates":[-77.16925739999994,-11.776039589999982]}},{"type":"Feature","properties":{"cod_regpol":"14R1","regionpol":"LORETO","cod_cpnp":"1575","comisaria":"CPNP TORRES CAUSANA PANTOJA","tipo":"D","categoria":"LORETO","cod_uni":"217393","cod_divpol":"14R1A","divpol":"DIVOPUS LORETO","departamento":"LORETO","provincia":"MAYNAS","distrito":"TORRES CAUSANA"},"geometry":{"type":"Point","coordinates":[-75.17503742899999,-0.9705522399999609]}},{"type":"Feature","properties":{"cod_regpol":"23R1","regionpol":"FRENTE POLICIAL VRAEM","cod_cpnp":"7547","comisaria":"CPNP KIMBIRI","tipo":"D","categoria":"CUSCO","cod_uni":"226415","cod_divpol":"23R1A","divpol":"DIVOPUS VRAEM","departamento":"CUSCO","provincia":"LA CONVENCION","distrito":"KIMBIRI"},"geometry":{"type":"Point","coordinates":[-73.79148393799994,-12.617627423999977]}},{"type":"Feature","properties":{"cod_regpol":"16R1","regionpol":"PIURA","cod_cpnp":"0638","comisaria":"CPNP LA ARENA","tipo":"C","categoria":"PIURA","cod_uni":"216073","cod_divpol":"16R1B","divpol":"DIVOPUS PIURA","departamento":"PIURA","provincia":"PIURA","distrito":"LA ARENA"},"geometry":{"type":"Point","coordinates":[-80.71298263999995,-5.348000309999975]}},{"type":"Feature","properties":{"cod_regpol":"12R1","regionpol":"LAMBAYEQUE","cod_cpnp":"0804","comisaria":"CPNP JOSE LEONARDO ORTIZ","tipo":"A","categoria":"LAMBAYEQUE","cod_uni":"216420","cod_divpol":"12R1A","divpol":"DIVOPUS LAMBAYEQUE","departamento":"LAMBAYEQUE","provincia":"CHICLAYO","distrito":"JOSE LEONARDO ORTIZ"},"geometry":{"type":"Point","coordinates":[-79.84265128999994,-6.752611869999953]}},{"type":"Feature","properties":{"cod_regpol":"12R1","regionpol":"LAMBAYEQUE","cod_cpnp":"0812","comisaria":"CPNP ATUSPARIA","tipo":"B","categoria":"LAMBAYEQUE","cod_uni":"216432","cod_divpol":"12R1A","divpol":"DIVOPUS LAMBAYEQUE","departamento":"LAMBAYEQUE","provincia":"CHICLAYO","distrito":"JOSE LEONARDO ORTIZ"},"geometry":{"type":"Point","coordinates":[-79.82570634899997,-6.75910467999995]}},{"type":"Feature","properties":{"cod_regpol":"03R1","regionpol":"AREQUIPA","cod_cpnp":"4070","comisaria":"CPNP SANTA MARTA","tipo":"A","categoria":"AREQUIPA","cod_uni":"218800","cod_divpol":"03R1A","divpol":"DIVOPUS AREQUIPA","departamento":"AREQUIPA","provincia":"AREQUIPA","distrito":"AREQUIPA"},"geometry":{"type":"Point","coordinates":[-71.53259016099997,-16.39747652999995]}},{"type":"Feature","properties":{"cod_regpol":"03R1","regionpol":"AREQUIPA","cod_cpnp":"4068","comisaria":"CPNP PALACIO VIEJO","tipo":"A","categoria":"AREQUIPA","cod_uni":"218797","cod_divpol":"03R1A","divpol":"DIVOPUS AREQUIPA","departamento":"AREQUIPA","provincia":"AREQUIPA","distrito":"AREQUIPA"},"geometry":{"type":"Point","coordinates":[-71.53598776999996,-16.40116588999996]}},{"type":"Feature","properties":{"cod_regpol":"13R1","regionpol":"LIMA NORTE","cod_cpnp":"2375","comisaria":"CPNP SUPE PUEBLO","tipo":"B","categoria":"PROVINCIA","cod_uni":"225845","cod_divpol":"13R1A","divpol":"DIVPOL BARRANCA","departamento":"LIMA","provincia":"BARRANCA","distrito":"SUPE"},"geometry":{"type":"Point","coordinates":[-77.71529431299996,-10.796006156999965]}},{"type":"Feature","properties":{"cod_regpol":"16R1","regionpol":"PIURA","cod_cpnp":"0648","comisaria":"CPNP SECHURA","tipo":"B","categoria":"PIURA","cod_uni":"216060","cod_divpol":"16R1B","divpol":"DIVOPUS PIURA","departamento":"PIURA","provincia":"SECHURA","distrito":"SECHURA"},"geometry":{"type":"Point","coordinates":[-80.82308812899998,-5.5544808699999635]}},{"type":"Feature","properties":{"cod_regpol":"16R1","regionpol":"PIURA","cod_cpnp":"0657","comisaria":"CPNP PUERTO RICO","tipo":"D","categoria":"PIURA","cod_uni":"216065","cod_divpol":"16R1B","divpol":"DIVOPUS PIURA","departamento":"PIURA","provincia":"SECHURA","distrito":"SECHURA"},"geometry":{"type":"Point","coordinates":[-81.03540399999997,-5.825702479999961]}},{"type":"Feature","properties":{"cod_regpol":"16R1","regionpol":"PIURA","cod_cpnp":"0630","comisaria":"CPNP PARACHIQUE","tipo":"C","categoria":"PIURA","cod_uni":"216066","cod_divpol":"16R1B","divpol":"DIVOPUS PIURA","departamento":"PIURA","provincia":"SECHURA","distrito":"SECHURA"},"geometry":{"type":"Point","coordinates":[-80.86286028999996,-5.762038109999935]}},{"type":"Feature","properties":{"cod_regpol":"02R1","regionpol":"APURIMAC","cod_cpnp":"5470","comisaria":"CPNP TALAVERA","tipo":"B","categoria":"APURIMAC","cod_uni":"223474","cod_divpol":"02R1A","divpol":"DIVOPUS ANDAHUAYLAS","departamento":"APURIMAC","provincia":"ANDAHUAYLAS","distrito":"TALAVERA"},"geometry":{"type":"Point","coordinates":[-73.43000742099997,-13.65629864999994]}},{"type":"Feature","properties":{"cod_regpol":"12R1","regionpol":"LAMBAYEQUE","cod_cpnp":"0904","comisaria":"CPNP POMALCA","tipo":"C","categoria":"LAMBAYEQUE","cod_uni":"216495","cod_divpol":"12R1A","divpol":"DIVOPUS LAMBAYEQUE","departamento":"LAMBAYEQUE","provincia":"CHICLAYO","distrito":"POMALCA"},"geometry":{"type":"Point","coordinates":[-79.77265476999997,-6.769303829999956]}},{"type":"Feature","properties":{"cod_regpol":"22R1","regionpol":"UCAYALI","cod_cpnp":"1704","comisaria":"CPNP YARINACOCHA","tipo":"A","categoria":"UCAYALI","cod_uni":"222324","cod_divpol":"22R1A","divpol":"DIVOPUS UCAYALI","departamento":"UCAYALI","provincia":"CORONEL PORTILLO","distrito":"YARINACOCHA"},"geometry":{"type":"Point","coordinates":[-74.57641170999995,-8.355116849999945]}},{"type":"Feature","properties":{"cod_regpol":"22R1","regionpol":"UCAYALI","cod_cpnp":"1706","comisaria":"CPNP SAN FERNANDO","tipo":"A","categoria":"UCAYALI","cod_uni":"222327","cod_divpol":"22R1A","divpol":"DIVOPUS UCAYALI","departamento":"UCAYALI","provincia":"CORONEL PORTILLO","distrito":"MANANTAY"},"geometry":{"type":"Point","coordinates":[-74.53673980999997,-8.397807659999955]}},{"type":"Feature","properties":{"cod_regpol":"19R2","regionpol":"SAN MARTIN","cod_cpnp":"8370","comisaria":"CPNP NARANJILLO","tipo":"D","categoria":"SAN MARTIN","cod_uni":"225327","cod_divpol":"19R2A","divpol":"DIVPOL MOYOBAMBA","departamento":"SAN MARTIN","provincia":"RIOJA","distrito":"NUEVA CAJAMARCA"},"geometry":{"type":"Point","coordinates":[-77.39777162999997,-5.8049948249999375]}},{"type":"Feature","properties":{"cod_regpol":"19R2","regionpol":"SAN MARTIN","cod_cpnp":"1359","comisaria":"CPNP NUEVA CAJAMARCA","tipo":"B","categoria":"SAN MARTIN","cod_uni":"221968","cod_divpol":"19R2A","divpol":"DIVPOL MOYOBAMBA","departamento":"SAN MARTIN","provincia":"RIOJA","distrito":"NUEVA CAJAMARCA"},"geometry":{"type":"Point","coordinates":[-77.30622534999998,-5.942943938999974]}},{"type":"Feature","properties":{"cod_regpol":"19R2","regionpol":"SAN MARTIN","cod_cpnp":"1362","comisaria":"CPNP NARANJOS","tipo":"D","categoria":"SAN MARTIN","cod_uni":"221972","cod_divpol":"19R2A","divpol":"DIVPOL MOYOBAMBA","departamento":"SAN MARTIN","provincia":"RIOJA","distrito":"PARDO MIGUEL"},"geometry":{"type":"Point","coordinates":[-77.50381016999995,-5.740343689999975]}},{"type":"Feature","properties":{"cod_regpol":"19R2","regionpol":"SAN MARTIN","cod_cpnp":"1308","comisaria":"CPNP MORALES","tipo":"B","categoria":"SAN MARTIN","cod_uni":"221880","cod_divpol":"19R2B","divpol":"DIVOPUS TARAPOTO","departamento":"SAN MARTIN","provincia":"SAN MARTIN","distrito":"MORALES"},"geometry":{"type":"Point","coordinates":[-76.38290348999999,-6.479378919999931]}},{"type":"Feature","properties":{"cod_regpol":"14R1","regionpol":"LORETO","cod_cpnp":"1543","comisaria":"CPNP PUNCHANA","tipo":"A","categoria":"LORETO","cod_uni":"217367","cod_divpol":"14R1A","divpol":"DIVOPUS LORETO","departamento":"LORETO","provincia":"MAYNAS","distrito":"PUNCHANA"},"geometry":{"type":"Point","coordinates":[-73.24080277999997,-3.7292291799999475]}},{"type":"Feature","properties":{"cod_regpol":"14R1","regionpol":"LORETO","cod_cpnp":"1546","comisaria":"CPNP 9 DE OCTUBRE","tipo":"A","categoria":"LORETO","cod_uni":"217370","cod_divpol":"14R1A","divpol":"DIVOPUS LORETO","departamento":"LORETO","provincia":"MAYNAS","distrito":"BELEN"},"geometry":{"type":"Point","coordinates":[-73.26106078799995,-3.766286506999961]}},{"type":"Feature","properties":{"cod_regpol":"14R1","regionpol":"LORETO","cod_cpnp":"1549","comisaria":"CPNP BELEN","tipo":"B","categoria":"LORETO","cod_uni":"217373","cod_divpol":"14R1A","divpol":"DIVOPUS LORETO","departamento":"LORETO","provincia":"MAYNAS","distrito":"BELEN"},"geometry":{"type":"Point","coordinates":[-73.24919338999996,-3.7609948699999336]}},{"type":"Feature","properties":{"cod_regpol":"14R1","regionpol":"LORETO","cod_cpnp":"1630","comisaria":"CPNP PEBAS","tipo":"C","categoria":"LORETO","cod_uni":"217416","cod_divpol":"14R1A","divpol":"DIVOPUS LORETO","departamento":"LORETO","provincia":"MARISCAL RAMON CASTILLA","distrito":"PEBAS"},"geometry":{"type":"Point","coordinates":[-71.86111841099995,-3.320876579999947]}},{"type":"Feature","properties":{"cod_regpol":"16R1","regionpol":"PIURA","cod_cpnp":"0632","comisaria":"CPNP LA LEGUA","tipo":"D","categoria":"PIURA","cod_uni":"216055","cod_divpol":"16R1B","divpol":"DIVOPUS PIURA","departamento":"PIURA","provincia":"PIURA","distrito":"CATACAOS"},"geometry":{"type":"Point","coordinates":[-80.66377659999995,-5.2424833299999705]}},{"type":"Feature","properties":{"cod_regpol":"16R1","regionpol":"PIURA","cod_cpnp":"0628","comisaria":"CPNP CATACAOS","tipo":"B","categoria":"PIURA","cod_uni":"216070","cod_divpol":"16R1B","divpol":"DIVOPUS PIURA","departamento":"PIURA","provincia":"PIURA","distrito":"CATACAOS"},"geometry":{"type":"Point","coordinates":[-80.67036548999994,-5.264514449999979]}},{"type":"Feature","properties":{"cod_regpol":"16R1","regionpol":"PIURA","cod_cpnp":"0609","comisaria":"CPNP TACALA","tipo":"C","categoria":"PIURA","cod_uni":"216052","cod_divpol":"16R1B","divpol":"DIVOPUS PIURA","departamento":"PIURA","provincia":"PIURA","distrito":"CASTILLA"},"geometry":{"type":"Point","coordinates":[-80.59871082999996,-5.187137279999945]}},{"type":"Feature","properties":{"cod_regpol":"16R1","regionpol":"PIURA","cod_cpnp":"0612","comisaria":"CPNP EL INDIO","tipo":"C","categoria":"PIURA","cod_uni":"216049","cod_divpol":"16R1B","divpol":"DIVOPUS PIURA","departamento":"PIURA","provincia":"PIURA","distrito":"CASTILLA"},"geometry":{"type":"Point","coordinates":[-80.61842703999997,-5.224896219999948]}},{"type":"Feature","properties":{"cod_regpol":"16R1","regionpol":"PIURA","cod_cpnp":"0603","comisaria":"CPNP CASTILLA","tipo":"B","categoria":"PIURA","cod_uni":"216043","cod_divpol":"16R1B","divpol":"DIVOPUS PIURA","departamento":"PIURA","provincia":"PIURA","distrito":"CASTILLA"},"geometry":{"type":"Point","coordinates":[-80.62054044899998,-5.2056319099999655]}},{"type":"Feature","properties":{"cod_regpol":"16R1","regionpol":"PIURA","cod_cpnp":"0754","comisaria":"CPNP FRIAS","tipo":"D","categoria":"PIURA","cod_uni":"216083","cod_divpol":"16R1B","divpol":"DIVOPUS PIURA","departamento":"PIURA","provincia":"AYABACA","distrito":"FRIAS"},"geometry":{"type":"Point","coordinates":[-79.94810820999999,-4.931210799999974]}},{"type":"Feature","properties":{"cod_regpol":"16R1","regionpol":"PIURA","cod_cpnp":"0756","comisaria":"CPNP SAN JORGE","tipo":"D","categoria":"PIURA","cod_uni":"216088","cod_divpol":"16R1B","divpol":"DIVOPUS PIURA","departamento":"PIURA","provincia":"AYABACA","distrito":"FRIAS"},"geometry":{"type":"Point","coordinates":[-79.95886616999996,-4.997276539999973]}},{"type":"Feature","properties":{"cod_regpol":"16R1","regionpol":"PIURA","cod_cpnp":"0740","comisaria":"CPNP PACAIPAMPA","tipo":"C","categoria":"PIURA","cod_uni":"216106","cod_divpol":"16R1B","divpol":"DIVOPUS PIURA","departamento":"PIURA","provincia":"AYABACA","distrito":"PACAIPAMPA"},"geometry":{"type":"Point","coordinates":[-79.66891229999999,-4.995515529999977]}},{"type":"Feature","properties":{"cod_regpol":"16R1","regionpol":"PIURA","cod_cpnp":"0724","comisaria":"CPNP LOS ENCUENTROS DE PILARES","tipo":"D","categoria":"PIURA","cod_uni":"216211","cod_divpol":"16R1A","divpol":"DIVOPUS SULLANA","departamento":"PIURA","provincia":"SULLANA","distrito":"LANCONES"},"geometry":{"type":"Point","coordinates":[-80.50313099899995,-4.3239979999999605]}},{"type":"Feature","properties":{"cod_regpol":"13R1","regionpol":"LIMA NORTE","cod_cpnp":"2365","comisaria":"CPNP PARAMONGA","tipo":"A","categoria":"PROVINCIA","cod_uni":"225839","cod_divpol":"13R1A","divpol":"DIVPOL BARRANCA","departamento":"LIMA","provincia":"BARRANCA","distrito":"PARAMONGA"},"geometry":{"type":"Point","coordinates":[-77.81919694199996,-10.673451990999979]}},{"type":"Feature","properties":{"cod_regpol":"13R1","regionpol":"LIMA NORTE","cod_cpnp":"2510","comisaria":"CPNP CHANCAY","tipo":"A","categoria":"PROVINCIA","cod_uni":"220439","cod_divpol":"13R1C","divpol":"DIVPOL HUARAL","departamento":"LIMA","provincia":"HUARAL","distrito":"CHANCAY"},"geometry":{"type":"Point","coordinates":[-77.26918576599996,-11.562677737999934]}},{"type":"Feature","properties":{"cod_regpol":"23R1","regionpol":"FRENTE POLICIAL VRAEM","cod_cpnp":"7500","comisaria":"CPNP HUANTA","tipo":"A","categoria":"AYACUCHO","cod_uni":"222664","cod_divpol":"23R1B","divpol":"DIVPOL HUANTA","departamento":"AYACUCHO","provincia":"HUANTA","distrito":"HUANTA"},"geometry":{"type":"Point","coordinates":[-74.24716511499997,-12.941503539999928]}},{"type":"Feature","properties":{"cod_regpol":"19R2","regionpol":"SAN MARTIN","cod_cpnp":"1356","comisaria":"CPNP RIOJA","tipo":"B","categoria":"SAN MARTIN","cod_uni":"221956","cod_divpol":"19R2A","divpol":"DIVPOL MOYOBAMBA","departamento":"SAN MARTIN","provincia":"RIOJA","distrito":"RIOJA"},"geometry":{"type":"Point","coordinates":[-77.16790762099998,-6.063762519999955]}},{"type":"Feature","properties":{"cod_regpol":"13R1","regionpol":"LIMA NORTE","cod_cpnp":"2500","comisaria":"CPNP HUARAL","tipo":"A","categoria":"PROVINCIA","cod_uni":"220433","cod_divpol":"13R1C","divpol":"DIVPOL HUARAL","departamento":"LIMA","provincia":"HUARAL","distrito":"HUARAL"},"geometry":{"type":"Point","coordinates":[-77.20676196499994,-11.494720204999965]}},{"type":"Feature","properties":{"cod_regpol":"12R1","regionpol":"LAMBAYEQUE","cod_cpnp":"0975","comisaria":"CPNP FERREÑAFE","tipo":"A","categoria":"LAMBAYEQUE","cod_uni":"216519","cod_divpol":"12R1A","divpol":"DIVOPUS LAMBAYEQUE","departamento":"LAMBAYEQUE","provincia":"FERREÑAFE","distrito":"FERREÑAFE"},"geometry":{"type":"Point","coordinates":[-79.79114789999994,-6.6352072289999455]}},{"type":"Feature","properties":{"cod_regpol":"20R2","regionpol":"TACNA","cod_cpnp":"4287","comisaria":"CPNP GONZALES VIGIL","tipo":"B","categoria":"TACNA","cod_uni":"222422","cod_divpol":"20R2A","divpol":"DIVOPUS TACNA","departamento":"TACNA","provincia":"TACNA","distrito":"TACNA"},"geometry":{"type":"Point","coordinates":[-70.24563505099997,-17.99746756099995]}},{"type":"Feature","properties":{"cod_regpol":"20R2","regionpol":"TACNA","cod_cpnp":"4285","comisaria":"CPNP CENTRAL","tipo":"A","categoria":"TACNA","cod_uni":"222419","cod_divpol":"20R2A","divpol":"DIVOPUS TACNA","departamento":"TACNA","provincia":"TACNA","distrito":"TACNA"},"geometry":{"type":"Point","coordinates":[-70.25174869999995,-18.01462945999998]}},{"type":"Feature","properties":{"cod_regpol":"20R2","regionpol":"TACNA","cod_cpnp":"4330","comisaria":"CPNP LA NATIVIDAD","tipo":"B","categoria":"TACNA","cod_uni":"222446","cod_divpol":"20R2A","divpol":"DIVOPUS TACNA","departamento":"TACNA","provincia":"TACNA","distrito":"TACNA"},"geometry":{"type":"Point","coordinates":[-70.23319909999998,-18.01164491999998]}},{"type":"Feature","properties":{"cod_regpol":"20R2","regionpol":"TACNA","cod_cpnp":"4325","comisaria":"CPNP AUGUSTO B LEGUIA","tipo":"C","categoria":"TACNA","cod_uni":"222443","cod_divpol":"20R2A","divpol":"DIVOPUS TACNA","departamento":"TACNA","provincia":"TACNA","distrito":"TACNA"},"geometry":{"type":"Point","coordinates":[-70.27666119699995,-18.034444468999936]}},{"type":"Feature","properties":{"cod_regpol":"20R1","regionpol":"MOQUEGUA","cod_cpnp":"4280","comisaria":"CPNP PAMPA INALAMBRICA","tipo":"B","categoria":"MOQUEGUA","cod_uni":"222538","cod_divpol":"20R1A","divpol":"DIVOPUS MOQUEGUA","departamento":"MOQUEGUA","provincia":"ILO","distrito":"ILO"},"geometry":{"type":"Point","coordinates":[-71.32480802999999,-17.65243203999995]}},{"type":"Feature","properties":{"cod_regpol":"20R1","regionpol":"MOQUEGUA","cod_cpnp":"4275","comisaria":"CPNP ILO","tipo":"A","categoria":"MOQUEGUA","cod_uni":"222529","cod_divpol":"20R1A","divpol":"DIVOPUS MOQUEGUA","departamento":"MOQUEGUA","provincia":"ILO","distrito":"ILO"},"geometry":{"type":"Point","coordinates":[-71.34376431999993,-17.644669808999936]}},{"type":"Feature","properties":{"cod_regpol":"12R1","regionpol":"LAMBAYEQUE","cod_cpnp":"0802","comisaria":"CPNP CESAR LLATAS CASTRO","tipo":"A","categoria":"LAMBAYEQUE","cod_uni":"216417","cod_divpol":"12R1A","divpol":"DIVOPUS LAMBAYEQUE","departamento":"LAMBAYEQUE","provincia":"CHICLAYO","distrito":"CHICLAYO"},"geometry":{"type":"Point","coordinates":[-79.83556499999997,-6.771076998999945]}},{"type":"Feature","properties":{"cod_regpol":"12R1","regionpol":"LAMBAYEQUE","cod_cpnp":"0808","comisaria":"CPNP DEL NORTE","tipo":"B","categoria":"LAMBAYEQUE","cod_uni":"216426","cod_divpol":"12R1A","divpol":"DIVOPUS LAMBAYEQUE","departamento":"LAMBAYEQUE","provincia":"CHICLAYO","distrito":"CHICLAYO"},"geometry":{"type":"Point","coordinates":[-79.85570226999994,-6.769447369999966]}},{"type":"Feature","properties":{"cod_regpol":"12R1","regionpol":"LAMBAYEQUE","cod_cpnp":"0810","comisaria":"CPNP CAMPODONICO","tipo":"B","categoria":"LAMBAYEQUE","cod_uni":"216429","cod_divpol":"12R1A","divpol":"DIVOPUS LAMBAYEQUE","departamento":"LAMBAYEQUE","provincia":"CHICLAYO","distrito":"CHICLAYO"},"geometry":{"type":"Point","coordinates":[-79.83000308999993,-6.768305949999956]}},{"type":"Feature","properties":{"cod_regpol":"12R1","regionpol":"LAMBAYEQUE","cod_cpnp":"0814","comisaria":"CPNP EL PORVENIR","tipo":"C","categoria":"LAMBAYEQUE","cod_uni":"216435","cod_divpol":"12R1A","divpol":"DIVOPUS LAMBAYEQUE","departamento":"LAMBAYEQUE","provincia":"CHICLAYO","distrito":"CHICLAYO"},"geometry":{"type":"Point","coordinates":[-79.84471268999994,-6.766077329999973]}},{"type":"Feature","properties":{"cod_regpol":"05R1","regionpol":"CAJAMARCA","cod_cpnp":"5145","comisaria":"CPNP CUTERVO","tipo":"A","categoria":"CAJAMARCA","cod_uni":"223299","cod_divpol":"05R1B","divpol":"DIVOPUS CAJAMARCA","departamento":"CAJAMARCA","provincia":"CUTERVO","distrito":"CUTERVO"},"geometry":{"type":"Point","coordinates":[-78.81666827999999,-6.382957809999937]}},{"type":"Feature","properties":{"cod_regpol":"05R1","regionpol":"CAJAMARCA","cod_cpnp":"5164","comisaria":"CPNP LIBERTAD NARANJITO DE CAMSE","tipo":"E","categoria":"CAJAMARCA","cod_uni":"223311","cod_divpol":"05R1B","divpol":"DIVOPUS CAJAMARCA","departamento":"CAJAMARCA","provincia":"CUTERVO","distrito":"CUTERVO"},"geometry":{"type":"Point","coordinates":[-78.90572999999995,-6.318790000999968]}},{"type":"Feature","properties":{"cod_regpol":"05R1","regionpol":"CAJAMARCA","cod_cpnp":"5163","comisaria":"CPNP SINCHIMACHE","tipo":"E","categoria":"CAJAMARCA","cod_uni":"223310","cod_divpol":"05R1B","divpol":"DIVOPUS CAJAMARCA","departamento":"CAJAMARCA","provincia":"CUTERVO","distrito":"CUTERVO"},"geometry":{"type":"Point","coordinates":[-78.95905299899994,-6.280394998999952]}},{"type":"Feature","properties":{"cod_regpol":"16R1","regionpol":"PIURA","cod_cpnp":"0600","comisaria":"CPNP PIURA","tipo":"A","categoria":"PIURA","cod_uni":"216037","cod_divpol":"16R1B","divpol":"DIVOPUS PIURA","departamento":"PIURA","provincia":"PIURA","distrito":"PIURA"},"geometry":{"type":"Point","coordinates":[-80.63408521999997,-5.19025881999994]}},{"type":"Feature","properties":{"cod_regpol":"16R1","regionpol":"PIURA","cod_cpnp":"0645","comisaria":"CPNP LOS ALGARROBOS","tipo":"B","categoria":"PIURA","cod_uni":"216040","cod_divpol":"16R1B","divpol":"DIVOPUS PIURA","departamento":"PIURA","provincia":"PIURA","distrito":"PIURA"},"geometry":{"type":"Point","coordinates":[-80.64974277999994,-5.1726354009999795]}},{"type":"Feature","properties":{"cod_regpol":"07R1","regionpol":"CUSCO","cod_cpnp":"7552","comisaria":"CPNP QUILLABAMBA","tipo":"B","categoria":"CUSCO","cod_uni":"218306","cod_divpol":"07R1A","divpol":"DIVOPUS LA CONVENCION","departamento":"CUSCO","provincia":"LA CONVENCION","distrito":"SANTA ANA"},"geometry":{"type":"Point","coordinates":[-72.69687108099998,-12.857263394999961]}},{"type":"Feature","properties":{"cod_regpol":"07R1","regionpol":"CUSCO","cod_cpnp":"7554","comisaria":"CPNP PAVAYOC","tipo":"D","categoria":"CUSCO","cod_uni":"218310","cod_divpol":"07R1A","divpol":"DIVOPUS LA CONVENCION","departamento":"CUSCO","provincia":"LA CONVENCION","distrito":"SANTA ANA"},"geometry":{"type":"Point","coordinates":[-72.68914799899994,-12.86275999999998]}},{"type":"Feature","properties":{"cod_regpol":"07R1","regionpol":"CUSCO","cod_cpnp":"7556","comisaria":"CPNP HUAYANAY","tipo":"E","categoria":"CUSCO","cod_uni":"218311","cod_divpol":"07R1A","divpol":"DIVOPUS LA CONVENCION","departamento":"CUSCO","provincia":"LA CONVENCION","distrito":"SANTA ANA"},"geometry":{"type":"Point","coordinates":[-72.65313500099995,-12.810094999999933]}},{"type":"Feature","properties":{"cod_regpol":"02R1","regionpol":"APURIMAC","cod_cpnp":"5468","comisaria":"CPNP ANDAHUAYLAS","tipo":"A","categoria":"APURIMAC","cod_uni":"223465","cod_divpol":"02R1A","divpol":"DIVOPUS ANDAHUAYLAS","departamento":"APURIMAC","provincia":"ANDAHUAYLAS","distrito":"ANDAHUAYLAS"},"geometry":{"type":"Point","coordinates":[-73.38469235999997,-13.656595529999947]}},{"type":"Feature","properties":{"cod_regpol":"14R1","regionpol":"LORETO","cod_cpnp":"1538","comisaria":"CPNP IQUITOS","tipo":"A","categoria":"LORETO","cod_uni":"217361","cod_divpol":"14R1A","divpol":"DIVOPUS LORETO","departamento":"LORETO","provincia":"MAYNAS","distrito":"IQUITOS"},"geometry":{"type":"Point","coordinates":[-73.24461453799995,-3.752208563999943]}},{"type":"Feature","properties":{"cod_regpol":"14R1","regionpol":"LORETO","cod_cpnp":"1541","comisaria":"CPNP MORONACOCHA","tipo":"A","categoria":"LORETO","cod_uni":"217364","cod_divpol":"14R1A","divpol":"DIVOPUS LORETO","departamento":"LORETO","provincia":"MAYNAS","distrito":"IQUITOS"},"geometry":{"type":"Point","coordinates":[-73.26501403899994,-3.7453062039999736]}},{"type":"Feature","properties":{"cod_regpol":"19R2","regionpol":"SAN MARTIN","cod_cpnp":"1305","comisaria":"CPNP TARAPOTO","tipo":"A","categoria":"SAN MARTIN","cod_uni":"221877","cod_divpol":"19R2B","divpol":"DIVOPUS TARAPOTO","departamento":"SAN MARTIN","provincia":"SAN MARTIN","distrito":"TARAPOTO"},"geometry":{"type":"Point","coordinates":[-76.35915686999994,-6.48671257999996]}},{"type":"Feature","properties":{"cod_regpol":"13R1","regionpol":"LIMA CENTRO","cod_cpnp":"1845","comisaria":"CPNP SANTA ROSA","tipo":"B","categoria":"LIMAMETRO","cod_uni":"219690","cod_divpol":"13R1D","divpol":"DIVPOL NORTE 1","departamento":"LIMA","provincia":"LIMA","distrito":"SANTA ROSA"},"geometry":{"type":"Point","coordinates":[-77.17089920699993,-11.796652516999927]}},{"type":"Feature","properties":{"cod_regpol":"13R1","regionpol":"LIMA CENTRO","cod_cpnp":"1835","comisaria":"CPNP SANTA ISABEL","tipo":"B","categoria":"LIMAMETRO","cod_uni":"219684","cod_divpol":"13R1D","divpol":"DIVPOL NORTE 1","departamento":"LIMA","provincia":"LIMA","distrito":"CARABAYLLO"},"geometry":{"type":"Point","coordinates":[-77.03233433899999,-11.901800047999927]}},{"type":"Feature","properties":{"cod_regpol":"13R1","regionpol":"LIMA CENTRO","cod_cpnp":"1840","comisaria":"CPNP EL PROGRESO","tipo":"B","categoria":"LIMAMETRO","cod_uni":"219687","cod_divpol":"13R1D","divpol":"DIVPOL NORTE 1","departamento":"LIMA","provincia":"LIMA","distrito":"CARABAYLLO"},"geometry":{"type":"Point","coordinates":[-77.01583613099996,-11.874618478999935]}},{"type":"Feature","properties":{"cod_regpol":"13R1","regionpol":"LIMA CENTRO","cod_cpnp":"1830","comisaria":"CPNP CARABAYLLO","tipo":"A","categoria":"LIMAMETRO","cod_uni":"219681","cod_divpol":"13R1D","divpol":"DIVPOL NORTE 1","departamento":"LIMA","provincia":"LIMA","distrito":"CARABAYLLO"},"geometry":{"type":"Point","coordinates":[-77.03776597399997,-11.854042153999956]}},{"type":"Feature","properties":{"cod_regpol":"14R1","regionpol":"LORETO","cod_cpnp":"1635","comisaria":"CPNP REQUENA","tipo":"B","categoria":"LORETO","cod_uni":"221712","cod_divpol":"14R1A","divpol":"DIVOPUS LORETO","departamento":"LORETO","provincia":"REQUENA","distrito":"REQUENA"},"geometry":{"type":"Point","coordinates":[-73.85653546999998,-5.063554999999951]}},{"type":"Feature","properties":{"cod_regpol":"13R1","regionpol":"LIMA CENTRO","cod_cpnp":"1910","comisaria":"CPNP CIUDAD Y CAMPO","tipo":"B","categoria":"LIMAMETRO","cod_uni":"219773","cod_divpol":"13R1F","divpol":"DIVPOL NORTE 3","departamento":"LIMA","provincia":"LIMA","distrito":"RIMAC"},"geometry":{"type":"Point","coordinates":[-77.02803815999994,-12.024308908999956]}},{"type":"Feature","properties":{"cod_regpol":"13R1","regionpol":"LIMA CENTRO","cod_cpnp":"1912","comisaria":"CPNP PIEDRA LIZA","tipo":"B","categoria":"LIMAMETRO","cod_uni":"219782","cod_divpol":"13R1F","divpol":"DIVPOL NORTE 3","departamento":"LIMA","provincia":"LIMA","distrito":"RIMAC"},"geometry":{"type":"Point","coordinates":[-77.01773885699998,-12.03971938199993]}},{"type":"Feature","properties":{"cod_regpol":"13R1","regionpol":"LIMA CENTRO","cod_cpnp":"1917","comisaria":"CPNP EL RIMAC","tipo":"A","categoria":"LIMAMETRO","cod_uni":"219770","cod_divpol":"13R1F","divpol":"DIVPOL NORTE 3","departamento":"LIMA","provincia":"LIMA","distrito":"RIMAC"},"geometry":{"type":"Point","coordinates":[-77.02796249099998,-12.03963811799997]}},{"type":"Feature","properties":{"cod_regpol":"13R1","regionpol":"LIMA CENTRO","cod_cpnp":"1915","comisaria":"CPNP EL MANZANO","tipo":"B","categoria":"LIMAMETRO","cod_uni":"219779","cod_divpol":"13R1F","divpol":"DIVPOL NORTE 3","departamento":"LIMA","provincia":"LIMA","distrito":"RIMAC"},"geometry":{"type":"Point","coordinates":[-77.03005460899999,-12.028306315999941]}},{"type":"Feature","properties":{"cod_regpol":"13R1","regionpol":"LIMA CENTRO","cod_cpnp":"1911","comisaria":"CPNP FLOR DE AMANCAES","tipo":"C","categoria":"LIMAMETRO","cod_uni":"219776","cod_divpol":"13R1F","divpol":"DIVPOL NORTE 3","departamento":"LIMA","provincia":"LIMA","distrito":"RIMAC"},"geometry":{"type":"Point","coordinates":[-77.03336290199996,-12.010211251999976]}},{"type":"Feature","properties":{"cod_regpol":"13R1","regionpol":"LIMA CENTRO","cod_cpnp":"2055","comisaria":"CPNP SAN CAYETANO","tipo":"B","categoria":"LIMAMETRO","cod_uni":"219920","cod_divpol":"13R1J","divpol":"DIVPOL CENTRO 2","departamento":"LIMA","provincia":"LIMA","distrito":"EL AGUSTINO"},"geometry":{"type":"Point","coordinates":[-77.00784629799995,-12.056728910999936]}},{"type":"Feature","properties":{"cod_regpol":"13R1","regionpol":"LIMA CENTRO","cod_cpnp":"2060","comisaria":"CPNP SAN PEDRO","tipo":"B","categoria":"LIMAMETRO","cod_uni":"219923","cod_divpol":"13R1J","divpol":"DIVPOL CENTRO 2","departamento":"LIMA","provincia":"LIMA","distrito":"EL AGUSTINO"},"geometry":{"type":"Point","coordinates":[-77.00288139099996,-12.059794126999975]}},{"type":"Feature","properties":{"cod_regpol":"13R1","regionpol":"LIMA CENTRO","cod_cpnp":"2050","comisaria":"CPNP SANTOYO","tipo":"B","categoria":"LIMAMETRO","cod_uni":"219917","cod_divpol":"13R1J","divpol":"DIVPOL CENTRO 2","departamento":"LIMA","provincia":"LIMA","distrito":"EL AGUSTINO"},"geometry":{"type":"Point","coordinates":[-77.00865305899998,-12.051128086999938]}},{"type":"Feature","properties":{"cod_regpol":"13R1","regionpol":"LIMA CENTRO","cod_cpnp":"2065","comisaria":"CPNP VILLA HERMOSA","tipo":"B","categoria":"LIMAMETRO","cod_uni":"219926","cod_divpol":"13R1J","divpol":"DIVPOL CENTRO 2","departamento":"LIMA","provincia":"LIMA","distrito":"EL AGUSTINO"},"geometry":{"type":"Point","coordinates":[-76.98877926199998,-12.041419914999949]}},{"type":"Feature","properties":{"cod_regpol":"13R1","regionpol":"LIMA CENTRO","cod_cpnp":"2045","comisaria":"CPNP EL AGUSTINO","tipo":"A","categoria":"LIMAMETRO","cod_uni":"219914","cod_divpol":"13R1J","divpol":"DIVPOL CENTRO 2","departamento":"LIMA","provincia":"LIMA","distrito":"EL AGUSTINO"},"geometry":{"type":"Point","coordinates":[-76.99760793399997,-12.04946952399996]}},{"type":"Feature","properties":{"cod_regpol":"13R1","regionpol":"LIMA CENTRO","cod_cpnp":"1930","comisaria":"CPNP BARBONCITOS","tipo":"B","categoria":"LIMAMETRO","cod_uni":"219791","cod_divpol":"13R1F","divpol":"DIVPOL NORTE 3","departamento":"LIMA","provincia":"LIMA","distrito":"SAN MARTIN DE PORRES"},"geometry":{"type":"Point","coordinates":[-77.07005299199994,-12.030829581999967]}},{"type":"Feature","properties":{"cod_regpol":"13R1","regionpol":"LIMA CENTRO","cod_cpnp":"1925","comisaria":"CPNP CONDEVILLA","tipo":"B","categoria":"LIMAMETRO","cod_uni":"219788","cod_divpol":"13R1F","divpol":"DIVPOL NORTE 3","departamento":"LIMA","provincia":"LIMA","distrito":"SAN MARTIN DE PORRES"},"geometry":{"type":"Point","coordinates":[-77.08545741399996,-12.020419179999976]}},{"type":"Feature","properties":{"cod_regpol":"13R1","regionpol":"LIMA CENTRO","cod_cpnp":"1920","comisaria":"CPNP SAN MARTIN DE PORRES","tipo":"A","categoria":"LIMAMETRO","cod_uni":"219785","cod_divpol":"13R1F","divpol":"DIVPOL NORTE 3","departamento":"LIMA","provincia":"LIMA","distrito":"SAN MARTIN DE PORRES"},"geometry":{"type":"Point","coordinates":[-77.05589272599997,-12.025782407999941]}},{"type":"Feature","properties":{"cod_regpol":"13R1","regionpol":"LIMA CENTRO","cod_cpnp":"1815","comisaria":"CPNP PUENTE PIEDRA","tipo":"A","categoria":"LIMAMETRO","cod_uni":"219672","cod_divpol":"13R1D","divpol":"DIVPOL NORTE 1","departamento":"LIMA","provincia":"LIMA","distrito":"PUENTE PIEDRA"},"geometry":{"type":"Point","coordinates":[-77.07770590599995,-11.866187901999979]}},{"type":"Feature","properties":{"cod_regpol":"13R1","regionpol":"LIMA CENTRO","cod_cpnp":"1820","comisaria":"CPNP LA ENSENADA","tipo":"B","categoria":"LIMAMETRO","cod_uni":"219675","cod_divpol":"13R1D","divpol":"DIVPOL NORTE 1","departamento":"LIMA","provincia":"LIMA","distrito":"PUENTE PIEDRA"},"geometry":{"type":"Point","coordinates":[-77.09427699999998,-11.935892999999965]}},{"type":"Feature","properties":{"cod_regpol":"13R1","regionpol":"LIMA CENTRO","cod_cpnp":"1825","comisaria":"CPNP ZAPALLAL","tipo":"B","categoria":"LIMAMETRO","cod_uni":"219678","cod_divpol":"13R1D","divpol":"DIVPOL NORTE 1","departamento":"LIMA","provincia":"LIMA","distrito":"PUENTE PIEDRA"},"geometry":{"type":"Point","coordinates":[-77.11759529999995,-11.827997082999957]}},{"type":"Feature","properties":{"cod_regpol":"05R1","regionpol":"CAJAMARCA","cod_cpnp":"1025","comisaria":"CPNP JAEN","tipo":"A","categoria":"CAJAMARCA","cod_uni":"223345","cod_divpol":"05R1A","divpol":"DIVPOL JAEN","departamento":"CAJAMARCA","provincia":"JAEN","distrito":"JAEN"},"geometry":{"type":"Point","coordinates":[-78.80661327899998,-5.7100543199999265]}},{"type":"Feature","properties":{"cod_regpol":"05R1","regionpol":"CAJAMARCA","cod_cpnp":"1028","comisaria":"CPNP CHAMAYA","tipo":"D","categoria":"CAJAMARCA","cod_uni":"223351","cod_divpol":"05R1A","divpol":"DIVPOL JAEN","departamento":"CAJAMARCA","provincia":"JAEN","distrito":"JAEN"},"geometry":{"type":"Point","coordinates":[-78.75702349999995,-5.83859683999998]}},{"type":"Feature","properties":{"cod_regpol":"16R1","regionpol":"PIURA","cod_cpnp":"0636","comisaria":"CPNP CHULUCANAS","tipo":"A","categoria":"PIURA","cod_uni":"216080","cod_divpol":"16R1B","divpol":"DIVOPUS PIURA","departamento":"PIURA","provincia":"MORROPON","distrito":"CHULUCANAS"},"geometry":{"type":"Point","coordinates":[-80.16047173999993,-5.093897950999974]}},{"type":"Feature","properties":{"cod_regpol":"16R1","regionpol":"PIURA","cod_cpnp":"0639","comisaria":"CPNP KILOMETRO 50","tipo":"D","categoria":"PIURA","cod_uni":"216084","cod_divpol":"16R1B","divpol":"DIVOPUS PIURA","departamento":"PIURA","provincia":"MORROPON","distrito":"CHULUCANAS"},"geometry":{"type":"Point","coordinates":[-80.18602416999994,-5.169258189999937]}},{"type":"Feature","properties":{"cod_regpol":"16R1","regionpol":"PIURA","cod_cpnp":"0643","comisaria":"CPNP PACCHA","tipo":"D","categoria":"PIURA","cod_uni":"216085","cod_divpol":"16R1B","divpol":"DIVOPUS PIURA","departamento":"PIURA","provincia":"MORROPON","distrito":"CHULUCANAS"},"geometry":{"type":"Point","coordinates":[-80.22084249999995,-5.016244959999938]}},{"type":"Feature","properties":{"cod_regpol":"16R1","regionpol":"PIURA","cod_cpnp":"0653","comisaria":"CPNP YAPATERA","tipo":"D","categoria":"PIURA","cod_uni":"216086","cod_divpol":"16R1B","divpol":"DIVOPUS PIURA","departamento":"PIURA","provincia":"MORROPON","distrito":"CHULUCANAS"},"geometry":{"type":"Point","coordinates":[-80.13989800999997,-5.062717139999961]}},{"type":"Feature","properties":{"cod_regpol":"16R1","regionpol":"PIURA","cod_cpnp":"0652","comisaria":"CPNP TALANDRACAS","tipo":"D","categoria":"PIURA","cod_uni":"216089","cod_divpol":"16R1B","divpol":"DIVOPUS PIURA","departamento":"PIURA","provincia":"MORROPON","distrito":"CHULUCANAS"},"geometry":{"type":"Point","coordinates":[-80.06296399999997,-5.110749999999939]}},{"type":"Feature","properties":{"cod_regpol":"16R1","regionpol":"PIURA","cod_cpnp":"0760","comisaria":"CPNP PAITA","tipo":"A","categoria":"PIURA","cod_uni":"216215","cod_divpol":"16R1A","divpol":"DIVOPUS SULLANA","departamento":"PIURA","provincia":"PAITA","distrito":"PAITA"},"geometry":{"type":"Point","coordinates":[-81.11042914999996,-5.086474219999957]}},{"type":"Feature","properties":{"cod_regpol":"16R1","regionpol":"PIURA","cod_cpnp":"0762","comisaria":"CPNP CIUDAD DEL PESCADOR","tipo":"B","categoria":"PIURA","cod_uni":"216218","cod_divpol":"16R1A","divpol":"DIVOPUS SULLANA","departamento":"PIURA","provincia":"PAITA","distrito":"PAITA"},"geometry":{"type":"Point","coordinates":[-81.10015349899999,-5.094663999999966]}},{"type":"Feature","properties":{"cod_regpol":"03R1","regionpol":"AREQUIPA","cod_cpnp":"4170","comisaria":"CPNP EL CARDO","tipo":"E","categoria":"AREQUIPA","cod_uni":"218914","cod_divpol":"03R1A","divpol":"DIVOPUS AREQUIPA","departamento":"AREQUIPA","provincia":"CAMANA","distrito":"JOSE MARIA QUIMPER"},"geometry":{"type":"Point","coordinates":[-72.72649952899997,-16.602914529999964]}},{"type":"Feature","properties":{"cod_regpol":"03R1","regionpol":"AREQUIPA","cod_cpnp":"4168","comisaria":"CPNP HUACAPUY","tipo":"E","categoria":"AREQUIPA","cod_uni":"218913","cod_divpol":"03R1A","divpol":"DIVOPUS AREQUIPA","departamento":"AREQUIPA","provincia":"CAMANA","distrito":"JOSE MARIA QUIMPER"},"geometry":{"type":"Point","coordinates":[-72.74995565999996,-16.601535129999945]}},{"type":"Feature","properties":{"cod_regpol":"12R1","regionpol":"LAMBAYEQUE","cod_cpnp":"0857","comisaria":"CPNP PUERTO ETEN","tipo":"D","categoria":"LAMBAYEQUE","cod_uni":"216479","cod_divpol":"12R1A","divpol":"DIVOPUS LAMBAYEQUE","departamento":"LAMBAYEQUE","provincia":"CHICLAYO","distrito":"ETEN PUERTO"},"geometry":{"type":"Point","coordinates":[-79.86359472899994,-6.927182488999961]}},{"type":"Feature","properties":{"cod_regpol":"02R1","regionpol":"APURIMAC","cod_cpnp":"5482","comisaria":"CPNP KISHUARA","tipo":"D","categoria":"APURIMAC","cod_uni":"223473","cod_divpol":"02R1A","divpol":"DIVOPUS ANDAHUAYLAS","departamento":"APURIMAC","provincia":"ANDAHUAYLAS","distrito":"KISHUARA"},"geometry":{"type":"Point","coordinates":[-73.11830638999999,-13.69157950999994]}},{"type":"Feature","properties":{"cod_regpol":"03R1","regionpol":"AREQUIPA","cod_cpnp":"4160","comisaria":"CPNP MINAS OCOÑA","tipo":"C","categoria":"AREQUIPA","cod_uni":"218907","cod_divpol":"03R1A","divpol":"DIVOPUS AREQUIPA","departamento":"AREQUIPA","provincia":"CONDESUYOS","distrito":"RIO GRANDE"},"geometry":{"type":"Point","coordinates":[-73.13138349999997,-15.940507599999933]}},{"type":"Feature","properties":{"cod_regpol":"12R1","regionpol":"LAMBAYEQUE","cod_cpnp":"0972","comisaria":"CPNP SALAS","tipo":"C","categoria":"LAMBAYEQUE","cod_uni":"216512","cod_divpol":"12R1A","divpol":"DIVOPUS LAMBAYEQUE","departamento":"LAMBAYEQUE","provincia":"LAMBAYEQUE","distrito":"SALAS"},"geometry":{"type":"Point","coordinates":[-79.60773884899999,-6.274973199999977]}},{"type":"Feature","properties":{"cod_regpol":"12R1","regionpol":"LAMBAYEQUE","cod_cpnp":"0973","comisaria":"CPNP PENACHI","tipo":"D","categoria":"LAMBAYEQUE","cod_uni":"216518","cod_divpol":"12R1A","divpol":"DIVOPUS LAMBAYEQUE","departamento":"LAMBAYEQUE","provincia":"LAMBAYEQUE","distrito":"SALAS"},"geometry":{"type":"Point","coordinates":[-79.47342966899998,-6.167940509999937]}},{"type":"Feature","properties":{"cod_regpol":"03R1","regionpol":"AREQUIPA","cod_cpnp":"4234","comisaria":"CPNP CHARCANA","tipo":"E","categoria":"AREQUIPA","cod_uni":"218957","cod_divpol":"03R1A","divpol":"DIVOPUS AREQUIPA","departamento":"AREQUIPA","provincia":"LA UNION","distrito":"CHARCANA"},"geometry":{"type":"Point","coordinates":[-73.07005223999994,-15.240586659999963]}},{"type":"Feature","properties":{"cod_regpol":"05R1","regionpol":"CAJAMARCA","cod_cpnp":"1062","comisaria":"CPNP PUCARA","tipo":"B","categoria":"CAJAMARCA","cod_uni":"223365","cod_divpol":"05R1A","divpol":"DIVPOL JAEN","departamento":"CAJAMARCA","provincia":"JAEN","distrito":"PUCARA"},"geometry":{"type":"Point","coordinates":[-79.12867440899998,-6.039800649999961]}},{"type":"Feature","properties":{"cod_regpol":"05R1","regionpol":"CAJAMARCA","cod_cpnp":"1063","comisaria":"CPNP HUACAPAMPA","tipo":"E","categoria":"CAJAMARCA","cod_uni":"223368","cod_divpol":"05R1A","divpol":"DIVPOL JAEN","departamento":"CAJAMARCA","provincia":"JAEN","distrito":"PUCARA"},"geometry":{"type":"Point","coordinates":[-79.17903699999994,-6.102497999999969]}},{"type":"Feature","properties":{"cod_regpol":"05R1","regionpol":"CAJAMARCA","cod_cpnp":"1035","comisaria":"CPNP SANTA ROSA DE LA YUNGA","tipo":"E","categoria":"CAJAMARCA","cod_uni":"223348","cod_divpol":"05R1A","divpol":"DIVPOL JAEN","departamento":"CAJAMARCA","provincia":"JAEN","distrito":"SANTA ROSA"},"geometry":{"type":"Point","coordinates":[-78.56937356999998,-5.433117959999947]}},{"type":"Feature","properties":{"cod_regpol":"12R1","regionpol":"LAMBAYEQUE","cod_cpnp":"0848","comisaria":"CPNP REQUE","tipo":"C","categoria":"LAMBAYEQUE","cod_uni":"216474","cod_divpol":"12R1A","divpol":"DIVOPUS LAMBAYEQUE","departamento":"LAMBAYEQUE","provincia":"CHICLAYO","distrito":"REQUE"},"geometry":{"type":"Point","coordinates":[-79.81844692999994,-6.863260129999958]}},{"type":"Feature","properties":{"cod_regpol":"05R1","regionpol":"CAJAMARCA","cod_cpnp":"5113","comisaria":"CPNP CORTEGANA","tipo":"E","categoria":"CAJAMARCA","cod_uni":"223239","cod_divpol":"05R1B","divpol":"DIVOPUS CAJAMARCA","departamento":"CAJAMARCA","provincia":"CELENDIN","distrito":"CORTEGANA"},"geometry":{"type":"Point","coordinates":[-78.32930924999994,-6.513010979999933]}},{"type":"Feature","properties":{"cod_regpol":"05R1","regionpol":"CAJAMARCA","cod_cpnp":"5090","comisaria":"CPNP CALQUIS","tipo":"E","categoria":"CAJAMARCA","cod_uni":"223248","cod_divpol":"05R1B","divpol":"DIVOPUS CAJAMARCA","departamento":"CAJAMARCA","provincia":"SAN MIGUEL","distrito":"CALQUIS"},"geometry":{"type":"Point","coordinates":[-78.84991582999999,-6.9800540299999625]}},{"type":"Feature","properties":{"cod_regpol":"05R1","regionpol":"CAJAMARCA","cod_cpnp":"5082","comisaria":"CPNP CATILLUC","tipo":"E","categoria":"CAJAMARCA","cod_uni":"223244","cod_divpol":"05R1B","divpol":"DIVOPUS CAJAMARCA","departamento":"CAJAMARCA","provincia":"SAN MIGUEL","distrito":"CATILLUC"},"geometry":{"type":"Point","coordinates":[-78.77719653999998,-6.801805029999969]}},{"type":"Feature","properties":{"cod_regpol":"05R1","regionpol":"CAJAMARCA","cod_cpnp":"5086","comisaria":"CPNP EL PRADO","tipo":"E","categoria":"CAJAMARCA","cod_uni":"223246","cod_divpol":"05R1B","divpol":"DIVOPUS CAJAMARCA","departamento":"CAJAMARCA","provincia":"SAN MIGUEL","distrito":"EL PRADO"},"geometry":{"type":"Point","coordinates":[-79.01100747999999,-7.034224839999979]}},{"type":"Feature","properties":{"cod_regpol":"02R1","regionpol":"APURIMAC","cod_cpnp":"5487","comisaria":"CPNP ANDARAPA","tipo":"D","categoria":"APURIMAC","cod_uni":"223482","cod_divpol":"02R1A","divpol":"DIVOPUS ANDAHUAYLAS","departamento":"APURIMAC","provincia":"ANDAHUAYLAS","distrito":"ANDARAPA"},"geometry":{"type":"Point","coordinates":[-73.36619915999995,-13.528237849999982]}},{"type":"Feature","properties":{"cod_regpol":"12R1","regionpol":"LAMBAYEQUE","cod_cpnp":"0851","comisaria":"CPNP SANTA ROSA","tipo":"D","categoria":"LAMBAYEQUE","cod_uni":"216477","cod_divpol":"12R1A","divpol":"DIVOPUS LAMBAYEQUE","departamento":"LAMBAYEQUE","provincia":"CHICLAYO","distrito":"SANTA ROSA"},"geometry":{"type":"Point","coordinates":[-79.92338898999998,-6.879729810999947]}},{"type":"Feature","properties":{"cod_regpol":"02R1","regionpol":"APURIMAC","cod_cpnp":"5485","comisaria":"CPNP HUANCARAMA","tipo":"D","categoria":"APURIMAC","cod_uni":"223472","cod_divpol":"02R1A","divpol":"DIVOPUS ANDAHUAYLAS","departamento":"APURIMAC","provincia":"ANDAHUAYLAS","distrito":"HUANCARAMA"},"geometry":{"type":"Point","coordinates":[-73.08410602999999,-13.645514829999968]}},{"type":"Feature","properties":{"cod_regpol":"02R1","regionpol":"APURIMAC","cod_cpnp":"5474","comisaria":"CPNP PACUCHA","tipo":"D","categoria":"APURIMAC","cod_uni":"223480","cod_divpol":"02R1A","divpol":"DIVOPUS ANDAHUAYLAS","departamento":"APURIMAC","provincia":"ANDAHUAYLAS","distrito":"PACUCHA"},"geometry":{"type":"Point","coordinates":[-73.34253778899995,-13.609190060999936]}},{"type":"Feature","properties":{"cod_regpol":"02R1","regionpol":"APURIMAC","cod_cpnp":"5492","comisaria":"CPNP SAN ANTONIO DE CACHI","tipo":"D","categoria":"APURIMAC","cod_uni":"223468","cod_divpol":"02R1A","divpol":"DIVOPUS ANDAHUAYLAS","departamento":"APURIMAC","provincia":"ANDAHUAYLAS","distrito":"SAN ANTONIO DE CACHI"},"geometry":{"type":"Point","coordinates":[-73.60266084999995,-13.772715619999929]}},{"type":"Feature","properties":{"cod_regpol":"02R1","regionpol":"APURIMAC","cod_cpnp":"5478","comisaria":"CPNP PAMPACHIRI","tipo":"E","categoria":"APURIMAC","cod_uni":"223470","cod_divpol":"02R1A","divpol":"DIVOPUS ANDAHUAYLAS","departamento":"APURIMAC","provincia":"ANDAHUAYLAS","distrito":"PAMPACHIRI"},"geometry":{"type":"Point","coordinates":[-73.54407259999994,-14.187139109999976]}},{"type":"Feature","properties":{"cod_regpol":"05R1","regionpol":"CAJAMARCA","cod_cpnp":"5092","comisaria":"CPNP LLAPA","tipo":"E","categoria":"CAJAMARCA","cod_uni":"223249","cod_divpol":"05R1B","divpol":"DIVOPUS CAJAMARCA","departamento":"CAJAMARCA","provincia":"SAN MIGUEL","distrito":"LLAPA"},"geometry":{"type":"Point","coordinates":[-78.80888944099996,-6.980325629999925]}},{"type":"Feature","properties":{"cod_regpol":"05R1","regionpol":"CAJAMARCA","cod_cpnp":"5128","comisaria":"CPNP TACABAMBA","tipo":"D","categoria":"CAJAMARCA","cod_uni":"223293","cod_divpol":"05R1B","divpol":"DIVOPUS CAJAMARCA","departamento":"CAJAMARCA","provincia":"CHOTA","distrito":"TACABAMBA"},"geometry":{"type":"Point","coordinates":[-78.61376944999995,-6.394528169999944]}},{"type":"Feature","properties":{"cod_regpol":"02R1","regionpol":"APURIMAC","cod_cpnp":"5504","comisaria":"CPNP HUACCANA","tipo":"D","categoria":"APURIMAC","cod_uni":"223490","cod_divpol":"02R1A","divpol":"DIVOPUS ANDAHUAYLAS","departamento":null,"provincia":"CHINCHEROS","distrito":"HUACCANA"},"geometry":{"type":"Point","coordinates":[-73.68960377999997,-13.38914090999998]}},{"type":"Feature","properties":{"cod_regpol":"02R1","regionpol":"APURIMAC","cod_cpnp":"5500","comisaria":"CPNP OCOBAMBA","tipo":"D","categoria":"APURIMAC","cod_uni":"223489","cod_divpol":"02R1A","divpol":"DIVOPUS ANDAHUAYLAS","departamento":"APURIMAC","provincia":"CHINCHEROS","distrito":"OCOBAMBA"},"geometry":{"type":"Point","coordinates":[-73.56007696999995,-13.48280436999994]}},{"type":"Feature","properties":{"cod_regpol":"02R1","regionpol":"APURIMAC","cod_cpnp":"5508","comisaria":"CPNP ONGOY","tipo":"D","categoria":"APURIMAC","cod_uni":"223494","cod_divpol":"02R1A","divpol":"DIVOPUS ANDAHUAYLAS","departamento":"APURIMAC","provincia":"CHINCHEROS","distrito":"ONGOY"},"geometry":{"type":"Point","coordinates":[-73.66800252999997,-13.403107959999943]}},{"type":"Feature","properties":{"cod_regpol":"02R1","regionpol":"APURIMAC","cod_cpnp":"5506","comisaria":"CPNP URANMARCA","tipo":"D","categoria":"APURIMAC","cod_uni":"223491","cod_divpol":"02R1A","divpol":"DIVOPUS ANDAHUAYLAS","departamento":"APURIMAC","provincia":"CHINCHEROS","distrito":"URANMARCA"},"geometry":{"type":"Point","coordinates":[-73.66937124999998,-13.672083089999944]}},{"type":"Feature","properties":{"cod_regpol":"05R1","regionpol":"CAJAMARCA","cod_cpnp":"5130","comisaria":"CPNP CHALAMARCA","tipo":"E","categoria":"CAJAMARCA","cod_uni":"223294","cod_divpol":"05R1B","divpol":"DIVOPUS CAJAMARCA","departamento":"CAJAMARCA","provincia":"CHOTA","distrito":"CHALAMARCA"},"geometry":{"type":"Point","coordinates":[-78.48009013999996,-6.503872329999979]}},{"type":"Feature","properties":{"cod_regpol":"05R1","regionpol":"CAJAMARCA","cod_cpnp":"5036","comisaria":"CPNP EL SALITRE","tipo":"E","categoria":"CAJAMARCA","cod_uni":"223280","cod_divpol":"05R1B","divpol":"DIVOPUS CAJAMARCA","departamento":"CAJAMARCA","provincia":"CONTUMAZA","distrito":"TANTARICA"},"geometry":{"type":"Point","coordinates":[-78.92707392999995,-7.213215539999965]}},{"type":"Feature","properties":{"cod_regpol":"05R1","regionpol":"CAJAMARCA","cod_cpnp":"5160","comisaria":"CPNP SAN ANDRES","tipo":"E","categoria":"CAJAMARCA","cod_uni":"223308","cod_divpol":"05R1B","divpol":"DIVOPUS CAJAMARCA","departamento":"CAJAMARCA","provincia":"CUTERVO","distrito":"SAN ANDRES DE CUTERVO"},"geometry":{"type":"Point","coordinates":[-78.71178999999995,-6.238810548999936]}},{"type":"Feature","properties":{"cod_regpol":"05R1","regionpol":"CAJAMARCA","cod_cpnp":"5162","comisaria":"CPNP SANTA CRUZ DE CUTERVO","tipo":"E","categoria":"CAJAMARCA","cod_uni":"223309","cod_divpol":"05R1B","divpol":"DIVOPUS CAJAMARCA","departamento":"CAJAMARCA","provincia":"CUTERVO","distrito":"SANTA CRUZ"},"geometry":{"type":"Point","coordinates":[-78.85275205999994,-6.094923380999944]}},{"type":"Feature","properties":{"cod_regpol":"05R1","regionpol":"CAJAMARCA","cod_cpnp":"5152","comisaria":"CPNP LA CAPILLA","tipo":"E","categoria":"CAJAMARCA","cod_uni":"223304","cod_divpol":"05R1B","divpol":"DIVOPUS CAJAMARCA","departamento":"CAJAMARCA","provincia":"CUTERVO","distrito":"SANTO DOMINGO DE LA CAPILLA"},"geometry":{"type":"Point","coordinates":[-78.85508025999997,-6.24435632899997]}},{"type":"Feature","properties":{"cod_regpol":"05R1","regionpol":"CAJAMARCA","cod_cpnp":"5154","comisaria":"CPNP SOCOTA","tipo":"E","categoria":"CAJAMARCA","cod_uni":"223305","cod_divpol":"05R1B","divpol":"DIVOPUS CAJAMARCA","departamento":"CAJAMARCA","provincia":"CUTERVO","distrito":"SOCOTA"},"geometry":{"type":"Point","coordinates":[-78.69903243099998,-6.31690760999993]}},{"type":"Feature","properties":{"cod_regpol":"03R1","regionpol":"AREQUIPA","cod_cpnp":"4122","comisaria":"CPNP POCSI","tipo":"E","categoria":"AREQUIPA","cod_uni":"218860","cod_divpol":"03R1A","divpol":"DIVOPUS AREQUIPA","departamento":"AREQUIPA","provincia":"AREQUIPA","distrito":"POCSI"},"geometry":{"type":"Point","coordinates":[-71.38905566999995,-16.517543259999968]}},{"type":"Feature","properties":{"cod_regpol":"03R1","regionpol":"AREQUIPA","cod_cpnp":"4104","comisaria":"CPNP POLOBAYA","tipo":"D","categoria":"AREQUIPA","cod_uni":"218859","cod_divpol":"03R1A","divpol":"DIVOPUS AREQUIPA","departamento":"AREQUIPA","provincia":"AREQUIPA","distrito":"POLOBAYA"},"geometry":{"type":"Point","coordinates":[-71.36968957999994,-16.56546480999998]}},{"type":"Feature","properties":{"cod_regpol":"05R1","regionpol":"CAJAMARCA","cod_cpnp":"5147","comisaria":"CPNP SANTO TOMAS","tipo":"E","categoria":"CAJAMARCA","cod_uni":"223302","cod_divpol":"05R1B","divpol":"DIVOPUS CAJAMARCA","departamento":"CAJAMARCA","provincia":"CUTERVO","distrito":"SANTO TOMAS"},"geometry":{"type":"Point","coordinates":[-78.68255875899996,-6.151400948999935]}},{"type":"Feature","properties":{"cod_regpol":"23R1","regionpol":"FRENTE POLICIAL VRAEM","cod_cpnp":"7512","comisaria":"CPNP SIVIA","tipo":"B","categoria":"AYACUCHO","cod_uni":"220692","cod_divpol":"23R1A","divpol":"DIVOPUS VRAEM","departamento":"AYACUCHO","provincia":"HUANTA","distrito":"SIVIA"},"geometry":{"type":"Point","coordinates":[-73.85927148099995,-12.510191409999948]}},{"type":"Feature","properties":{"cod_regpol":"03R1","regionpol":"AREQUIPA","cod_cpnp":"4186","comisaria":"CPNP MACHAHUAY","tipo":"E","categoria":"AREQUIPA","cod_uni":"218948","cod_divpol":"03R1A","divpol":"DIVOPUS AREQUIPA","departamento":"AREQUIPA","provincia":"CASTILLA","distrito":"MACHAGUAY"},"geometry":{"type":"Point","coordinates":[-72.50536874999995,-15.650791008999931]}},{"type":"Feature","properties":{"cod_regpol":"05R1","regionpol":"CAJAMARCA","cod_cpnp":"5141","comisaria":"CPNP HUALGAYOC","tipo":"D","categoria":"CAJAMARCA","cod_uni":"223319","cod_divpol":"05R1B","divpol":"DIVOPUS CAJAMARCA","departamento":"CAJAMARCA","provincia":"HUALGAYOC","distrito":"HUALGAYOC"},"geometry":{"type":"Point","coordinates":[-78.60890020999994,-6.767084469999929]}},{"type":"Feature","properties":{"cod_regpol":"05R1","regionpol":"CAJAMARCA","cod_cpnp":"1052","comisaria":"CPNP HUABAL","tipo":"E","categoria":"CAJAMARCA","cod_uni":"223355","cod_divpol":"05R1A","divpol":"DIVPOL JAEN","departamento":"CAJAMARCA","provincia":"JAEN","distrito":"HUABAL"},"geometry":{"type":"Point","coordinates":[-78.89925232999997,-5.612769919999948]}},{"type":"Feature","properties":{"cod_regpol":"03R1","regionpol":"AREQUIPA","cod_cpnp":"4178","comisaria":"CPNP CORIRE","tipo":"D","categoria":"AREQUIPA","cod_uni":"218944","cod_divpol":"03R1A","divpol":"DIVOPUS AREQUIPA","departamento":"AREQUIPA","provincia":"CASTILLA","distrito":"URACA"},"geometry":{"type":"Point","coordinates":[-72.47133515999997,-16.22202748899997]}},{"type":"Feature","properties":{"cod_regpol":"03R1","regionpol":"AREQUIPA","cod_cpnp":"4050","comisaria":"CPNP HUAMBO","tipo":"E","categoria":"AREQUIPA","cod_uni":"221826","cod_divpol":"03R1A","divpol":"DIVOPUS AREQUIPA","departamento":"AREQUIPA","provincia":"CAYLLOMA","distrito":"HUAMBO"},"geometry":{"type":"Point","coordinates":[-72.10776510899996,-15.730633049999938]}},{"type":"Feature","properties":{"cod_regpol":"03R1","regionpol":"AREQUIPA","cod_cpnp":"4026","comisaria":"CPNP HUANCA","tipo":"E","categoria":"AREQUIPA","cod_uni":"218968","cod_divpol":"03R1A","divpol":"DIVOPUS AREQUIPA","departamento":"AREQUIPA","provincia":"CAYLLOMA","distrito":"HUANCA"},"geometry":{"type":"Point","coordinates":[-71.87817105099998,-16.034254399999952]}},{"type":"Feature","properties":{"cod_regpol":"02R1","regionpol":"APURIMAC","cod_cpnp":"5480","comisaria":"CPNP HUANCABAMBA","tipo":"D","categoria":"APURIMAC","cod_uni":"223481","cod_divpol":"02R1A","divpol":"DIVOPUS ANDAHUAYLAS","departamento":"APURIMAC","provincia":"ANDAHUAYLAS","distrito":"JOSE MARIA ARGUEDAS"},"geometry":{"type":"Point","coordinates":[-73.35362314999998,-13.73001451999994]}},{"type":"Feature","properties":{"cod_regpol":"02R1","regionpol":"APURIMAC","cod_cpnp":"5495","comisaria":"CPNP CHINCHEROS","tipo":"B","categoria":"APURIMAC","cod_uni":"223483","cod_divpol":"02R1A","divpol":"DIVOPUS ANDAHUAYLAS","departamento":"APURIMAC","provincia":"CHINCHEROS","distrito":"CHINCHEROS"},"geometry":{"type":"Point","coordinates":[-73.72016751999996,-13.51717752999997]}},{"type":"Feature","properties":{"cod_regpol":"02R1","regionpol":"APURIMAC","cod_cpnp":"5497","comisaria":"CPNP URIPA","tipo":"C","categoria":"APURIMAC","cod_uni":"223486","cod_divpol":"02R1A","divpol":"DIVOPUS ANDAHUAYLAS","departamento":"APURIMAC","provincia":"CHINCHEROS","distrito":"ANCO_HUALLO"},"geometry":{"type":"Point","coordinates":[-73.67853852999997,-13.53226946999996]}},{"type":"Feature","properties":{"cod_regpol":"03R1","regionpol":"AREQUIPA","cod_cpnp":"4034","comisaria":"CPNP LA JOYA","tipo":"B","categoria":"AREQUIPA","cod_uni":"218882","cod_divpol":"03R1A","divpol":"DIVOPUS AREQUIPA","departamento":"AREQUIPA","provincia":"AREQUIPA","distrito":"LA JOYA"},"geometry":{"type":"Point","coordinates":[-71.81816913999995,-16.42455390999993]}},{"type":"Feature","properties":{"cod_regpol":"03R1","regionpol":"AREQUIPA","cod_cpnp":"4042","comisaria":"CPNP EL TRIUNFO","tipo":"C","categoria":"AREQUIPA","cod_uni":"218885","cod_divpol":"03R1A","divpol":"DIVOPUS AREQUIPA","departamento":"AREQUIPA","provincia":"AREQUIPA","distrito":"LA JOYA"},"geometry":{"type":"Point","coordinates":[-71.83761656999997,-16.496320238999942]}},{"type":"Feature","properties":{"cod_regpol":"03R1","regionpol":"AREQUIPA","cod_cpnp":"4038","comisaria":"CPNP SAN JOSE","tipo":"D","categoria":"AREQUIPA","cod_uni":"218889","cod_divpol":"03R1A","divpol":"DIVOPUS AREQUIPA","departamento":"AREQUIPA","provincia":"AREQUIPA","distrito":"LA JOYA"},"geometry":{"type":"Point","coordinates":[-71.84012641999993,-16.580903999999975]}},{"type":"Feature","properties":{"cod_regpol":"03R1","regionpol":"AREQUIPA","cod_cpnp":"4040","comisaria":"CPNP SAN CAMILO","tipo":"D","categoria":"AREQUIPA","cod_uni":"218888","cod_divpol":"03R1A","divpol":"DIVOPUS AREQUIPA","departamento":"AREQUIPA","provincia":"AREQUIPA","distrito":"LA JOYA"},"geometry":{"type":"Point","coordinates":[-71.88608574999995,-16.685558769999943]}},{"type":"Feature","properties":{"cod_regpol":"03R1","regionpol":"AREQUIPA","cod_cpnp":"4062","comisaria":"CPNP SANTA RITA DE SIGUAS","tipo":"D","categoria":"AREQUIPA","cod_uni":"218892","cod_divpol":"03R1A","divpol":"DIVOPUS AREQUIPA","departamento":"AREQUIPA","provincia":"AREQUIPA","distrito":"SANTA RITA DE SIGUAS"},"geometry":{"type":"Point","coordinates":[-72.09473021899998,-16.49334528999998]}},{"type":"Feature","properties":{"cod_regpol":"03R1","regionpol":"AREQUIPA","cod_cpnp":"4016","comisaria":"CPNP UCHUMAYO","tipo":"D","categoria":"AREQUIPA","cod_uni":"218784","cod_divpol":"03R1A","divpol":"DIVOPUS AREQUIPA","departamento":"AREQUIPA","provincia":"AREQUIPA","distrito":"UCHUMAYO"},"geometry":{"type":"Point","coordinates":[-71.67322574999997,-16.42589549099995]}},{"type":"Feature","properties":{"cod_regpol":"03R1","regionpol":"AREQUIPA","cod_cpnp":"4018","comisaria":"CPNP CONGATA","tipo":"C","categoria":"AREQUIPA","cod_uni":"218785","cod_divpol":"03R1A","divpol":"DIVOPUS AREQUIPA","departamento":"AREQUIPA","provincia":"AREQUIPA","distrito":"UCHUMAYO"},"geometry":{"type":"Point","coordinates":[-71.61920634999996,-16.446158079999975]}},{"type":"Feature","properties":{"cod_regpol":"03R1","regionpol":"AREQUIPA","cod_cpnp":"4106","comisaria":"CPNP YARABAMBA","tipo":"D","categoria":"AREQUIPA","cod_uni":"218862","cod_divpol":"03R1A","divpol":"DIVOPUS AREQUIPA","departamento":"AREQUIPA","provincia":"AREQUIPA","distrito":"YARABAMBA"},"geometry":{"type":"Point","coordinates":[-71.47511548999995,-16.546771449999937]}},{"type":"Feature","properties":{"cod_regpol":"03R1","regionpol":"AREQUIPA","cod_cpnp":"4164","comisaria":"CPNP PUCCHUN","tipo":"E","categoria":"AREQUIPA","cod_uni":"218911","cod_divpol":"03R1A","divpol":"DIVOPUS AREQUIPA","departamento":"AREQUIPA","provincia":"CAMANA","distrito":"MARISCAL CACERES"},"geometry":{"type":"Point","coordinates":[-72.77455034999997,-16.59815458099996]}},{"type":"Feature","properties":{"cod_regpol":"03R1","regionpol":"AREQUIPA","cod_cpnp":"4166","comisaria":"CPNP SAN JOSE","tipo":"E","categoria":"AREQUIPA","cod_uni":"218912","cod_divpol":"03R1A","divpol":"DIVOPUS AREQUIPA","departamento":"AREQUIPA","provincia":"CAMANA","distrito":"MARISCAL CACERES"},"geometry":{"type":"Point","coordinates":[-72.73589647999995,-16.61943163999996]}},{"type":"Feature","properties":{"cod_regpol":"03R1","regionpol":"AREQUIPA","cod_cpnp":"4162","comisaria":"CPNP SAN GREGORIO","tipo":"D","categoria":"AREQUIPA","cod_uni":"218910","cod_divpol":"03R1A","divpol":"DIVOPUS AREQUIPA","departamento":"AREQUIPA","provincia":"CAMANA","distrito":"NICOLAS DE PIEROLA"},"geometry":{"type":"Point","coordinates":[-72.71635981999998,-16.573100919999945]}},{"type":"Feature","properties":{"cod_regpol":"03R1","regionpol":"AREQUIPA","cod_cpnp":"4155","comisaria":"CPNP LA PAMPA","tipo":"B","categoria":"AREQUIPA","cod_uni":"218903","cod_divpol":"03R1A","divpol":"DIVOPUS AREQUIPA","departamento":"AREQUIPA","provincia":"CAMANA","distrito":"SAMUEL PASTOR"},"geometry":{"type":"Point","coordinates":[-72.69862998999997,-16.61348757999997]}},{"type":"Feature","properties":{"cod_regpol":"03R1","regionpol":"AREQUIPA","cod_cpnp":"4198","comisaria":"CPNP CARAVELI","tipo":"E","categoria":"AREQUIPA","cod_uni":"218916","cod_divpol":"03R1A","divpol":"DIVOPUS AREQUIPA","departamento":"AREQUIPA","provincia":"CARAVELI","distrito":"CARAVELI"},"geometry":{"type":"Point","coordinates":[-73.36795874999996,-15.77404139999993]}},{"type":"Feature","properties":{"cod_regpol":"03R1","regionpol":"AREQUIPA","cod_cpnp":"4202","comisaria":"CPNP ACARI","tipo":"C","categoria":"AREQUIPA","cod_uni":"218925","cod_divpol":"03R1A","divpol":"DIVOPUS AREQUIPA","departamento":"AREQUIPA","provincia":"CARAVELI","distrito":"ACARI"},"geometry":{"type":"Point","coordinates":[-74.61726368999996,-15.436134759999959]}},{"type":"Feature","properties":{"cod_regpol":"03R1","regionpol":"AREQUIPA","cod_cpnp":"4208","comisaria":"CPNP BELLA UNION","tipo":"D","categoria":"AREQUIPA","cod_uni":"218931","cod_divpol":"03R1A","divpol":"DIVOPUS AREQUIPA","departamento":"AREQUIPA","provincia":"CARAVELI","distrito":"BELLA UNION"},"geometry":{"type":"Point","coordinates":[-74.65600390999998,-15.450423359999945]}},{"type":"Feature","properties":{"cod_regpol":"03R1","regionpol":"AREQUIPA","cod_cpnp":"4200","comisaria":"CPNP CHALA","tipo":"B","categoria":"AREQUIPA","cod_uni":"218922","cod_divpol":"03R1A","divpol":"DIVOPUS AREQUIPA","departamento":"AREQUIPA","provincia":"CARAVELI","distrito":"CHALA"},"geometry":{"type":"Point","coordinates":[-74.24699163999998,-15.86630458999997]}},{"type":"Feature","properties":{"cod_regpol":"03R1","regionpol":"AREQUIPA","cod_cpnp":"4130","comisaria":"CPNP LA CURVA","tipo":"D","categoria":"AREQUIPA","cod_uni":"218873","cod_divpol":"03R1A","divpol":"DIVOPUS AREQUIPA","departamento":"AREQUIPA","provincia":"ISLAY","distrito":"DEAN VALDIVIA"},"geometry":{"type":"Point","coordinates":[-71.82138519999995,-17.14399973099995]}},{"type":"Feature","properties":{"cod_regpol":"03R1","regionpol":"AREQUIPA","cod_cpnp":"4138","comisaria":"CPNP EL ARENAL","tipo":"D","categoria":"AREQUIPA","cod_uni":"218875","cod_divpol":"03R1A","divpol":"DIVOPUS AREQUIPA","departamento":"AREQUIPA","provincia":"ISLAY","distrito":"DEAN VALDIVIA"},"geometry":{"type":"Point","coordinates":[-71.79599193899998,-17.121043319999956]}},{"type":"Feature","properties":{"cod_regpol":"03R1","regionpol":"AREQUIPA","cod_cpnp":"4206","comisaria":"CPNP JAQUI","tipo":"C","categoria":"AREQUIPA","cod_uni":"218928","cod_divpol":"03R1A","divpol":"DIVOPUS AREQUIPA","departamento":"AREQUIPA","provincia":"CARAVELI","distrito":"JAQUI"},"geometry":{"type":"Point","coordinates":[-74.44317686999995,-15.47850649999998]}},{"type":"Feature","properties":{"cod_regpol":"03R1","regionpol":"AREQUIPA","cod_cpnp":"4132","comisaria":"CPNP MEJIA","tipo":"D","categoria":"AREQUIPA","cod_uni":"224401","cod_divpol":"03R1A","divpol":"DIVOPUS AREQUIPA","departamento":"AREQUIPA","provincia":"ISLAY","distrito":"MEJIA"},"geometry":{"type":"Point","coordinates":[-71.90625348899994,-17.10176869999998]}},{"type":"Feature","properties":{"cod_regpol":"03R1","regionpol":"AREQUIPA","cod_cpnp":"4210","comisaria":"CPNP LOMAS","tipo":"D","categoria":"AREQUIPA","cod_uni":"218932","cod_divpol":"03R1A","divpol":"DIVOPUS AREQUIPA","departamento":"AREQUIPA","provincia":"CARAVELI","distrito":"LOMAS"},"geometry":{"type":"Point","coordinates":[-74.85095782999997,-15.569628998999974]}},{"type":"Feature","properties":{"cod_regpol":"03R1","regionpol":"AREQUIPA","cod_cpnp":"4212","comisaria":"CPNP YAUCA","tipo":"C","categoria":"AREQUIPA","cod_uni":"218933","cod_divpol":"03R1A","divpol":"DIVOPUS AREQUIPA","departamento":"AREQUIPA","provincia":"CARAVELI","distrito":"YAUCA"},"geometry":{"type":"Point","coordinates":[-74.52762902999996,-15.66238962999995]}},{"type":"Feature","properties":{"cod_regpol":"03R1","regionpol":"AREQUIPA","cod_cpnp":"4184","comisaria":"CPNP ANDAGUA","tipo":"E","categoria":"AREQUIPA","cod_uni":"218947","cod_divpol":"03R1A","divpol":"DIVOPUS AREQUIPA","departamento":"AREQUIPA","provincia":"CASTILLA","distrito":"ANDAGUA"},"geometry":{"type":"Point","coordinates":[-72.35648589999994,-15.498608109999964]}},{"type":"Feature","properties":{"cod_regpol":"03R1","regionpol":"AREQUIPA","cod_cpnp":"4180","comisaria":"CPNP PAMPACOLCA","tipo":"D","categoria":"AREQUIPA","cod_uni":"218945","cod_divpol":"03R1A","divpol":"DIVOPUS AREQUIPA","departamento":"AREQUIPA","provincia":"CASTILLA","distrito":"PAMPACOLCA"},"geometry":{"type":"Point","coordinates":[-72.57313172099998,-15.71472886999993]}},{"type":"Feature","properties":{"cod_regpol":"03R1","regionpol":"AREQUIPA","cod_cpnp":"4176","comisaria":"CPNP VIRACO","tipo":"D","categoria":"AREQUIPA","cod_uni":"218943","cod_divpol":"03R1A","divpol":"DIVOPUS AREQUIPA","departamento":"AREQUIPA","provincia":"CASTILLA","distrito":"VIRACO"},"geometry":{"type":"Point","coordinates":[-72.52477459999994,-15.658468229999926]}},{"type":"Feature","properties":{"cod_regpol":"03R1","regionpol":"AREQUIPA","cod_cpnp":"4020","comisaria":"CPNP CHIVAY CAYLLOMA","tipo":"B","categoria":"AREQUIPA","cod_uni":"218958","cod_divpol":"03R1A","divpol":"DIVOPUS AREQUIPA","departamento":"AREQUIPA","provincia":"CAYLLOMA","distrito":"CHIVAY"},"geometry":{"type":"Point","coordinates":[-71.60172460999996,-15.636939449999943]}},{"type":"Feature","properties":{"cod_regpol":"03R1","regionpol":"AREQUIPA","cod_cpnp":"4048","comisaria":"CPNP CABANACONDE","tipo":"D","categoria":"AREQUIPA","cod_uni":"218964","cod_divpol":"03R1A","divpol":"DIVOPUS AREQUIPA","departamento":"AREQUIPA","provincia":"CAYLLOMA","distrito":"CABANACONDE"},"geometry":{"type":"Point","coordinates":[-71.98046064999994,-15.622644879999939]}},{"type":"Feature","properties":{"cod_regpol":"03R1","regionpol":"AREQUIPA","cod_cpnp":"4054","comisaria":"CPNP MINAS MADRIGAL","tipo":"D","categoria":"AREQUIPA","cod_uni":"218967","cod_divpol":"03R1A","divpol":"DIVOPUS AREQUIPA","departamento":"AREQUIPA","provincia":"CAYLLOMA","distrito":"MADRIGAL"},"geometry":{"type":"Point","coordinates":[-71.80721537999995,-15.608268798999973]}},{"type":"Feature","properties":{"cod_regpol":"03R1","regionpol":"AREQUIPA","cod_cpnp":"4052","comisaria":"CPNP SIBAYO","tipo":"D","categoria":"AREQUIPA","cod_uni":"218966","cod_divpol":"03R1A","divpol":"DIVOPUS AREQUIPA","departamento":"AREQUIPA","provincia":"CAYLLOMA","distrito":"SIBAYO"},"geometry":{"type":"Point","coordinates":[-71.46466364099996,-15.492970089999972]}},{"type":"Feature","properties":{"cod_regpol":"03R1","regionpol":"AREQUIPA","cod_cpnp":"4136","comisaria":"CPNP PUNTA DE BOMBON","tipo":"D","categoria":"AREQUIPA","cod_uni":"218874","cod_divpol":"03R1A","divpol":"DIVOPUS AREQUIPA","departamento":"AREQUIPA","provincia":"ISLAY","distrito":"PUNTA DE BOMBON"},"geometry":{"type":"Point","coordinates":[-71.79037530999994,-17.171871279999948]}},{"type":"Feature","properties":{"cod_regpol":"03R1","regionpol":"AREQUIPA","cod_cpnp":"4230","comisaria":"CPNP COTAHUASI","tipo":"C","categoria":"AREQUIPA","cod_uni":"218953","cod_divpol":"03R1A","divpol":"DIVOPUS AREQUIPA","departamento":"AREQUIPA","provincia":"LA UNION","distrito":"COTAHUASI"},"geometry":{"type":"Point","coordinates":[-72.89054161999996,-15.211757518999946]}},{"type":"Feature","properties":{"cod_regpol":"03R1","regionpol":"AREQUIPA","cod_cpnp":"4232","comisaria":"CPNP ALCA","tipo":"E","categoria":"AREQUIPA","cod_uni":"218956","cod_divpol":"03R1A","divpol":"DIVOPUS AREQUIPA","departamento":"AREQUIPA","provincia":"LA UNION","distrito":"ALCA"},"geometry":{"type":"Point","coordinates":[-72.76455439999995,-15.134790339999938]}},{"type":"Feature","properties":{"cod_regpol":"23R1","regionpol":"FRENTE POLICIAL VRAEM","cod_cpnp":"7515","comisaria":"CPNP SAN MIGUEL - LA MAR","tipo":"A","categoria":"AYACUCHO","cod_uni":"222667","cod_divpol":"23R1B","divpol":"DIVPOL HUANTA","departamento":"AYACUCHO","provincia":"LA MAR","distrito":"SAN MIGUEL"},"geometry":{"type":"Point","coordinates":[-73.98046537199997,-13.013625092999973]}},{"type":"Feature","properties":{"cod_regpol":"23R1","regionpol":"FRENTE POLICIAL VRAEM","cod_cpnp":"7520","comisaria":"CPNP SAN FRANCISCO","tipo":"B","categoria":"AYACUCHO","cod_uni":"220689","cod_divpol":"23R1A","divpol":"DIVOPUS VRAEM","departamento":"AYACUCHO","provincia":"LA MAR","distrito":"AYNA"},"geometry":{"type":"Point","coordinates":[-73.78912778999995,-12.624187135999932]}},{"type":"Feature","properties":{"cod_regpol":"23R1","regionpol":"FRENTE POLICIAL VRAEM","cod_cpnp":"7543","comisaria":"CPNP SANTA ROSA","tipo":"D","categoria":"AYACUCHO","cod_uni":"220698","cod_divpol":"23R1A","divpol":"DIVOPUS VRAEM","departamento":"AYACUCHO","provincia":"LA MAR","distrito":"SANTA ROSA"},"geometry":{"type":"Point","coordinates":[-73.73740305999996,-12.689434759999926]}},{"type":"Feature","properties":{"cod_regpol":"05R1","regionpol":"CAJAMARCA","cod_cpnp":"5080","comisaria":"CPNP SAN PABLO","tipo":"C","categoria":"CAJAMARCA","cod_uni":"223243","cod_divpol":"05R1B","divpol":"DIVOPUS CAJAMARCA","departamento":"CAJAMARCA","provincia":"SAN PABLO","distrito":"SAN PABLO"},"geometry":{"type":"Point","coordinates":[-78.82433830999997,-7.117504829999973]}},{"type":"Feature","properties":{"cod_regpol":"05R1","regionpol":"CAJAMARCA","cod_cpnp":"5034","comisaria":"CPNP CHILETE","tipo":"D","categoria":"CAJAMARCA","cod_uni":"223278","cod_divpol":"05R1B","divpol":"DIVOPUS CAJAMARCA","departamento":"CAJAMARCA","provincia":"CONTUMAZA","distrito":"CHILETE"},"geometry":{"type":"Point","coordinates":[-78.83893030999997,-7.221738879999975]}},{"type":"Feature","properties":{"cod_regpol":"05R1","regionpol":"CAJAMARCA","cod_cpnp":"5140","comisaria":"CPNP BAMBAMARCA","tipo":"B","categoria":"CAJAMARCA","cod_uni":"223316","cod_divpol":"05R1B","divpol":"DIVOPUS CAJAMARCA","departamento":"CAJAMARCA","provincia":"HUALGAYOC","distrito":"BAMBAMARCA"},"geometry":{"type":"Point","coordinates":[-78.51771220999996,-6.678147359999969]}},{"type":"Feature","properties":{"cod_regpol":"05R1","regionpol":"CAJAMARCA","cod_cpnp":"5142","comisaria":"CPNP LLAUCAN","tipo":"E","categoria":"CAJAMARCA","cod_uni":"223320","cod_divpol":"05R1B","divpol":"DIVOPUS CAJAMARCA","departamento":"CAJAMARCA","provincia":"HUALGAYOC","distrito":"BAMBAMARCA"},"geometry":{"type":"Point","coordinates":[-78.52949699999994,-6.746302999999955]}},{"type":"Feature","properties":{"cod_regpol":"05R1","regionpol":"CAJAMARCA","cod_cpnp":"5075","comisaria":"CPNP SAN MIGUEL","tipo":"B","categoria":"CAJAMARCA","cod_uni":"223240","cod_divpol":"05R1B","divpol":"DIVOPUS CAJAMARCA","departamento":"CAJAMARCA","provincia":"SAN MIGUEL","distrito":"SAN MIGUEL"},"geometry":{"type":"Point","coordinates":[-78.85128309999999,-7.000184919999981]}},{"type":"Feature","properties":{"cod_regpol":"07R1","regionpol":"CUSCO","cod_cpnp":"3630","comisaria":"CPNP YANAOCA","tipo":"D","categoria":"CUSCO","cod_uni":"218280","cod_divpol":"07R1C","divpol":"DIVOPUS SICUANI","departamento":"CUSCO","provincia":"CANAS","distrito":"YANAOCA"},"geometry":{"type":"Point","coordinates":[-71.43207999999998,-14.214754999999968]}},{"type":"Feature","properties":{"cod_regpol":"23R1","regionpol":"FRENTE POLICIAL VRAEM","cod_cpnp":"7550","comisaria":"CPNP PICHARI","tipo":"B","categoria":"CUSCO","cod_uni":"222637","cod_divpol":"23R1A","divpol":"DIVOPUS VRAEM","departamento":"CUSCO","provincia":"LA CONVENCION","distrito":"PICHARI"},"geometry":{"type":"Point","coordinates":[-73.82873454599996,-12.523218375999932]}},{"type":"Feature","properties":{"cod_regpol":"23R1","regionpol":"FRENTE POLICIAL VRAEM","cod_cpnp":"7553","comisaria":"CPNP NATIVIDAD","tipo":"C","categoria":"CUSCO","cod_uni":"220686","cod_divpol":"23R1A","divpol":"DIVOPUS VRAEM","departamento":"CUSCO","provincia":"LA CONVENCION","distrito":"PICHARI"},"geometry":{"type":"Point","coordinates":[-73.95707800099996,-12.25757299999998]}},{"type":"Feature","properties":{"cod_regpol":"23R1","regionpol":"FRENTE POLICIAL VRAEM","cod_cpnp":"3277","comisaria":"CPNP CHURCAMPA","tipo":"B","categoria":"HUANCAVELICA","cod_uni":"222670","cod_divpol":"23R1B","divpol":"DIVPOL HUANTA","departamento":"HUANCAVELICA","provincia":"CHURCAMPA","distrito":"CHURCAMPA"},"geometry":{"type":"Point","coordinates":[-74.38633545999994,-12.739737859999934]}},{"type":"Feature","properties":{"cod_regpol":"23R1","regionpol":"FRENTE POLICIAL VRAEM","cod_cpnp":"7530","comisaria":"CPNP PAMPAS TAYACAJA","tipo":"A","categoria":"HUANCAVELICA","cod_uni":"222640","cod_divpol":"23R1A","divpol":"DIVOPUS VRAEM","departamento":"HUANCAVELICA","provincia":"TAYACAJA","distrito":"PAMPAS"},"geometry":{"type":"Point","coordinates":[-74.86902652999999,-12.397861649999982]}},{"type":"Feature","properties":{"cod_regpol":"16R1","regionpol":"PIURA","cod_cpnp":"0635","comisaria":"CPNP CUCUNGARA","tipo":"D","categoria":"PIURA","cod_uni":"216079","cod_divpol":"16R1B","divpol":"DIVOPUS PIURA","departamento":"PIURA","provincia":"PIURA","distrito":"CURA MORI"},"geometry":{"type":"Point","coordinates":[-80.66488714099995,-5.324635039999976]}},{"type":"Feature","properties":{"cod_regpol":"11R1","regionpol":"LA LIBERTAD","cod_cpnp":"1275","comisaria":"CPNP BOLIVAR","tipo":"E","categoria":"LA LIBERTAD","cod_uni":"225922","cod_divpol":"11R1C","divpol":"DIVPOL HUAMACHUCO","departamento":"LA LIBERTAD","provincia":"BOLIVAR","distrito":"BOLIVAR"},"geometry":{"type":"Point","coordinates":[-77.70321980999995,-7.153779530999941]}},{"type":"Feature","properties":{"cod_regpol":"12R1","regionpol":"LAMBAYEQUE","cod_cpnp":"0854","comisaria":"CPNP CIUDAD ETEN","tipo":"D","categoria":"LAMBAYEQUE","cod_uni":"216478","cod_divpol":"12R1A","divpol":"DIVOPUS LAMBAYEQUE","departamento":"LAMBAYEQUE","provincia":"CHICLAYO","distrito":"ETEN"},"geometry":{"type":"Point","coordinates":[-79.86165936999998,-6.907220479999978]}},{"type":"Feature","properties":{"cod_regpol":"12R1","regionpol":"LAMBAYEQUE","cod_cpnp":"0863","comisaria":"CPNP MOCUPE","tipo":"C","categoria":"LAMBAYEQUE","cod_uni":"216483","cod_divpol":"12R1A","divpol":"DIVOPUS LAMBAYEQUE","departamento":"LAMBAYEQUE","provincia":"CHICLAYO","distrito":"LAGUNAS"},"geometry":{"type":"Point","coordinates":[-79.62200408099994,-6.99077361999997]}},{"type":"Feature","properties":{"cod_regpol":"11R1","regionpol":"LA LIBERTAD","cod_cpnp":"1281","comisaria":"CPNP TAYABAMBA PATAZ","tipo":"C","categoria":"LA LIBERTAD","cod_uni":"225914","cod_divpol":"11R1C","divpol":"DIVPOL HUAMACHUCO","departamento":"LA LIBERTAD","provincia":"PATAZ","distrito":"TAYABAMBA"},"geometry":{"type":"Point","coordinates":[-77.30512699999997,-8.296242999999947]}},{"type":"Feature","properties":{"cod_regpol":"12R1","regionpol":"LAMBAYEQUE","cod_cpnp":"0910","comisaria":"CPNP PAMPA GRANDE","tipo":"D","categoria":"LAMBAYEQUE","cod_uni":"216501","cod_divpol":"12R1A","divpol":"DIVOPUS LAMBAYEQUE","departamento":"LAMBAYEQUE","provincia":"CHICLAYO","distrito":"CHONGOYAPE"},"geometry":{"type":"Point","coordinates":[-79.47916164999998,-6.7460424699999635]}},{"type":"Feature","properties":{"cod_regpol":"12R1","regionpol":"LAMBAYEQUE","cod_cpnp":"0922","comisaria":"CPNP CHONGOYAPE","tipo":"C","categoria":"LAMBAYEQUE","cod_uni":"221622","cod_divpol":"12R1A","divpol":"DIVOPUS LAMBAYEQUE","departamento":"LAMBAYEQUE","provincia":"CHICLAYO","distrito":"CHONGOYAPE"},"geometry":{"type":"Point","coordinates":[-79.39419428999997,-6.63659593999995]}},{"type":"Feature","properties":{"cod_regpol":"12R1","regionpol":"LAMBAYEQUE","cod_cpnp":"0878","comisaria":"CPNP NUEVA ARICA","tipo":"D","categoria":"LAMBAYEQUE","cod_uni":"216488","cod_divpol":"12R1A","divpol":"DIVOPUS LAMBAYEQUE","departamento":"LAMBAYEQUE","provincia":"CHICLAYO","distrito":"NUEVA ARICA"},"geometry":{"type":"Point","coordinates":[-79.34384128999994,-6.8742560299999695]}},{"type":"Feature","properties":{"cod_regpol":"13R1","regionpol":"LIMA NORTE","cod_cpnp":"2370","comisaria":"CPNP PATIVILCA","tipo":"B","categoria":"PROVINCIA","cod_uni":"225842","cod_divpol":"13R1A","divpol":"DIVPOL BARRANCA","departamento":"LIMA","provincia":"BARRANCA","distrito":"PATIVILCA"},"geometry":{"type":"Point","coordinates":[-77.77822010799997,-10.695919506999928]}},{"type":"Feature","properties":{"cod_regpol":"12R1","regionpol":"LAMBAYEQUE","cod_cpnp":"0869","comisaria":"CPNP OYOTUN","tipo":"D","categoria":"LAMBAYEQUE","cod_uni":"216487","cod_divpol":"12R1A","divpol":"DIVOPUS LAMBAYEQUE","departamento":"LAMBAYEQUE","provincia":"CHICLAYO","distrito":"OYOTUN"},"geometry":{"type":"Point","coordinates":[-79.30194351999995,-6.8464345399999615]}},{"type":"Feature","properties":{"cod_regpol":"12R1","regionpol":"LAMBAYEQUE","cod_cpnp":"0988","comisaria":"CPNP PICSI","tipo":"C","categoria":"LAMBAYEQUE","cod_uni":"216523","cod_divpol":"12R1A","divpol":"DIVOPUS LAMBAYEQUE","departamento":"LAMBAYEQUE","provincia":"CHICLAYO","distrito":"PICSI"},"geometry":{"type":"Point","coordinates":[-79.77079464999997,-6.714689979999946]}},{"type":"Feature","properties":{"cod_regpol":"12R1","regionpol":"LAMBAYEQUE","cod_cpnp":"0866","comisaria":"CPNP ZAÑA","tipo":"D","categoria":"LAMBAYEQUE","cod_uni":"216486","cod_divpol":"12R1A","divpol":"DIVOPUS LAMBAYEQUE","departamento":"LAMBAYEQUE","provincia":"CHICLAYO","distrito":"SAÑA"},"geometry":{"type":"Point","coordinates":[-79.58301499999999,-6.923759999999959]}},{"type":"Feature","properties":{"cod_regpol":"12R1","regionpol":"LAMBAYEQUE","cod_cpnp":"0916","comisaria":"CPNP SALTUR","tipo":"C","categoria":"LAMBAYEQUE","cod_uni":"216505","cod_divpol":"12R1A","divpol":"DIVOPUS LAMBAYEQUE","departamento":"LAMBAYEQUE","provincia":"CHICLAYO","distrito":"SAÑA"},"geometry":{"type":"Point","coordinates":[-79.64041277999996,-6.8117833999999675]}},{"type":"Feature","properties":{"cod_regpol":"12R1","regionpol":"LAMBAYEQUE","cod_cpnp":"0860","comisaria":"CPNP CAYALTI","tipo":"B","categoria":"LAMBAYEQUE","cod_uni":"216480","cod_divpol":"12R1A","divpol":"DIVOPUS LAMBAYEQUE","departamento":"LAMBAYEQUE","provincia":"CHICLAYO","distrito":"CAYALTI"},"geometry":{"type":"Point","coordinates":[-79.56137573899997,-6.891448419999961]}},{"type":"Feature","properties":{"cod_regpol":"12R1","regionpol":"LAMBAYEQUE","cod_cpnp":"0913","comisaria":"CPNP PATAPO","tipo":"C","categoria":"LAMBAYEQUE","cod_uni":"216502","cod_divpol":"12R1A","divpol":"DIVOPUS LAMBAYEQUE","departamento":"LAMBAYEQUE","provincia":"CHICLAYO","distrito":"PATAPO"},"geometry":{"type":"Point","coordinates":[-79.64038216999995,-6.737737949999939]}},{"type":"Feature","properties":{"cod_regpol":"12R1","regionpol":"LAMBAYEQUE","cod_cpnp":"0898","comisaria":"CPNP POSOPE ALTO","tipo":"C","categoria":"LAMBAYEQUE","cod_uni":"216492","cod_divpol":"12R1A","divpol":"DIVOPUS LAMBAYEQUE","departamento":"LAMBAYEQUE","provincia":"CHICLAYO","distrito":"PATAPO"},"geometry":{"type":"Point","coordinates":[-79.63468426999998,-6.7351922699999704]}},{"type":"Feature","properties":{"cod_regpol":"12R1","regionpol":"LAMBAYEQUE","cod_cpnp":"0907","comisaria":"CPNP PUCALA","tipo":"C","categoria":"LAMBAYEQUE","cod_uni":"216498","cod_divpol":"12R1A","divpol":"DIVOPUS LAMBAYEQUE","departamento":"LAMBAYEQUE","provincia":"CHICLAYO","distrito":"PUCALA"},"geometry":{"type":"Point","coordinates":[-79.61087919999994,-6.780160299999977]}},{"type":"Feature","properties":{"cod_regpol":"12R1","regionpol":"LAMBAYEQUE","cod_cpnp":"0949","comisaria":"CPNP SAN JOSE","tipo":"D","categoria":"LAMBAYEQUE","cod_uni":"221639","cod_divpol":"12R1A","divpol":"DIVOPUS LAMBAYEQUE","departamento":"LAMBAYEQUE","provincia":"LAMBAYEQUE","distrito":"SAN JOSE"},"geometry":{"type":"Point","coordinates":[-79.96851657999997,-6.768294949999927]}},{"type":"Feature","properties":{"cod_regpol":"16R1","regionpol":"PIURA","cod_cpnp":"0767","comisaria":"CPNP SAN LUCAS DE COLAN","tipo":"D","categoria":"PIURA","cod_uni":"216223","cod_divpol":"16R1A","divpol":"DIVOPUS SULLANA","departamento":"PIURA","provincia":"PAITA","distrito":"COLAN"},"geometry":{"type":"Point","coordinates":[-81.05667253999997,-5.00698583999997]}},{"type":"Feature","properties":{"cod_regpol":"16R1","regionpol":"PIURA","cod_cpnp":"0766","comisaria":"CPNP PUEBLO NUEVO DE COLAN","tipo":"D","categoria":"PIURA","cod_uni":"216222","cod_divpol":"16R1A","divpol":"DIVOPUS SULLANA","departamento":"PIURA","provincia":"PAITA","distrito":"COLAN"},"geometry":{"type":"Point","coordinates":[-81.05745130999998,-4.9066985499999305]}},{"type":"Feature","properties":{"cod_regpol":"16R1","regionpol":"PIURA","cod_cpnp":"0768","comisaria":"CPNP VICHAYAL","tipo":"D","categoria":"PIURA","cod_uni":"216224","cod_divpol":"16R1A","divpol":"DIVOPUS SULLANA","departamento":"PIURA","provincia":"PAITA","distrito":"VICHAYAL"},"geometry":{"type":"Point","coordinates":[-81.07221413999997,-4.8644908699999405]}},{"type":"Feature","properties":{"cod_regpol":"13R1","regionpol":"LIMA CENTRO","cod_cpnp":"1895","comisaria":"CPNP CANTA","tipo":"B","categoria":"LIMAMETRO","cod_uni":"219743","cod_divpol":"13R1D","divpol":"DIVPOL NORTE 1","departamento":"LIMA","provincia":"CANTA","distrito":"CANTA"},"geometry":{"type":"Point","coordinates":[-76.62435455699995,-11.469067623999933]}},{"type":"Feature","properties":{"cod_regpol":"16R1","regionpol":"PIURA","cod_cpnp":"0714","comisaria":"CPNP SAN JACINTO","tipo":"D","categoria":"PIURA","cod_uni":"216214","cod_divpol":"16R1A","divpol":"DIVOPUS SULLANA","departamento":"PIURA","provincia":"SULLANA","distrito":"IGNACIO ESCUDERO"},"geometry":{"type":"Point","coordinates":[-80.87364859999997,-4.847498769999959]}},{"type":"Feature","properties":{"cod_regpol":"16R1","regionpol":"PIURA","cod_cpnp":"0717","comisaria":"CPNP MIGUEL CHECA","tipo":"D","categoria":"PIURA","cod_uni":"216212","cod_divpol":"16R1A","divpol":"DIVOPUS SULLANA","departamento":"PIURA","provincia":"SULLANA","distrito":"MIGUEL CHECA"},"geometry":{"type":"Point","coordinates":[-80.81486545999996,-4.901662119999969]}},{"type":"Feature","properties":{"cod_regpol":"16R1","regionpol":"PIURA","cod_cpnp":"0784","comisaria":"CPNP EL ALTO","tipo":"D","categoria":"PIURA","cod_uni":"216241","cod_divpol":"16R1A","divpol":"DIVOPUS SULLANA","departamento":"PIURA","provincia":"TALARA","distrito":"EL ALTO"},"geometry":{"type":"Point","coordinates":[-81.21305499999994,-4.2669719989999635]}},{"type":"Feature","properties":{"cod_regpol":"19R2","regionpol":"SAN MARTIN","cod_cpnp":"1332","comisaria":"CPNP SAUCE","tipo":"D","categoria":"SAN MARTIN","cod_uni":"221899","cod_divpol":"19R2B","divpol":"DIVOPUS TARAPOTO","departamento":"SAN MARTIN","provincia":"SAN MARTIN","distrito":"SAUCE"},"geometry":{"type":"Point","coordinates":[-76.21455221999997,-6.691273369999976]}},{"type":"Feature","properties":{"cod_regpol":"20R1","regionpol":"MOQUEGUA","cod_cpnp":"4261","comisaria":"CPNP OMATE - GENERAL SANCHEZ CERRO","tipo":"B","categoria":"MOQUEGUA","cod_uni":"222518","cod_divpol":"20R1A","divpol":"DIVOPUS MOQUEGUA","departamento":"MOQUEGUA","provincia":"GENERAL SANCHEZ CERRO","distrito":"OMATE"},"geometry":{"type":"Point","coordinates":[-70.97276076999998,-16.672771169999976]}},{"type":"Feature","properties":{"cod_regpol":"14R1","regionpol":"LORETO","cod_cpnp":"1600","comisaria":"CPNP NAUTA","tipo":"B","categoria":"LORETO","cod_uni":"221702","cod_divpol":"14R1A","divpol":"DIVOPUS LORETO","departamento":"LORETO","provincia":"LORETO","distrito":"NAUTA"},"geometry":{"type":"Point","coordinates":[-73.57563443999999,-4.506767249999939]}},{"type":"Feature","properties":{"cod_regpol":"14R1","regionpol":"LORETO","cod_cpnp":"1610","comisaria":"CPNP SILVA MERINO","tipo":"E","categoria":"LORETO","cod_uni":"221705","cod_divpol":"14R1A","divpol":"DIVOPUS LORETO","departamento":"LORETO","provincia":"LORETO","distrito":"NAUTA"},"geometry":{"type":"Point","coordinates":[-73.90544310999996,-4.51270470999998]}},{"type":"Feature","properties":{"cod_regpol":"14R1","regionpol":"LORETO","cod_cpnp":"1642","comisaria":"CPNP GENARO HERRERA","tipo":"D","categoria":"LORETO","cod_uni":"221717","cod_divpol":"14R1A","divpol":"DIVOPUS LORETO","departamento":"LORETO","provincia":"REQUENA","distrito":"JENARO HERRERA"},"geometry":{"type":"Point","coordinates":[-73.67160167999998,-4.902774079999972]}},{"type":"Feature","properties":{"cod_regpol":"20R1","regionpol":"MOQUEGUA","cod_cpnp":"4254","comisaria":"CPNP SAN CRISTOBAL - CALACOA","tipo":"D","categoria":"MOQUEGUA","cod_uni":"222514","cod_divpol":"20R1A","divpol":"DIVOPUS MOQUEGUA","departamento":"MOQUEGUA","provincia":"MARISCAL NIETO","distrito":"SAN CRISTOBAL"},"geometry":{"type":"Point","coordinates":[-70.68338879999999,-16.739118539999936]}},{"type":"Feature","properties":{"cod_regpol":"08R2","regionpol":"PASCO","cod_cpnp":"5614","comisaria":"CPNP HUARIACA","tipo":"C","categoria":"PASCO","cod_uni":"221784","cod_divpol":"08R2A","divpol":"DIVOPUS PASCO","departamento":"PASCO","provincia":"PASCO","distrito":"HUARIACA"},"geometry":{"type":"Point","coordinates":[-76.18645666099997,-10.444945109999935]}},{"type":"Feature","properties":{"cod_regpol":"20R1","regionpol":"MOQUEGUA","cod_cpnp":"4262","comisaria":"CPNP PUQUINA","tipo":"D","categoria":"MOQUEGUA","cod_uni":"222522","cod_divpol":"20R1A","divpol":"DIVOPUS MOQUEGUA","departamento":"MOQUEGUA","provincia":"GENERAL SANCHEZ CERRO","distrito":"PUQUINA"},"geometry":{"type":"Point","coordinates":[-71.18422372999999,-16.62602230999994]}},{"type":"Feature","properties":{"cod_regpol":"08R2","regionpol":"PASCO","cod_cpnp":"5606","comisaria":"CPNP COCHAMARCA","tipo":"C","categoria":"PASCO","cod_uni":"221767","cod_divpol":"08R2A","divpol":"DIVOPUS PASCO","departamento":"PASCO","provincia":"PASCO","distrito":"VICCO"},"geometry":{"type":"Point","coordinates":[-76.29378403999993,-10.879242089999934]}},{"type":"Feature","properties":{"cod_regpol":"08R2","regionpol":"PASCO","cod_cpnp":"5634","comisaria":"CPNP CHACAYAN","tipo":"D","categoria":"PASCO","cod_uni":"221793","cod_divpol":"08R2A","divpol":"DIVOPUS PASCO","departamento":"PASCO","provincia":"DANIEL ALCIDES CARRION","distrito":"CHACAYAN"},"geometry":{"type":"Point","coordinates":[-76.43757706999997,-10.43378506099998]}},{"type":"Feature","properties":{"cod_regpol":"08R2","regionpol":"PASCO","cod_cpnp":"5636","comisaria":"CPNP PAUCAR","tipo":"D","categoria":"PASCO","cod_uni":"221794","cod_divpol":"08R2A","divpol":"DIVOPUS PASCO","departamento":"PASCO","provincia":"DANIEL ALCIDES CARRION","distrito":"PAUCAR"},"geometry":{"type":"Point","coordinates":[-76.44327118999996,-10.370906729999945]}},{"type":"Feature","properties":{"cod_regpol":"08R1","regionpol":"HUANUCO","cod_cpnp":"8050","comisaria":"CPNP OXAPAMPA","tipo":"A","categoria":"PASCO","cod_uni":"220618","cod_divpol":"17R1A","divpol":"DIVOPUS PUERTO INCA","departamento":"PASCO","provincia":"OXAPAMPA","distrito":"OXAPAMPA"},"geometry":{"type":"Point","coordinates":[-75.40268126999996,-10.576318958999934]}},{"type":"Feature","properties":{"cod_regpol":"08R1","regionpol":"HUANUCO","cod_cpnp":"3155","comisaria":"CPNP VILLA RICA","tipo":"C","categoria":"PASCO","cod_uni":"220621","cod_divpol":"17R1A","divpol":"DIVOPUS PUERTO INCA","departamento":"PASCO","provincia":"OXAPAMPA","distrito":"VILLA RICA"},"geometry":{"type":"Point","coordinates":[-75.26921380099998,-10.737741749999941]}},{"type":"Feature","properties":{"cod_regpol":"16R1","regionpol":"PIURA","cod_cpnp":"0683","comisaria":"CPNP HUANCABAMBA","tipo":"A","categoria":"PIURA","cod_uni":"216110","cod_divpol":"16R1B","divpol":"DIVOPUS PIURA","departamento":"PIURA","provincia":"HUANCABAMBA","distrito":"HUANCABAMBA"},"geometry":{"type":"Point","coordinates":[-79.45303849999993,-5.236296559999971]}},{"type":"Feature","properties":{"cod_regpol":"16R1","regionpol":"PIURA","cod_cpnp":"0662","comisaria":"CPNP BUENOS AIRES","tipo":"D","categoria":"PIURA","cod_uni":"216096","cod_divpol":"16R1B","divpol":"DIVOPUS PIURA","departamento":"PIURA","provincia":"MORROPON","distrito":"BUENOS AIRES"},"geometry":{"type":"Point","coordinates":[-79.96732688999998,-5.261621859999934]}},{"type":"Feature","properties":{"cod_regpol":"16R1","regionpol":"PIURA","cod_cpnp":"0655","comisaria":"CPNP MORROPON","tipo":"A","categoria":"PIURA","cod_uni":"216091","cod_divpol":"16R1B","divpol":"DIVOPUS PIURA","departamento":"PIURA","provincia":"MORROPON","distrito":"MORROPON"},"geometry":{"type":"Point","coordinates":[-79.97130821999997,-5.18871095999998]}},{"type":"Feature","properties":{"cod_regpol":"16R1","regionpol":"PIURA","cod_cpnp":"0764","comisaria":"CPNP AMOTAPE","tipo":"D","categoria":"PIURA","cod_uni":"216221","cod_divpol":"16R1A","divpol":"DIVOPUS SULLANA","departamento":"PIURA","provincia":"PAITA","distrito":"AMOTAPE"},"geometry":{"type":"Point","coordinates":[-81.01596982999996,-4.8805543099999795]}},{"type":"Feature","properties":{"cod_regpol":"16R1","regionpol":"PIURA","cod_cpnp":"0770","comisaria":"CPNP LA HUACA","tipo":"D","categoria":"PIURA","cod_uni":"216225","cod_divpol":"16R1A","divpol":"DIVOPUS SULLANA","departamento":"PIURA","provincia":"PAITA","distrito":"LA HUACA"},"geometry":{"type":"Point","coordinates":[-80.96063167999995,-4.913342169999964]}},{"type":"Feature","properties":{"cod_regpol":"16R1","regionpol":"PIURA","cod_cpnp":"0772","comisaria":"CPNP TAMARINDO","tipo":"D","categoria":"PIURA","cod_uni":"216226","cod_divpol":"16R1A","divpol":"DIVOPUS SULLANA","departamento":"PIURA","provincia":"PAITA","distrito":"TAMARINDO"},"geometry":{"type":"Point","coordinates":[-80.97360443999997,-4.879782089999935]}},{"type":"Feature","properties":{"cod_regpol":"16R1","regionpol":"PIURA","cod_cpnp":"0723","comisaria":"CPNP LANCONES","tipo":"D","categoria":"PIURA","cod_uni":"216210","cod_divpol":"16R1A","divpol":"DIVOPUS SULLANA","departamento":"PIURA","provincia":"SULLANA","distrito":"QUERECOTILLO"},"geometry":{"type":"Point","coordinates":[-80.54863908999994,-4.6409762099999625]}},{"type":"Feature","properties":{"cod_regpol":"16R1","regionpol":"PIURA","cod_cpnp":"0708","comisaria":"CPNP QUERECOTILLO","tipo":"C","categoria":"PIURA","cod_uni":"216207","cod_divpol":"16R1A","divpol":"DIVOPUS SULLANA","departamento":"PIURA","provincia":"SULLANA","distrito":"QUERECOTILLO"},"geometry":{"type":"Point","coordinates":[-80.65217505999993,-4.84165122099995]}},{"type":"Feature","properties":{"cod_regpol":"16R1","regionpol":"PIURA","cod_cpnp":"0720","comisaria":"CPNP SALITRAL","tipo":"D","categoria":"PIURA","cod_uni":"216097","cod_divpol":"16R1A","divpol":"DIVOPUS SULLANA","departamento":"PIURA","provincia":"SULLANA","distrito":"SALITRAL"},"geometry":{"type":"Point","coordinates":[-80.68073773999998,-4.857073129999947]}},{"type":"Feature","properties":{"cod_regpol":"16R1","regionpol":"PIURA","cod_cpnp":"0778","comisaria":"CPNP NEGRITOS","tipo":"D","categoria":"PIURA","cod_uni":"216234","cod_divpol":"16R1A","divpol":"DIVOPUS SULLANA","departamento":"PIURA","provincia":"TALARA","distrito":"LA BREA"},"geometry":{"type":"Point","coordinates":[-81.30508125899996,-4.6542840809999575]}},{"type":"Feature","properties":{"cod_regpol":"16R1","regionpol":"PIURA","cod_cpnp":"0780","comisaria":"CPNP LOS ORGANOS","tipo":"C","categoria":"PIURA","cod_uni":"216235","cod_divpol":"16R1A","divpol":"DIVOPUS SULLANA","departamento":"PIURA","provincia":"TALARA","distrito":"LOS ORGANOS"},"geometry":{"type":"Point","coordinates":[-81.12965637999997,-4.179431919999956]}},{"type":"Feature","properties":{"cod_regpol":"18R1","regionpol":"PUNO","cod_cpnp":"4660","comisaria":"CPNP YUNGUYO","tipo":"B","categoria":"PUNO","cod_uni":"219273","cod_divpol":"18R1B","divpol":"DIVOPUS PUNO","departamento":"PUNO","provincia":"YUNGUYO","distrito":"YUNGUYO"},"geometry":{"type":"Point","coordinates":[-69.09190124999998,-16.243676169999958]}},{"type":"Feature","properties":{"cod_regpol":"18R1","regionpol":"PUNO","cod_cpnp":"4662","comisaria":"CPNP QUEÑUANI","tipo":"E","categoria":"PUNO","cod_uni":"219277","cod_divpol":"18R1B","divpol":"DIVOPUS PUNO","departamento":"PUNO","provincia":"YUNGUYO","distrito":"YUNGUYO"},"geometry":{"type":"Point","coordinates":[-69.15714499999996,-16.262147999999968]}},{"type":"Feature","properties":{"cod_regpol":"18R1","regionpol":"PUNO","cod_cpnp":"4666","comisaria":"CPNP YANAPATA","tipo":"E","categoria":"PUNO","cod_uni":"219278","cod_divpol":"18R1B","divpol":"DIVOPUS PUNO","departamento":"PUNO","provincia":"YUNGUYO","distrito":"YUNGUYO"},"geometry":{"type":"Point","coordinates":[-69.05759799999998,-16.304452999999967]}},{"type":"Feature","properties":{"cod_regpol":"18R1","regionpol":"PUNO","cod_cpnp":"4664","comisaria":"CPNP TAPOJE","tipo":"E","categoria":"PUNO","cod_uni":"219276","cod_divpol":"18R1B","divpol":"DIVOPUS PUNO","departamento":"PUNO","provincia":"YUNGUYO","distrito":"YUNGUYO"},"geometry":{"type":"Point","coordinates":[-69.05221999999998,-16.253532999999948]}},{"type":"Feature","properties":{"cod_regpol":"19R2","regionpol":"SAN MARTIN","cod_cpnp":"1389","comisaria":"CPNP PICOTA","tipo":"B","categoria":"SAN MARTIN","cod_uni":"221886","cod_divpol":"19R2B","divpol":"DIVOPUS TARAPOTO","departamento":"SAN MARTIN","provincia":"PICOTA","distrito":"PICOTA"},"geometry":{"type":"Point","coordinates":[-76.33229062999999,-6.918937739999933]}},{"type":"Feature","properties":{"cod_regpol":"19R2","regionpol":"SAN MARTIN","cod_cpnp":"1350","comisaria":"CPNP CALZADA","tipo":"E","categoria":"SAN MARTIN","cod_uni":"221961","cod_divpol":"19R2A","divpol":"DIVPOL MOYOBAMBA","departamento":"SAN MARTIN","provincia":"MOYOBAMBA","distrito":"CALZADA"},"geometry":{"type":"Point","coordinates":[-77.06670830999997,-6.030552369999953]}},{"type":"Feature","properties":{"cod_regpol":"19R2","regionpol":"SAN MARTIN","cod_cpnp":"1353","comisaria":"CPNP SORITOR","tipo":"D","categoria":"SAN MARTIN","cod_uni":"221960","cod_divpol":"19R2A","divpol":"DIVPOL MOYOBAMBA","departamento":"SAN MARTIN","provincia":"MOYOBAMBA","distrito":"SORITOR"},"geometry":{"type":"Point","coordinates":[-77.10071495999995,-6.134853029999931]}},{"type":"Feature","properties":{"cod_regpol":"19R2","regionpol":"SAN MARTIN","cod_cpnp":"1347","comisaria":"CPNP YANTALO","tipo":"D","categoria":"SAN MARTIN","cod_uni":"221959","cod_divpol":"19R2A","divpol":"DIVPOL MOYOBAMBA","departamento":"SAN MARTIN","provincia":"MOYOBAMBA","distrito":"YANTALO"},"geometry":{"type":"Point","coordinates":[-77.02084251999997,-5.974236239999925]}},{"type":"Feature","properties":{"cod_regpol":"19R2","regionpol":"SAN MARTIN","cod_cpnp":"1380","comisaria":"CPNP BELLAVISTA","tipo":"B","categoria":"SAN MARTIN","cod_uni":"224311","cod_divpol":"19R2B","divpol":"DIVOPUS TARAPOTO","departamento":"SAN MARTIN","provincia":"BELLAVISTA","distrito":"BELLAVISTA"},"geometry":{"type":"Point","coordinates":[-76.58463969999997,-7.066459990999931]}},{"type":"Feature","properties":{"cod_regpol":"19R2","regionpol":"SAN MARTIN","cod_cpnp":"1395","comisaria":"CPNP SAN PABLO","tipo":"D","categoria":"SAN MARTIN","cod_uni":"224316","cod_divpol":"19R2B","divpol":"DIVOPUS TARAPOTO","departamento":"SAN MARTIN","provincia":"BELLAVISTA","distrito":"SAN PABLO"},"geometry":{"type":"Point","coordinates":[-76.57677850999994,-6.812619679999955]}},{"type":"Feature","properties":{"cod_regpol":"19R2","regionpol":"SAN MARTIN","cod_cpnp":"1383","comisaria":"CPNP SAN JOSE DE SISA","tipo":"B","categoria":"SAN MARTIN","cod_uni":"221883","cod_divpol":"19R2B","divpol":"DIVOPUS TARAPOTO","departamento":"SAN MARTIN","provincia":"EL DORADO","distrito":"SAN JOSE DE SISA"},"geometry":{"type":"Point","coordinates":[-76.69466117999997,-6.614209419999952]}},{"type":"Feature","properties":{"cod_regpol":"19R2","regionpol":"SAN MARTIN","cod_cpnp":"1311","comisaria":"CPNP LAMAS","tipo":"B","categoria":"SAN MARTIN","cod_uni":"221889","cod_divpol":"19R2B","divpol":"DIVOPUS TARAPOTO","departamento":"SAN MARTIN","provincia":"LAMAS","distrito":"LAMAS"},"geometry":{"type":"Point","coordinates":[-76.51732190999996,-6.422243049999963]}},{"type":"Feature","properties":{"cod_regpol":"19R2","regionpol":"SAN MARTIN","cod_cpnp":"1374","comisaria":"CPNP SAPOSOA","tipo":"B","categoria":"SAN MARTIN","cod_uni":"224308","cod_divpol":"19R2B","divpol":"DIVOPUS TARAPOTO","departamento":"SAN MARTIN","provincia":"HUALLAGA","distrito":"SAPOSOA"},"geometry":{"type":"Point","coordinates":[-76.77148807999998,-6.9362681399999815]}},{"type":"Feature","properties":{"cod_regpol":"19R2","regionpol":"SAN MARTIN","cod_cpnp":"1392","comisaria":"CPNP SAN HILARION","tipo":"C","categoria":"SAN MARTIN","cod_uni":"224317","cod_divpol":"19R2B","divpol":"DIVOPUS TARAPOTO","departamento":"SAN MARTIN","provincia":"PICOTA","distrito":"SAN HILARION"},"geometry":{"type":"Point","coordinates":[-76.44499631999997,-6.999867239999958]}},{"type":"Feature","properties":{"cod_regpol":"19R2","regionpol":"SAN MARTIN","cod_cpnp":"1366","comisaria":"CPNP SEGUNDA JERUSALEN","tipo":"E","categoria":"SAN MARTIN","cod_uni":"221974","cod_divpol":"19R2A","divpol":"DIVPOL MOYOBAMBA","departamento":"SAN MARTIN","provincia":"RIOJA","distrito":"ELIAS SOPLIN VARGAS"},"geometry":{"type":"Point","coordinates":[-77.27755021099995,-5.988170509999975]}},{"type":"Feature","properties":{"cod_regpol":"19R2","regionpol":"SAN MARTIN","cod_cpnp":"1365","comisaria":"CPNP YURACYACU","tipo":"D","categoria":"SAN MARTIN","cod_uni":"221973","cod_divpol":"19R2A","divpol":"DIVPOL MOYOBAMBA","departamento":"SAN MARTIN","provincia":"RIOJA","distrito":"YURACYACU"},"geometry":{"type":"Point","coordinates":[-77.22723679999996,-5.928172189999941]}},{"type":"Feature","properties":{"cod_regpol":"19R2","regionpol":"SAN MARTIN","cod_cpnp":"1327","comisaria":"CPNP PELEJO","tipo":"D","categoria":"SAN MARTIN","cod_uni":"221898","cod_divpol":"19R2B","divpol":"DIVOPUS TARAPOTO","departamento":"SAN MARTIN","provincia":"SAN MARTIN","distrito":"EL PORVENIR"},"geometry":{"type":"Point","coordinates":[-75.80080773999998,-6.214089139999942]}},{"type":"Feature","properties":{"cod_regpol":"19R2","regionpol":"SAN MARTIN","cod_cpnp":"1335","comisaria":"CPNP SHAPAJA","tipo":"D","categoria":"SAN MARTIN","cod_uni":"221900","cod_divpol":"19R2B","divpol":"DIVOPUS TARAPOTO","departamento":"SAN MARTIN","provincia":"SAN MARTIN","distrito":"SHAPAJA"},"geometry":{"type":"Point","coordinates":[-76.26630041099997,-6.578133249999951]}},{"type":"Feature","properties":{"cod_regpol":"19R2","regionpol":"SAN MARTIN","cod_cpnp":"7035","comisaria":"CPNP TOCACHE","tipo":"A","categoria":"SAN MARTIN","cod_uni":"221917","cod_divpol":"19R2B","divpol":"DIVOPUS TARAPOTO","departamento":"SAN MARTIN","provincia":"TOCACHE","distrito":"TOCACHE"},"geometry":{"type":"Point","coordinates":[-76.51227107999995,-8.188439599999981]}},{"type":"Feature","properties":{"cod_regpol":"20R2","regionpol":"TACNA","cod_cpnp":"4350","comisaria":"CPNP CANDARAVE","tipo":"C","categoria":"TACNA","cod_uni":"222460","cod_divpol":"20R2A","divpol":"DIVOPUS TACNA","departamento":"TACNA","provincia":"CANDARAVE","distrito":"CANDARAVE"},"geometry":{"type":"Point","coordinates":[-70.25248044899996,-17.27137670099995]}},{"type":"Feature","properties":{"cod_regpol":"20R2","regionpol":"TACNA","cod_cpnp":"4354","comisaria":"CPNP CAIRANI","tipo":"E","categoria":"TACNA","cod_uni":"222463","cod_divpol":"20R2A","divpol":"DIVOPUS TACNA","departamento":"TACNA","provincia":"CANDARAVE","distrito":"CAIRANI"},"geometry":{"type":"Point","coordinates":[-70.36340297999993,-17.28604532999998]}},{"type":"Feature","properties":{"cod_regpol":"20R2","regionpol":"TACNA","cod_cpnp":"4352","comisaria":"CPNP CURIBAYA","tipo":"E","categoria":"TACNA","cod_uni":"222459","cod_divpol":"20R2A","divpol":"DIVOPUS TACNA","departamento":"TACNA","provincia":"CANDARAVE","distrito":"CURIBAYA"},"geometry":{"type":"Point","coordinates":[-70.33406759999997,-17.37979366999997]}},{"type":"Feature","properties":{"cod_regpol":"20R2","regionpol":"TACNA","cod_cpnp":"4362","comisaria":"CPNP LOCUMBA","tipo":"C","categoria":"TACNA","cod_uni":"222464","cod_divpol":"20R2A","divpol":"DIVOPUS TACNA","departamento":"TACNA","provincia":"JORGE BASADRE","distrito":"LOCUMBA"},"geometry":{"type":"Point","coordinates":[-70.76278466999997,-17.614081819999967]}},{"type":"Feature","properties":{"cod_regpol":"20R2","regionpol":"TACNA","cod_cpnp":"4364","comisaria":"CPNP ILABAYA","tipo":"E","categoria":"TACNA","cod_uni":"222468","cod_divpol":"20R2A","divpol":"DIVOPUS TACNA","departamento":"TACNA","provincia":"JORGE BASADRE","distrito":"ILABAYA"},"geometry":{"type":"Point","coordinates":[-70.51317964099997,-17.418768059999934]}},{"type":"Feature","properties":{"cod_regpol":"20R2","regionpol":"TACNA","cod_cpnp":"4360","comisaria":"CPNP TOQUEPALA","tipo":"D","categoria":"TACNA","cod_uni":"222467","cod_divpol":"20R2A","divpol":"DIVOPUS TACNA","departamento":"TACNA","provincia":"JORGE BASADRE","distrito":"ILABAYA"},"geometry":{"type":"Point","coordinates":[-70.63098539999999,-17.279188570999963]}},{"type":"Feature","properties":{"cod_regpol":"20R2","regionpol":"TACNA","cod_cpnp":"4340","comisaria":"CPNP ESTIQUE PAMPA","tipo":"E","categoria":"TACNA","cod_uni":"222455","cod_divpol":"20R2A","divpol":"DIVOPUS TACNA","departamento":"TACNA","provincia":"TARATA","distrito":"ESTIQUE-PAMPA"},"geometry":{"type":"Point","coordinates":[-70.03033878899998,-17.540744079999968]}},{"type":"Feature","properties":{"cod_regpol":"20R2","regionpol":"TACNA","cod_cpnp":"4346","comisaria":"CPNP SITAJARA","tipo":"E","categoria":"TACNA","cod_uni":"222458","cod_divpol":"20R2A","divpol":"DIVOPUS TACNA","departamento":"TACNA","provincia":"TARATA","distrito":"SITAJARA"},"geometry":{"type":"Point","coordinates":[-70.13327538999994,-17.375529299999982]}},{"type":"Feature","properties":{"cod_regpol":"20R2","regionpol":"TACNA","cod_cpnp":"4344","comisaria":"CPNP SUSAPAYA","tipo":"E","categoria":"TACNA","cod_uni":"222457","cod_divpol":"20R2A","divpol":"DIVOPUS TACNA","departamento":"TACNA","provincia":"TARATA","distrito":"SUSAPAYA"},"geometry":{"type":"Point","coordinates":[-70.13247356999995,-17.352734829999974]}},{"type":"Feature","properties":{"cod_regpol":"20R2","regionpol":"TACNA","cod_cpnp":"4342","comisaria":"CPNP TICACO","tipo":"E","categoria":"TACNA","cod_uni":"222456","cod_divpol":"20R2A","divpol":"DIVOPUS TACNA","departamento":"TACNA","provincia":"TARATA","distrito":"TICACO"},"geometry":{"type":"Point","coordinates":[-70.04462545999996,-17.450877779999928]}},{"type":"Feature","properties":{"cod_regpol":"03R1","regionpol":"AREQUIPA","cod_cpnp":"4223","comisaria":"CPNP YANAQUIHUA","tipo":"D","categoria":"AREQUIPA","cod_uni":"218951","cod_divpol":"03R1A","divpol":"DIVOPUS AREQUIPA","departamento":"AREQUIPA","provincia":"CONDESUYOS","distrito":"YANAQUIHUA"},"geometry":{"type":"Point","coordinates":[-72.87500661999997,-15.776555180999935]}},{"type":"Feature","properties":{"cod_regpol":"23R1","regionpol":"FRENTE POLICIAL VRAEM","cod_cpnp":"7545","comisaria":"CPNP LLOCHEGUA","tipo":"B","categoria":"AYACUCHO","cod_uni":"220701","cod_divpol":"23R1A","divpol":"DIVOPUS VRAEM","departamento":"AYACUCHO","provincia":"HUANTA","distrito":"LLOCHEGUA"},"geometry":{"type":"Point","coordinates":[-73.91094299999997,-12.413263000999962]}},{"type":"Feature","properties":{"cod_regpol":"23R1","regionpol":"FRENTE POLICIAL VRAEM","cod_cpnp":"7524","comisaria":"CPNP TAMBO","tipo":"B","categoria":"AYACUCHO","cod_uni":"220773","cod_divpol":"23R1B","divpol":"DIVPOL HUANTA","departamento":"AYACUCHO","provincia":"LA MAR","distrito":"TAMBO"},"geometry":{"type":"Point","coordinates":[-74.02081018999996,-12.948662670999965]}},{"type":"Feature","properties":{"cod_regpol":"23R1","regionpol":"FRENTE POLICIAL VRAEM","cod_cpnp":"7502","comisaria":"CPNP SAMUGARI PALMAPAMPA","tipo":"B","categoria":"AYACUCHO","cod_uni":"220695","cod_divpol":"23R1A","divpol":"DIVOPUS VRAEM","departamento":"AYACUCHO","provincia":"LA MAR","distrito":"SAMUGARI"},"geometry":{"type":"Point","coordinates":[-73.65534139999994,-12.766922049999948]}},{"type":"Feature","properties":{"cod_regpol":"05R1","regionpol":"CAJAMARCA","cod_cpnp":"5120","comisaria":"CPNP HUAMBOS","tipo":"E","categoria":"CAJAMARCA","cod_uni":"223285","cod_divpol":"05R1B","divpol":"DIVOPUS CAJAMARCA","departamento":"CAJAMARCA","provincia":"CHOTA","distrito":"HUAMBOS"},"geometry":{"type":"Point","coordinates":[-78.96109311999999,-6.4524922499999775]}},{"type":"Feature","properties":{"cod_regpol":"05R1","regionpol":"CAJAMARCA","cod_cpnp":"5124","comisaria":"CPNP LAJAS","tipo":"E","categoria":"CAJAMARCA","cod_uni":"223287","cod_divpol":"05R1B","divpol":"DIVOPUS CAJAMARCA","departamento":"CAJAMARCA","provincia":"CHOTA","distrito":"LAJAS"},"geometry":{"type":"Point","coordinates":[-78.73880194099996,-6.561838959999932]}},{"type":"Feature","properties":{"cod_regpol":"05R1","regionpol":"CAJAMARCA","cod_cpnp":"5156","comisaria":"CPNP CALLAYUC","tipo":"E","categoria":"CAJAMARCA","cod_uni":"223306","cod_divpol":"05R1B","divpol":"DIVOPUS CAJAMARCA","departamento":"CAJAMARCA","provincia":"CUTERVO","distrito":"CALLAYUC"},"geometry":{"type":"Point","coordinates":[-78.91031409999994,-6.181020528999966]}},{"type":"Feature","properties":{"cod_regpol":"05R1","regionpol":"CAJAMARCA","cod_cpnp":"1072","comisaria":"CPNP CHONTALI","tipo":"D","categoria":"CAJAMARCA","cod_uni":"223372","cod_divpol":"05R1A","divpol":"DIVPOL JAEN","departamento":"CAJAMARCA","provincia":"JAEN","distrito":"CHONTALI"},"geometry":{"type":"Point","coordinates":[-79.08725020999998,-5.644545290999929]}},{"type":"Feature","properties":{"cod_regpol":"05R1","regionpol":"CAJAMARCA","cod_cpnp":"1075","comisaria":"CPNP COLASAY","tipo":"E","categoria":"CAJAMARCA","cod_uni":"223373","cod_divpol":"05R1A","divpol":"DIVPOL JAEN","departamento":"CAJAMARCA","provincia":"JAEN","distrito":"COLASAY"},"geometry":{"type":"Point","coordinates":[-79.06866226999995,-5.979004169999939]}},{"type":"Feature","properties":{"cod_regpol":"05R1","regionpol":"CAJAMARCA","cod_cpnp":"1068","comisaria":"CPNP SALLIQUE","tipo":"E","categoria":"CAJAMARCA","cod_uni":"223371","cod_divpol":"05R1A","divpol":"DIVPOL JAEN","departamento":"CAJAMARCA","provincia":"JAEN","distrito":"SALLIQUE"},"geometry":{"type":"Point","coordinates":[-79.31570930999999,-5.658275289999949]}},{"type":"Feature","properties":{"cod_regpol":"05R1","regionpol":"CAJAMARCA","cod_cpnp":"1065","comisaria":"CPNP SAN FELIPE","tipo":"E","categoria":"CAJAMARCA","cod_uni":"223370","cod_divpol":"05R1A","divpol":"DIVPOL JAEN","departamento":"CAJAMARCA","provincia":"JAEN","distrito":"SAN FELIPE"},"geometry":{"type":"Point","coordinates":[-79.31385477899994,-5.770631679999951]}},{"type":"Feature","properties":{"cod_regpol":"05R1","regionpol":"CAJAMARCA","cod_cpnp":"1060","comisaria":"CPNP NAMBALLE","tipo":"D","categoria":"CAJAMARCA","cod_uni":"223363","cod_divpol":"05R1A","divpol":"DIVPOL JAEN","departamento":"CAJAMARCA","provincia":"SAN IGNACIO","distrito":"NAMBALLE"},"geometry":{"type":"Point","coordinates":[-79.08772444999994,-5.004581289999976]}},{"type":"Feature","properties":{"cod_regpol":"05R1","regionpol":"CAJAMARCA","cod_cpnp":"5094","comisaria":"CPNP TONGOD","tipo":"E","categoria":"CAJAMARCA","cod_uni":"223250","cod_divpol":"05R1B","divpol":"DIVOPUS CAJAMARCA","departamento":"CAJAMARCA","provincia":"SAN MIGUEL","distrito":"TONGOD"},"geometry":{"type":"Point","coordinates":[-78.82476433999994,-6.756295530999978]}},{"type":"Feature","properties":{"cod_regpol":"07R1","regionpol":"CUSCO","cod_cpnp":"7562","comisaria":"CPNP MARANURA","tipo":"D","categoria":"CUSCO","cod_uni":"218316","cod_divpol":"07R1A","divpol":"DIVOPUS LA CONVENCION","departamento":"CUSCO","provincia":"LA CONVENCION","distrito":"MARANURA"},"geometry":{"type":"Point","coordinates":[-72.66517939999994,-12.964168918999974]}},{"type":"Feature","properties":{"cod_regpol":"07R1","regionpol":"CUSCO","cod_cpnp":"7564","comisaria":"CPNP SANTA MARIA","tipo":"D","categoria":"CUSCO","cod_uni":"221816","cod_divpol":"07R1A","divpol":"DIVOPUS LA CONVENCION","departamento":"CUSCO","provincia":"LA CONVENCION","distrito":"MARANURA"},"geometry":{"type":"Point","coordinates":[-72.63415896999999,-13.007236899999953]}},{"type":"Feature","properties":{"cod_regpol":"07R1","regionpol":"CUSCO","cod_cpnp":"3635","comisaria":"CPNP EL DESCANSO","tipo":"E","categoria":"CUSCO","cod_uni":"218286","cod_divpol":"07R1C","divpol":"DIVOPUS SICUANI","departamento":"CUSCO","provincia":"CANAS","distrito":"KUNTURKANKI"},"geometry":{"type":"Point","coordinates":[-71.30627831999993,-14.53514329099994]}},{"type":"Feature","properties":{"cod_regpol":"07R1","regionpol":"CUSCO","cod_cpnp":"3636","comisaria":"CPNP LANGUI","tipo":"E","categoria":"CUSCO","cod_uni":"218287","cod_divpol":"07R1C","divpol":"DIVOPUS SICUANI","departamento":"CUSCO","provincia":"CANAS","distrito":"LANGUI"},"geometry":{"type":"Point","coordinates":[-71.27261342999998,-14.432615589999955]}},{"type":"Feature","properties":{"cod_regpol":"07R1","regionpol":"CUSCO","cod_cpnp":"3642","comisaria":"CPNP LAYO","tipo":"E","categoria":"CUSCO","cod_uni":"218288","cod_divpol":"07R1C","divpol":"DIVOPUS SICUANI","departamento":"CUSCO","provincia":"CANAS","distrito":"LAYO"},"geometry":{"type":"Point","coordinates":[-71.15741289999994,-14.49224745999993]}},{"type":"Feature","properties":{"cod_regpol":"07R1","regionpol":"CUSCO","cod_cpnp":"3604","comisaria":"CPNP COMBAPATA","tipo":"D","categoria":"CUSCO","cod_uni":"218278","cod_divpol":"07R1C","divpol":"DIVOPUS SICUANI","departamento":"CUSCO","provincia":"CANCHIS","distrito":"COMBAPATA"},"geometry":{"type":"Point","coordinates":[-71.42938565999998,-14.10122150999996]}},{"type":"Feature","properties":{"cod_regpol":"07R1","regionpol":"CUSCO","cod_cpnp":"3602","comisaria":"CPNP MARANGANI","tipo":"D","categoria":"CUSCO","cod_uni":"218277","cod_divpol":"07R1C","divpol":"DIVOPUS SICUANI","departamento":"CUSCO","provincia":"CANCHIS","distrito":"MARANGANI"},"geometry":{"type":"Point","coordinates":[-71.16861080099994,-14.356601299999966]}},{"type":"Feature","properties":{"cod_regpol":"07R1","regionpol":"CUSCO","cod_cpnp":"7559","comisaria":"CPNP HUYRO","tipo":"D","categoria":"CUSCO","cod_uni":"218315","cod_divpol":"07R1A","divpol":"DIVOPUS LA CONVENCION","departamento":"CUSCO","provincia":"LA CONVENCION","distrito":"HUAYOPATA"},"geometry":{"type":"Point","coordinates":[-72.55337536099995,-13.006489819999956]}},{"type":"Feature","properties":{"cod_regpol":"23R1","regionpol":"FRENTE POLICIAL VRAEM","cod_cpnp":"3284","comisaria":"CPNP PAUCARBAMBA","tipo":"C","categoria":"HUANCAVELICA","cod_uni":"222676","cod_divpol":"23R1B","divpol":"DIVPOL HUANTA","departamento":"HUANCAVELICA","provincia":"CHURCAMPA","distrito":"PAUCARBAMBA"},"geometry":{"type":"Point","coordinates":[-74.52982763399996,-12.554777893999926]}},{"type":"Feature","properties":{"cod_regpol":"23R1","regionpol":"FRENTE POLICIAL VRAEM","cod_cpnp":"3282","comisaria":"CPNP SAN PEDRO DE CORIS COBRIZA","tipo":"D","categoria":"HUANCAVELICA","cod_uni":"222673","cod_divpol":"23R1B","divpol":"DIVPOL HUANTA","departamento":"HUANCAVELICA","provincia":"CHURCAMPA","distrito":"SAN PEDRO DE CORIS"},"geometry":{"type":"Point","coordinates":[-74.37126773999995,-12.59489893999995]}},{"type":"Feature","properties":{"cod_regpol":"23R1","regionpol":"FRENTE POLICIAL VRAEM","cod_cpnp":"7521","comisaria":"CPNP CHINCHIHUASI","tipo":"D","categoria":"HUANCAVELICA","cod_uni":"226497","cod_divpol":"23R1B","divpol":"DIVPOL HUANTA","departamento":"HUANCAVELICA","provincia":"CHURCAMPA","distrito":"CHINCHIHUASI"},"geometry":{"type":"Point","coordinates":[-74.54594589899995,-12.518744099999935]}},{"type":"Feature","properties":{"cod_regpol":"23R1","regionpol":"FRENTE POLICIAL VRAEM","cod_cpnp":"7540","comisaria":"CPNP COLCABAMBA","tipo":"C","categoria":"HUANCAVELICA","cod_uni":"222655","cod_divpol":"23R1A","divpol":"DIVOPUS VRAEM","departamento":"HUANCAVELICA","provincia":"TAYACAJA","distrito":"COLCABAMBA"},"geometry":{"type":"Point","coordinates":[-74.68077399999999,-12.410633559999951]}},{"type":"Feature","properties":{"cod_regpol":"23R1","regionpol":"FRENTE POLICIAL VRAEM","cod_cpnp":"7531","comisaria":"CPNP HUACHOCOLPA","tipo":"C","categoria":"HUANCAVELICA","cod_uni":"222646","cod_divpol":"23R1A","divpol":"DIVOPUS VRAEM","departamento":"HUANCAVELICA","provincia":"TAYACAJA","distrito":"HUACHOCOLPA"},"geometry":{"type":"Point","coordinates":[-74.59439755999995,-12.048338778999948]}},{"type":"Feature","properties":{"cod_regpol":"18R1","regionpol":"PUNO","cod_cpnp":"4668","comisaria":"CPNP UNICACHI","tipo":"E","categoria":"PUNO","cod_uni":"219279","cod_divpol":"18R1B","divpol":"DIVOPUS PUNO","departamento":"PUNO","provincia":"YUNGUYO","distrito":"UNICACHI"},"geometry":{"type":"Point","coordinates":[-68.98099526899995,-16.22439492899997]}},{"type":"Feature","properties":{"cod_regpol":"23R1","regionpol":"FRENTE POLICIAL VRAEM","cod_cpnp":"7501","comisaria":"CPNP SURCUBAMBA","tipo":"C","categoria":"HUANCAVELICA","cod_uni":"222643","cod_divpol":"23R1A","divpol":"DIVOPUS VRAEM","departamento":"HUANCAVELICA","provincia":"TAYACAJA","distrito":"SURCUBAMBA"},"geometry":{"type":"Point","coordinates":[-74.63073258999998,-12.117074039999977]}},{"type":"Feature","properties":{"cod_regpol":"23R1","regionpol":"FRENTE POLICIAL VRAEM","cod_cpnp":"7549","comisaria":"CPNP TINTAY PUNCU","tipo":"E","categoria":"HUANCAVELICA","cod_uni":"226462","cod_divpol":"23R1A","divpol":"DIVOPUS VRAEM","departamento":"HUANCAVELICA","provincia":"TAYACAJA","distrito":"TINTAY PUNCU"},"geometry":{"type":"Point","coordinates":[-74.54475703799994,-12.15165566199994]}},{"type":"Feature","properties":{"cod_regpol":"08R1","regionpol":"HUANUCO","cod_cpnp":"7005","comisaria":"CPNP PARAISO","tipo":"D","categoria":"HUANUCO","cod_uni":"217544","cod_divpol":"08R1A","divpol":"DIVPOL LEONCIO PRADO","departamento":"HUANUCO","provincia":"MARAÑON","distrito":"CHOLON"},"geometry":{"type":"Point","coordinates":[-76.38627113999996,-8.486672059999933]}},{"type":"Feature","properties":{"cod_regpol":"08R1","regionpol":"HUANUCO","cod_cpnp":"7014","comisaria":"CPNP YANAJANCA","tipo":"D","categoria":"HUANUCO","cod_uni":"217543","cod_divpol":"08R1A","divpol":"DIVPOL LEONCIO PRADO","departamento":"HUANUCO","provincia":"MARAÑON","distrito":"SANTA ROSA DE ALTO YANAJANCA"},"geometry":{"type":"Point","coordinates":[-76.31408059999995,-8.653143539999974]}},{"type":"Feature","properties":{"cod_regpol":"08R1","regionpol":"HUANUCO","cod_cpnp":"8064","comisaria":"CPNP HONORIA","tipo":"D","categoria":"HUANUCO","cod_uni":"222629","cod_divpol":"17R1A","divpol":"DIVOPUS PUERTO INCA","departamento":"HUANUCO","provincia":"PUERTO INCA","distrito":"HONORIA"},"geometry":{"type":"Point","coordinates":[-74.70929860999996,-8.76939976999995]}},{"type":"Feature","properties":{"cod_regpol":"23R1","regionpol":"FRENTE POLICIAL VRAEM","cod_cpnp":"7865","comisaria":"CPNP SANTO DOMINGO DE ACOBAMBA","tipo":"C","categoria":"JUNIN","cod_uni":"222649","cod_divpol":"23R1A","divpol":"DIVOPUS VRAEM","departamento":"JUNIN","provincia":"HUANCAYO","distrito":"SANTO DOMINGO DE ACOBAMBA"},"geometry":{"type":"Point","coordinates":[-74.79550123999996,-11.768819479999934]}},{"type":"Feature","properties":{"cod_regpol":"11R1","regionpol":"LA LIBERTAD","cod_cpnp":"1276","comisaria":"CPNP BAMBAMARCA","tipo":"E","categoria":"LA LIBERTAD","cod_uni":"225921","cod_divpol":"11R1C","divpol":"DIVPOL HUAMACHUCO","departamento":"LA LIBERTAD","provincia":"BOLIVAR","distrito":"BAMBAMARCA"},"geometry":{"type":"Point","coordinates":[-77.69285540999994,-7.439660599999968]}},{"type":"Feature","properties":{"cod_regpol":"11R1","regionpol":"LA LIBERTAD","cod_cpnp":"1278","comisaria":"CPNP UCHUMARCA","tipo":"E","categoria":"LA LIBERTAD","cod_uni":"225923","cod_divpol":"11R1C","divpol":"DIVPOL HUAMACHUCO","departamento":"LA LIBERTAD","provincia":"BOLIVAR","distrito":"UCHUMARCA"},"geometry":{"type":"Point","coordinates":[-77.80563248999994,-7.04656456999993]}},{"type":"Feature","properties":{"cod_regpol":"11R1","regionpol":"LA LIBERTAD","cod_cpnp":"1289","comisaria":"CPNP CHILLIA","tipo":"D","categoria":"LA LIBERTAD","cod_uni":"225919","cod_divpol":"11R1C","divpol":"DIVPOL HUAMACHUCO","departamento":"LA LIBERTAD","provincia":"PATAZ","distrito":"CHILLIA"},"geometry":{"type":"Point","coordinates":[-77.51529689999995,-8.124162278999961]}},{"type":"Feature","properties":{"cod_regpol":"11R1","regionpol":"LA LIBERTAD","cod_cpnp":"1272","comisaria":"CPNP CURGOS","tipo":"E","categoria":"LA LIBERTAD","cod_uni":"225908","cod_divpol":"11R1C","divpol":"DIVPOL HUAMACHUCO","departamento":"LA LIBERTAD","provincia":"SANCHEZ CARRION","distrito":"CURGOS"},"geometry":{"type":"Point","coordinates":[-77.94502022899997,-7.861774339999954]}},{"type":"Feature","properties":{"cod_regpol":"11R1","regionpol":"LA LIBERTAD","cod_cpnp":"1284","comisaria":"CPNP RETAMAS","tipo":"D","categoria":"LA LIBERTAD","cod_uni":"225917","cod_divpol":"11R1C","divpol":"DIVPOL HUAMACHUCO","departamento":"LA LIBERTAD","provincia":"PATAZ","distrito":"PARCOY"},"geometry":{"type":"Point","coordinates":[-77.47562299999998,-8.020777350999936]}},{"type":"Feature","properties":{"cod_regpol":"11R1","regionpol":"LA LIBERTAD","cod_cpnp":"1285","comisaria":"CPNP LLACUABAMBA","tipo":"D","categoria":"LA LIBERTAD","cod_uni":"225920","cod_divpol":"11R1C","divpol":"DIVPOL HUAMACHUCO","departamento":"LA LIBERTAD","provincia":"PATAZ","distrito":"PARCOY"},"geometry":{"type":"Point","coordinates":[-77.45023796099997,-8.037799629999938]}},{"type":"Feature","properties":{"cod_regpol":"11R1","regionpol":"LA LIBERTAD","cod_cpnp":"1269","comisaria":"CPNP SARIN","tipo":"E","categoria":"LA LIBERTAD","cod_uni":"225907","cod_divpol":"11R1C","divpol":"DIVPOL HUAMACHUCO","departamento":"LA LIBERTAD","provincia":"SANCHEZ CARRION","distrito":"SARIN"},"geometry":{"type":"Point","coordinates":[-77.91009815999996,-7.909504449999929]}},{"type":"Feature","properties":{"cod_regpol":"11R1","regionpol":"LA LIBERTAD","cod_cpnp":"1293","comisaria":"CPNP ANGASMARCA","tipo":"E","categoria":"LA LIBERTAD","cod_uni":"225910","cod_divpol":"11R1C","divpol":"DIVPOL HUAMACHUCO","departamento":"LA LIBERTAD","provincia":"SANTIAGO DE CHUCO","distrito":"ANGASMARCA"},"geometry":{"type":"Point","coordinates":[-78.05637312999994,-8.133584050999957]}},{"type":"Feature","properties":{"cod_regpol":"11R1","regionpol":"LA LIBERTAD","cod_cpnp":"1302","comisaria":"CPNP CACHICADAN","tipo":"E","categoria":"LA LIBERTAD","cod_uni":"225913","cod_divpol":"11R1C","divpol":"DIVPOL HUAMACHUCO","departamento":"LA LIBERTAD","provincia":"SANTIAGO DE CHUCO","distrito":"CACHICADAN"},"geometry":{"type":"Point","coordinates":[-78.14976393999996,-8.093953409999926]}},{"type":"Feature","properties":{"cod_regpol":"11R1","regionpol":"LA LIBERTAD","cod_cpnp":"1296","comisaria":"CPNP SHOREY","tipo":"E","categoria":"LA LIBERTAD","cod_uni":"225911","cod_divpol":"11R1C","divpol":"DIVPOL HUAMACHUCO","departamento":"LA LIBERTAD","provincia":"SANTIAGO DE CHUCO","distrito":"QUIRUVILCA"},"geometry":{"type":"Point","coordinates":[-78.32646181999996,-8.013212769999939]}},{"type":"Feature","properties":{"cod_regpol":"11R1","regionpol":"LA LIBERTAD","cod_cpnp":"1299","comisaria":"CPNP QUIRUVILCA","tipo":"E","categoria":"LA LIBERTAD","cod_uni":"225912","cod_divpol":"11R1C","divpol":"DIVPOL HUAMACHUCO","departamento":"LA LIBERTAD","provincia":"SANTIAGO DE CHUCO","distrito":"QUIRUVILCA"},"geometry":{"type":"Point","coordinates":[-78.30978370999998,-8.000566259999971]}},{"type":"Feature","properties":{"cod_regpol":"12R1","regionpol":"LAMBAYEQUE","cod_cpnp":"0955","comisaria":"CPNP ILLIMO","tipo":"D","categoria":"LAMBAYEQUE","cod_uni":"221643","cod_divpol":"12R1A","divpol":"DIVOPUS LAMBAYEQUE","departamento":"LAMBAYEQUE","provincia":"LAMBAYEQUE","distrito":"ILLIMO"},"geometry":{"type":"Point","coordinates":[-79.85525199999995,-6.474654999999927]}},{"type":"Feature","properties":{"cod_regpol":"12R1","regionpol":"LAMBAYEQUE","cod_cpnp":"0943","comisaria":"CPNP MOCHUMI","tipo":"D","categoria":"LAMBAYEQUE","cod_uni":"221635","cod_divpol":"12R1A","divpol":"DIVOPUS LAMBAYEQUE","departamento":"LAMBAYEQUE","provincia":"LAMBAYEQUE","distrito":"MOCHUMI"},"geometry":{"type":"Point","coordinates":[-79.86651797899998,-6.55112639999993]}},{"type":"Feature","properties":{"cod_regpol":"12R1","regionpol":"LAMBAYEQUE","cod_cpnp":"0958","comisaria":"CPNP PACORA","tipo":"D","categoria":"LAMBAYEQUE","cod_uni":"221644","cod_divpol":"12R1A","divpol":"DIVOPUS LAMBAYEQUE","departamento":"LAMBAYEQUE","provincia":"LAMBAYEQUE","distrito":"PACORA"},"geometry":{"type":"Point","coordinates":[-79.83760228999995,-6.425049359999946]}},{"type":"Feature","properties":{"cod_regpol":"05R1","regionpol":"CAJAMARCA","cod_cpnp":"0994","comisaria":"CPNP CAÑARIS","tipo":"E","categoria":"LAMBAYEQUE","cod_uni":"223374","cod_divpol":"05R1A","divpol":"DIVPOL JAEN","departamento":"LAMBAYEQUE","provincia":"FERREÑAFE","distrito":"CAÑARIS"},"geometry":{"type":"Point","coordinates":[-79.26579935899997,-6.046702170999936]}},{"type":"Feature","properties":{"cod_regpol":"12R1","regionpol":"LAMBAYEQUE","cod_cpnp":"0952","comisaria":"CPNP TUCUME","tipo":"C","categoria":"LAMBAYEQUE","cod_uni":"221640","cod_divpol":"12R1A","divpol":"DIVOPUS LAMBAYEQUE","departamento":"LAMBAYEQUE","provincia":"LAMBAYEQUE","distrito":"TUCUME"},"geometry":{"type":"Point","coordinates":[-79.85918222999999,-6.506499299999973]}},{"type":"Feature","properties":{"cod_regpol":"12R1","regionpol":"LAMBAYEQUE","cod_cpnp":"0992","comisaria":"CPNP INCAHUASI","tipo":"D","categoria":"LAMBAYEQUE","cod_uni":"216526","cod_divpol":"12R1A","divpol":"DIVOPUS LAMBAYEQUE","departamento":"LAMBAYEQUE","provincia":"FERREÑAFE","distrito":"INCAHUASI"},"geometry":{"type":"Point","coordinates":[-79.31627280099997,-6.235781849999967]}},{"type":"Feature","properties":{"cod_regpol":"12R1","regionpol":"LAMBAYEQUE","cod_cpnp":"0993","comisaria":"CPNP UYURPAMPA","tipo":"E","categoria":"LAMBAYEQUE","cod_uni":"216527","cod_divpol":"12R1A","divpol":"DIVOPUS LAMBAYEQUE","departamento":"LAMBAYEQUE","provincia":"FERREÑAFE","distrito":"INCAHUASI"},"geometry":{"type":"Point","coordinates":[-79.36064767999994,-6.219328419999954]}},{"type":"Feature","properties":{"cod_regpol":"12R1","regionpol":"LAMBAYEQUE","cod_cpnp":"0985","comisaria":"CPNP BATAN GRANDE","tipo":"D","categoria":"LAMBAYEQUE","cod_uni":"216522","cod_divpol":"12R1A","divpol":"DIVOPUS LAMBAYEQUE","departamento":"LAMBAYEQUE","provincia":"FERREÑAFE","distrito":"PITIPO"},"geometry":{"type":"Point","coordinates":[-79.65418009999996,-6.483199198999955]}},{"type":"Feature","properties":{"cod_regpol":"12R1","regionpol":"LAMBAYEQUE","cod_cpnp":"0946","comisaria":"CPNP JAYANCA","tipo":"C","categoria":"LAMBAYEQUE","cod_uni":"221636","cod_divpol":"12R1A","divpol":"DIVOPUS LAMBAYEQUE","departamento":"LAMBAYEQUE","provincia":"LAMBAYEQUE","distrito":"JAYANCA"},"geometry":{"type":"Point","coordinates":[-79.82291110999995,-6.391400429999976]}},{"type":"Feature","properties":{"cod_regpol":"12R1","regionpol":"LAMBAYEQUE","cod_cpnp":"0940","comisaria":"CPNP MORROPE","tipo":"C","categoria":"LAMBAYEQUE","cod_uni":"221631","cod_divpol":"12R1A","divpol":"DIVOPUS LAMBAYEQUE","departamento":"LAMBAYEQUE","provincia":"LAMBAYEQUE","distrito":"MORROPE"},"geometry":{"type":"Point","coordinates":[-80.01568365999998,-6.540583779999963]}},{"type":"Feature","properties":{"cod_regpol":"12R1","regionpol":"LAMBAYEQUE","cod_cpnp":"0962","comisaria":"CPNP CRUZ DEL MEDANO","tipo":"D","categoria":"LAMBAYEQUE","cod_uni":"221634","cod_divpol":"12R1A","divpol":"DIVOPUS LAMBAYEQUE","departamento":"LAMBAYEQUE","provincia":"LAMBAYEQUE","distrito":"MORROPE"},"geometry":{"type":"Point","coordinates":[-79.96060617999996,-6.513527109999927]}},{"type":"Feature","properties":{"cod_regpol":"13R1","regionpol":"LIMA NORTE","cod_cpnp":"2357","comisaria":"CPNP GORGOR","tipo":"C","categoria":"PROVINCIA","cod_uni":"225833","cod_divpol":"13R1A","divpol":"DIVPOL BARRANCA","departamento":"LIMA","provincia":"CAJATAMBO","distrito":"GORGOR"},"geometry":{"type":"Point","coordinates":[-77.04158695399997,-10.620674599999973]}},{"type":"Feature","properties":{"cod_regpol":"12R1","regionpol":"LAMBAYEQUE","cod_cpnp":"0968","comisaria":"CPNP MOTUPE","tipo":"C","categoria":"LAMBAYEQUE","cod_uni":"216515","cod_divpol":"12R1A","divpol":"DIVOPUS LAMBAYEQUE","departamento":"LAMBAYEQUE","provincia":"LAMBAYEQUE","distrito":"MOTUPE"},"geometry":{"type":"Point","coordinates":[-79.71229042999994,-6.153866849999929]}},{"type":"Feature","properties":{"cod_regpol":"18R1","regionpol":"PUNO","cod_cpnp":"4645","comisaria":"CPNP DESAGUADERO","tipo":"B","categoria":"PUNO","cod_uni":"219264","cod_divpol":"18R1B","divpol":"DIVOPUS PUNO","departamento":"PUNO","provincia":"CHUCUITO","distrito":"DESAGUADERO"},"geometry":{"type":"Point","coordinates":[-69.03945738999994,-16.564207539999927]}},{"type":"Feature","properties":{"cod_regpol":"14R1","regionpol":"LORETO","cod_cpnp":"1646","comisaria":"CPNP BAGAZAN","tipo":"D","categoria":"LORETO","cod_uni":"221722","cod_divpol":"14R1A","divpol":"DIVOPUS LORETO","departamento":"LORETO","provincia":"REQUENA","distrito":"SAQUENA"},"geometry":{"type":"Point","coordinates":[-73.53224299999994,-4.724884999999972]}},{"type":"Feature","properties":{"cod_regpol":"14R1","regionpol":"LORETO","cod_cpnp":"1648","comisaria":"CPNP YUCURUCHI","tipo":"E","categoria":"LORETO","cod_uni":"221710","cod_divpol":"14R1A","divpol":"DIVOPUS LORETO","departamento":"LORETO","provincia":"REQUENA","distrito":"SAQUENA"},"geometry":{"type":"Point","coordinates":[-73.50455699999998,-4.551816999999971]}},{"type":"Feature","properties":{"cod_regpol":"14R1","regionpol":"LORETO","cod_cpnp":"1639","comisaria":"CPNP CURINGA","tipo":"E","categoria":"LORETO","cod_uni":"221716","cod_divpol":"14R1A","divpol":"DIVOPUS LORETO","departamento":"LORETO","provincia":"REQUENA","distrito":"SOPLIN"},"geometry":{"type":"Point","coordinates":[-73.69173162999994,-6.0067324799999255]}},{"type":"Feature","properties":{"cod_regpol":"14R1","regionpol":"LORETO","cod_cpnp":"1561","comisaria":"CPNP TAMSHIYACU","tipo":"E","categoria":"LORETO","cod_uni":"217394","cod_divpol":"14R1A","divpol":"DIVOPUS LORETO","departamento":"LORETO","provincia":"MAYNAS","distrito":"FERNANDO LORES"},"geometry":{"type":"Point","coordinates":[-73.15970778899998,-4.002490729999977]}},{"type":"Feature","properties":{"cod_regpol":"14R1","regionpol":"LORETO","cod_cpnp":"1563","comisaria":"CPNP SERAFIN FILOMENO","tipo":"E","categoria":"LORETO","cod_uni":"217396","cod_divpol":"14R1A","divpol":"DIVOPUS LORETO","departamento":"LORETO","provincia":"MAYNAS","distrito":"FERNANDO LORES"},"geometry":{"type":"Point","coordinates":[-72.93734699999999,-4.1599089999999705]}},{"type":"Feature","properties":{"cod_regpol":"14R1","regionpol":"LORETO","cod_cpnp":"1558","comisaria":"CPNP BUENA VISTA","tipo":"E","categoria":"LORETO","cod_uni":"217395","cod_divpol":"14R1A","divpol":"DIVOPUS LORETO","departamento":"LORETO","provincia":"MAYNAS","distrito":"FERNANDO LORES"},"geometry":{"type":"Point","coordinates":[-73.19842099999994,-4.290083999999979]}},{"type":"Feature","properties":{"cod_regpol":"14R1","regionpol":"LORETO","cod_cpnp":"1569","comisaria":"CPNP INDIANA","tipo":"D","categoria":"LORETO","cod_uni":"217389","cod_divpol":"14R1A","divpol":"DIVOPUS LORETO","departamento":"LORETO","provincia":"MAYNAS","distrito":"INDIANA"},"geometry":{"type":"Point","coordinates":[-73.04205160999999,-3.499631410999939]}},{"type":"Feature","properties":{"cod_regpol":"14R1","regionpol":"LORETO","cod_cpnp":"1572","comisaria":"CPNP SINCHICUY","tipo":"E","categoria":"LORETO","cod_uni":"217390","cod_divpol":"14R1A","divpol":"DIVOPUS LORETO","departamento":"LORETO","provincia":"MAYNAS","distrito":"INDIANA"},"geometry":{"type":"Point","coordinates":[-73.13990999999999,-3.588878999999963]}},{"type":"Feature","properties":{"cod_regpol":"14R1","regionpol":"LORETO","cod_cpnp":"1571","comisaria":"CPNP FRANCISCO DE ORELLANA","tipo":"E","categoria":"LORETO","cod_uni":"217391","cod_divpol":"14R1A","divpol":"DIVOPUS LORETO","departamento":"LORETO","provincia":"MAYNAS","distrito":"LAS AMAZONAS"},"geometry":{"type":"Point","coordinates":[-72.76464480999994,-3.4223101099999553]}},{"type":"Feature","properties":{"cod_regpol":"14R1","regionpol":"LORETO","cod_cpnp":"1577","comisaria":"CPNP YANASHI","tipo":"E","categoria":"LORETO","cod_uni":"217397","cod_divpol":"14R1A","divpol":"DIVOPUS LORETO","departamento":"LORETO","provincia":"MAYNAS","distrito":"LAS AMAZONAS"},"geometry":{"type":"Point","coordinates":[-72.25546660999998,-3.587434369999926]}},{"type":"Feature","properties":{"cod_regpol":"14R1","regionpol":"LORETO","cod_cpnp":"1614","comisaria":"CPNP SANTA RITA DE CASTILLA","tipo":"E","categoria":"LORETO","cod_uni":"221707","cod_divpol":"14R1A","divpol":"DIVOPUS LORETO","departamento":"LORETO","provincia":"LORETO","distrito":"PARINARI"},"geometry":{"type":"Point","coordinates":[-74.37955393999994,-4.591596790999972]}},{"type":"Feature","properties":{"cod_regpol":"14R1","regionpol":"LORETO","cod_cpnp":"1627","comisaria":"CPNP SAN PABLO","tipo":"D","categoria":"LORETO","cod_uni":"217415","cod_divpol":"14R1A","divpol":"DIVOPUS LORETO","departamento":"LORETO","provincia":"MARISCAL RAMON CASTILLA","distrito":"SAN PABLO"},"geometry":{"type":"Point","coordinates":[-71.10150308999994,-4.01871148999993]}},{"type":"Feature","properties":{"cod_regpol":"14R1","regionpol":"LORETO","cod_cpnp":"1637","comisaria":"CPNP FLOR DE PUNGA","tipo":"E","categoria":"LORETO","cod_uni":"221715","cod_divpol":"14R1A","divpol":"DIVOPUS LORETO","departamento":"LORETO","provincia":"REQUENA","distrito":"CAPELO"},"geometry":{"type":"Point","coordinates":[-74.15800242999995,-5.40526602999995]}},{"type":"Feature","properties":{"cod_regpol":"14R1","regionpol":"LORETO","cod_cpnp":"1654","comisaria":"CPNP TAMANCO","tipo":"E","categoria":"LORETO","cod_uni":"221720","cod_divpol":"14R1A","divpol":"DIVOPUS LORETO","departamento":"LORETO","provincia":"REQUENA","distrito":"EMILIO SAN MARTIN"},"geometry":{"type":"Point","coordinates":[-74.28297072999999,-5.794136830999946]}},{"type":"Feature","properties":{"cod_regpol":"14R1","regionpol":"LORETO","cod_cpnp":"1656","comisaria":"CPNP BRETAÑA","tipo":"E","categoria":"LORETO","cod_uni":"221721","cod_divpol":"14R1A","divpol":"DIVOPUS LORETO","departamento":"LORETO","provincia":"REQUENA","distrito":"PUINAHUA"},"geometry":{"type":"Point","coordinates":[-74.34581482999994,-5.256188789999953]}},{"type":"Feature","properties":{"cod_regpol":"14R1","regionpol":"LORETO","cod_cpnp":"1652","comisaria":"CPNP IBERIA","tipo":"D","categoria":"LORETO","cod_uni":"221719","cod_divpol":"14R1A","divpol":"DIVOPUS LORETO","departamento":"LORETO","provincia":"REQUENA","distrito":"TAPICHE"},"geometry":{"type":"Point","coordinates":[-74.13795411999996,-5.693319169999938]}},{"type":"Feature","properties":{"cod_regpol":"16R1","regionpol":"PIURA","cod_cpnp":"0752","comisaria":"CPNP JILILI","tipo":"D","categoria":"PIURA","cod_uni":"216201","cod_divpol":"16R1A","divpol":"DIVOPUS SULLANA","departamento":"PIURA","provincia":"AYABACA","distrito":"JILILI"},"geometry":{"type":"Point","coordinates":[-79.79589445899995,-4.583426879999934]}},{"type":"Feature","properties":{"cod_regpol":"20R1","regionpol":"MOQUEGUA","cod_cpnp":"4264","comisaria":"CPNP CHOJATA","tipo":"D","categoria":"MOQUEGUA","cod_uni":"222524","cod_divpol":"20R1A","divpol":"DIVOPUS MOQUEGUA","departamento":"MOQUEGUA","provincia":"GENERAL SANCHEZ CERRO","distrito":"CHOJATA"},"geometry":{"type":"Point","coordinates":[-70.73049143999998,-16.388466679999965]}},{"type":"Feature","properties":{"cod_regpol":"20R1","regionpol":"MOQUEGUA","cod_cpnp":"4268","comisaria":"CPNP ICHUÑA","tipo":"C","categoria":"MOQUEGUA","cod_uni":"222525","cod_divpol":"20R1A","divpol":"DIVOPUS MOQUEGUA","departamento":"MOQUEGUA","provincia":"GENERAL SANCHEZ CERRO","distrito":"ICHUÑA"},"geometry":{"type":"Point","coordinates":[-70.53570935999994,-16.140551568999967]}},{"type":"Feature","properties":{"cod_regpol":"20R1","regionpol":"MOQUEGUA","cod_cpnp":"4266","comisaria":"CPNP QUINISTAQUILLAS","tipo":"D","categoria":"MOQUEGUA","cod_uni":"222521","cod_divpol":"20R1A","divpol":"DIVOPUS MOQUEGUA","departamento":"MOQUEGUA","provincia":"GENERAL SANCHEZ CERRO","distrito":"QUINISTAQUILLAS"},"geometry":{"type":"Point","coordinates":[-70.88044336999997,-16.748767139999927]}},{"type":"Feature","properties":{"cod_regpol":"08R2","regionpol":"PASCO","cod_cpnp":"5608","comisaria":"CPNP SAN FRANCISCO DE ASIS","tipo":"E","categoria":"PASCO","cod_uni":"221766","cod_divpol":"08R2A","divpol":"DIVOPUS PASCO","departamento":"PASCO","provincia":"PASCO","distrito":"SAN FRANCISCO DE ASIS DE YARUSYACAN"},"geometry":{"type":"Point","coordinates":[-76.19608246999996,-10.488917629999946]}},{"type":"Feature","properties":{"cod_regpol":"16R1","regionpol":"PIURA","cod_cpnp":"0681","comisaria":"CPNP PAMBARUMBE","tipo":"D","categoria":"PIURA","cod_uni":"216105","cod_divpol":"16R1B","divpol":"DIVOPUS PIURA","departamento":"PIURA","provincia":"MORROPON","distrito":"SANTA CATALINA DE MOSSA"},"geometry":{"type":"Point","coordinates":[-79.87584699999996,-5.075544999999977]}},{"type":"Feature","properties":{"cod_regpol":"16R1","regionpol":"PIURA","cod_cpnp":"0658","comisaria":"CPNP PALTASHACO","tipo":"D","categoria":"PIURA","cod_uni":"216094","cod_divpol":"16R1B","divpol":"DIVOPUS PIURA","departamento":"PIURA","provincia":"MORROPON","distrito":"SANTA CATALINA DE MOSSA"},"geometry":{"type":"Point","coordinates":[-79.88684640999998,-5.1040153499999406]}},{"type":"Feature","properties":{"cod_regpol":"08R2","regionpol":"PASCO","cod_cpnp":"5632","comisaria":"CPNP SANTA ANA DE TUSI","tipo":"D","categoria":"PASCO","cod_uni":"221792","cod_divpol":"08R2A","divpol":"DIVOPUS PASCO","departamento":"PASCO","provincia":"DANIEL ALCIDES CARRION","distrito":"SANTA ANA DE TUSI"},"geometry":{"type":"Point","coordinates":[-76.35363398999993,-10.47228371999995]}},{"type":"Feature","properties":{"cod_regpol":"08R1","regionpol":"HUANUCO","cod_cpnp":"3156","comisaria":"CPNP POZUZO","tipo":"B","categoria":"PASCO","cod_uni":"220631","cod_divpol":"17R1A","divpol":"DIVOPUS PUERTO INCA","departamento":"PASCO","provincia":"OXAPAMPA","distrito":"POZUZO"},"geometry":{"type":"Point","coordinates":[-75.55005563099996,-10.071500640999943]}},{"type":"Feature","properties":{"cod_regpol":"08R1","regionpol":"HUANUCO","cod_cpnp":"3154","comisaria":"CPNP PUERTO BERMUDEZ","tipo":"C","categoria":"PASCO","cod_uni":"220625","cod_divpol":"17R1A","divpol":"DIVOPUS PUERTO INCA","departamento":"PASCO","provincia":"OXAPAMPA","distrito":"PUERTO BERMUDEZ"},"geometry":{"type":"Point","coordinates":[-74.93838159999996,-10.301158699999974]}},{"type":"Feature","properties":{"cod_regpol":"16R1","regionpol":"PIURA","cod_cpnp":"0748","comisaria":"CPNP TONDOPA","tipo":"D","categoria":"PIURA","cod_uni":"216206","cod_divpol":"16R1A","divpol":"DIVOPUS SULLANA","departamento":"PIURA","provincia":"AYABACA","distrito":"LAGUNAS"},"geometry":{"type":"Point","coordinates":[-79.85326699999996,-4.7048969989999705]}},{"type":"Feature","properties":{"cod_regpol":"16R1","regionpol":"PIURA","cod_cpnp":"0742","comisaria":"CPNP MONTERO","tipo":"D","categoria":"PIURA","cod_uni":"216202","cod_divpol":"16R1A","divpol":"DIVOPUS SULLANA","departamento":"PIURA","provincia":"AYABACA","distrito":"MONTERO"},"geometry":{"type":"Point","coordinates":[-79.82988334999999,-4.632581189999939]}},{"type":"Feature","properties":{"cod_regpol":"16R1","regionpol":"PIURA","cod_cpnp":"0744","comisaria":"CPNP PAIMAS","tipo":"D","categoria":"PIURA","cod_uni":"216204","cod_divpol":"16R1A","divpol":"DIVOPUS SULLANA","departamento":"PIURA","provincia":"AYABACA","distrito":"PAIMAS"},"geometry":{"type":"Point","coordinates":[-79.94721357999998,-4.6271445599999765]}},{"type":"Feature","properties":{"cod_regpol":"16R1","regionpol":"PIURA","cod_cpnp":"0750","comisaria":"CPNP SAPILLICA","tipo":"D","categoria":"PIURA","cod_uni":"216203","cod_divpol":"16R1A","divpol":"DIVOPUS SULLANA","departamento":"PIURA","provincia":"AYABACA","distrito":"SAPILLICA"},"geometry":{"type":"Point","coordinates":[-79.98242158999994,-4.779370959999937]}},{"type":"Feature","properties":{"cod_regpol":"16R1","regionpol":"PIURA","cod_cpnp":"0698","comisaria":"CPNP CANCHAQUE","tipo":"D","categoria":"PIURA","cod_uni":"216120","cod_divpol":"16R1B","divpol":"DIVOPUS PIURA","departamento":"PIURA","provincia":"HUANCABAMBA","distrito":"CANCHAQUE"},"geometry":{"type":"Point","coordinates":[-79.60647170999994,-5.376273979999951]}},{"type":"Feature","properties":{"cod_regpol":"16R1","regionpol":"PIURA","cod_cpnp":"0678","comisaria":"CPNP LOS RANCHOS","tipo":"D","categoria":"PIURA","cod_uni":"216104","cod_divpol":"16R1B","divpol":"DIVOPUS PIURA","departamento":"PIURA","provincia":"HUANCABAMBA","distrito":"CANCHAQUE"},"geometry":{"type":"Point","coordinates":[-79.64515075999998,-5.2271837999999775]}},{"type":"Feature","properties":{"cod_regpol":"16R1","regionpol":"PIURA","cod_cpnp":"0702","comisaria":"CPNP SAPALACHE","tipo":"D","categoria":"PIURA","cod_uni":"216121","cod_divpol":"16R1B","divpol":"DIVOPUS PIURA","departamento":"PIURA","provincia":"HUANCABAMBA","distrito":"EL CARMEN DE LA FRONTERA"},"geometry":{"type":"Point","coordinates":[-79.42836596099994,-5.148301910999976]}},{"type":"Feature","properties":{"cod_regpol":"16R1","regionpol":"PIURA","cod_cpnp":"0686","comisaria":"CPNP HUARMACA","tipo":"B","categoria":"PIURA","cod_uni":"216114","cod_divpol":"16R1B","divpol":"DIVOPUS PIURA","departamento":"PIURA","provincia":"HUANCABAMBA","distrito":"HUARMACA"},"geometry":{"type":"Point","coordinates":[-79.52362818999995,-5.567725578999955]}},{"type":"Feature","properties":{"cod_regpol":"18R1","regionpol":"PUNO","cod_cpnp":"4505","comisaria":"CPNP HUATA","tipo":"E","categoria":"PUNO","cod_uni":"219253","cod_divpol":"18R1B","divpol":"DIVOPUS PUNO","departamento":"PUNO","provincia":"PUNO","distrito":"HUATA"},"geometry":{"type":"Point","coordinates":[-69.97176488899999,-15.614307009999948]}},{"type":"Feature","properties":{"cod_regpol":"16R1","regionpol":"PIURA","cod_cpnp":"0689","comisaria":"CPNP SAN MIGUEL DE EL FAIQUE","tipo":"D","categoria":"PIURA","cod_uni":"216117","cod_divpol":"16R1B","divpol":"DIVOPUS PIURA","departamento":"PIURA","provincia":"HUANCABAMBA","distrito":"SAN MIGUEL DE EL FAIQUE"},"geometry":{"type":"Point","coordinates":[-79.60690141999999,-5.4009828399999265]}},{"type":"Feature","properties":{"cod_regpol":"16R1","regionpol":"PIURA","cod_cpnp":"0692","comisaria":"CPNP SONDORILLO","tipo":"D","categoria":"PIURA","cod_uni":"216118","cod_divpol":"16R1B","divpol":"DIVOPUS PIURA","departamento":"PIURA","provincia":"HUANCABAMBA","distrito":"SONDORILLO"},"geometry":{"type":"Point","coordinates":[-79.42847168999998,-5.338962239999944]}},{"type":"Feature","properties":{"cod_regpol":"16R1","regionpol":"PIURA","cod_cpnp":"0675","comisaria":"CPNP CHALACO","tipo":"D","categoria":"PIURA","cod_uni":"216103","cod_divpol":"16R1B","divpol":"DIVOPUS PIURA","departamento":"PIURA","provincia":"MORROPON","distrito":"CHALACO"},"geometry":{"type":"Point","coordinates":[-79.79450787999997,-5.039447779999932]}},{"type":"Feature","properties":{"cod_regpol":"16R1","regionpol":"PIURA","cod_cpnp":"0663","comisaria":"CPNP LA MATANZA","tipo":"D","categoria":"PIURA","cod_uni":"216087","cod_divpol":"16R1B","divpol":"DIVOPUS PIURA","departamento":"PIURA","provincia":"MORROPON","distrito":"LA MATANZA"},"geometry":{"type":"Point","coordinates":[-80.09024969999996,-5.214953389999948]}},{"type":"Feature","properties":{"cod_regpol":"16R1","regionpol":"PIURA","cod_cpnp":"0741","comisaria":"CPNP SAN JUAN DE BIGOTE","tipo":"D","categoria":"PIURA","cod_uni":"216109","cod_divpol":"16R1B","divpol":"DIVOPUS PIURA","departamento":"PIURA","provincia":"MORROPON","distrito":"SAN JUAN DE BIGOTE"},"geometry":{"type":"Point","coordinates":[-79.78670002999996,-5.318868588999976]}},{"type":"Feature","properties":{"cod_regpol":"16R1","regionpol":"PIURA","cod_cpnp":"0668","comisaria":"CPNP SANTO DOMINGO","tipo":"C","categoria":"PIURA","cod_uni":"216099","cod_divpol":"16R1B","divpol":"DIVOPUS PIURA","departamento":"PIURA","provincia":"MORROPON","distrito":"SANTO DOMINGO"},"geometry":{"type":"Point","coordinates":[-79.87570275999997,-5.02895216099995]}},{"type":"Feature","properties":{"cod_regpol":"16R1","regionpol":"PIURA","cod_cpnp":"0672","comisaria":"CPNP YAMANGO","tipo":"D","categoria":"PIURA","cod_uni":"216102","cod_divpol":"16R1B","divpol":"DIVOPUS PIURA","departamento":"PIURA","provincia":"MORROPON","distrito":"YAMANGO"},"geometry":{"type":"Point","coordinates":[-79.75479271999995,-5.180252579999944]}},{"type":"Feature","properties":{"cod_regpol":"18R1","regionpol":"PUNO","cod_cpnp":"4514","comisaria":"CPNP CHUCUITO","tipo":"C","categoria":"PUNO","cod_uni":"219245","cod_divpol":"18R1B","divpol":"DIVOPUS PUNO","departamento":"PUNO","provincia":"PUNO","distrito":"CHUCUITO"},"geometry":{"type":"Point","coordinates":[-69.88965131999998,-15.894847109999944]}},{"type":"Feature","properties":{"cod_regpol":"18R1","regionpol":"PUNO","cod_cpnp":"4506","comisaria":"CPNP MAÑAZO","tipo":"E","categoria":"PUNO","cod_uni":"219254","cod_divpol":"18R1B","divpol":"DIVOPUS PUNO","departamento":"PUNO","provincia":"PUNO","distrito":"MAÑAZO"},"geometry":{"type":"Point","coordinates":[-70.34298581999997,-15.801379709999935]}},{"type":"Feature","properties":{"cod_regpol":"18R1","regionpol":"PUNO","cod_cpnp":"4502","comisaria":"CPNP PAUCARCOLLA","tipo":"D","categoria":"PUNO","cod_uni":"219251","cod_divpol":"18R1B","divpol":"DIVOPUS PUNO","departamento":"PUNO","provincia":"PUNO","distrito":"PAUCARCOLLA"},"geometry":{"type":"Point","coordinates":[-70.05465301899994,-15.744978199999935]}},{"type":"Feature","properties":{"cod_regpol":"18R1","regionpol":"PUNO","cod_cpnp":"4510","comisaria":"CPNP TIQUILLACA","tipo":"D","categoria":"PUNO","cod_uni":"219252","cod_divpol":"18R1B","divpol":"DIVOPUS PUNO","departamento":"PUNO","provincia":"PUNO","distrito":"TIQUILLACA"},"geometry":{"type":"Point","coordinates":[-70.18642479099998,-15.79747717999993]}},{"type":"Feature","properties":{"cod_regpol":"18R1","regionpol":"PUNO","cod_cpnp":"4654","comisaria":"CPNP HUACULLANI","tipo":"E","categoria":"PUNO","cod_uni":"219271","cod_divpol":"18R1B","divpol":"DIVOPUS PUNO","departamento":"PUNO","provincia":"CHUCUITO","distrito":"HUACULLANI"},"geometry":{"type":"Point","coordinates":[-69.32197674999998,-16.631114388999947]}},{"type":"Feature","properties":{"cod_regpol":"18R1","regionpol":"PUNO","cod_cpnp":"4650","comisaria":"CPNP POMATA","tipo":"D","categoria":"PUNO","cod_uni":"219272","cod_divpol":"18R1B","divpol":"DIVOPUS PUNO","departamento":"PUNO","provincia":"CHUCUITO","distrito":"POMATA"},"geometry":{"type":"Point","coordinates":[-69.29273198999994,-16.27178755099993]}},{"type":"Feature","properties":{"cod_regpol":"18R1","regionpol":"PUNO","cod_cpnp":"4640","comisaria":"CPNP PILCUYO","tipo":"D","categoria":"PUNO","cod_uni":"219260","cod_divpol":"18R1B","divpol":"DIVOPUS PUNO","departamento":"PUNO","provincia":"EL COLLAO","distrito":"PILCUYO"},"geometry":{"type":"Point","coordinates":[-69.55587384999995,-16.111379350999982]}},{"type":"Feature","properties":{"cod_regpol":"19R2","regionpol":"SAN MARTIN","cod_cpnp":"1386","comisaria":"CPNP NUEVO LIMA","tipo":"E","categoria":"SAN MARTIN","cod_uni":"224315","cod_divpol":"19R2B","divpol":"DIVOPUS TARAPOTO","departamento":"SAN MARTIN","provincia":"BELLAVISTA","distrito":"BAJO BIAVO"},"geometry":{"type":"Point","coordinates":[-76.47200831999999,-7.099252319999948]}},{"type":"Feature","properties":{"cod_regpol":"19R2","regionpol":"SAN MARTIN","cod_cpnp":"1384","comisaria":"CPNP SAN MARTIN ALAO","tipo":"E","categoria":"SAN MARTIN","cod_uni":"221901","cod_divpol":"19R2B","divpol":"DIVOPUS TARAPOTO","departamento":"SAN MARTIN","provincia":"EL DORADO","distrito":"SAN MARTIN"},"geometry":{"type":"Point","coordinates":[-76.74178057999995,-6.513806729999942]}},{"type":"Feature","properties":{"cod_regpol":"19R2","regionpol":"SAN MARTIN","cod_cpnp":"1377","comisaria":"CPNP SACANCHE","tipo":"D","categoria":"SAN MARTIN","cod_uni":"224314","cod_divpol":"19R2B","divpol":"DIVOPUS TARAPOTO","departamento":"SAN MARTIN","provincia":"HUALLAGA","distrito":"SACANCHE"},"geometry":{"type":"Point","coordinates":[-76.71357915999994,-7.070043509999948]}},{"type":"Feature","properties":{"cod_regpol":"19R2","regionpol":"SAN MARTIN","cod_cpnp":"1323","comisaria":"CPNP PONGO DE CAYNARACHI","tipo":"D","categoria":"SAN MARTIN","cod_uni":"221896","cod_divpol":"19R2B","divpol":"DIVOPUS TARAPOTO","departamento":"SAN MARTIN","provincia":"LAMAS","distrito":"CAYNARACHI"},"geometry":{"type":"Point","coordinates":[-76.29056386999997,-6.334485769999958]}},{"type":"Feature","properties":{"cod_regpol":"19R2","regionpol":"SAN MARTIN","cod_cpnp":"1407","comisaria":"CPNP ALIANZA","tipo":"C","categoria":"SAN MARTIN","cod_uni":"221938","cod_divpol":"19R2B","divpol":"DIVOPUS TARAPOTO","departamento":"SAN MARTIN","provincia":"LAMAS","distrito":"CAYNARACHI"},"geometry":{"type":"Point","coordinates":[-76.27590261099994,-6.11533172999998]}},{"type":"Feature","properties":{"cod_regpol":"19R2","regionpol":"SAN MARTIN","cod_cpnp":"1339","comisaria":"CPNP PACAYZAPA","tipo":"C","categoria":"SAN MARTIN","cod_uni":"221964","cod_divpol":"19R2A","divpol":"DIVPOL MOYOBAMBA","departamento":"SAN MARTIN","provincia":"LAMAS","distrito":"ALONSO DE ALVARADO"},"geometry":{"type":"Point","coordinates":[-76.77346497999997,-6.271832109999934]}},{"type":"Feature","properties":{"cod_regpol":"19R2","regionpol":"SAN MARTIN","cod_cpnp":"1340","comisaria":"CPNP ALONSO DE ALVARADO ROQUE","tipo":"D","categoria":"SAN MARTIN","cod_uni":"221967","cod_divpol":"19R2A","divpol":"DIVPOL MOYOBAMBA","departamento":"SAN MARTIN","provincia":"LAMAS","distrito":"ALONSO DE ALVARADO"},"geometry":{"type":"Point","coordinates":[-76.77338911999993,-6.355579989999967]}},{"type":"Feature","properties":{"cod_regpol":"20R2","regionpol":"TACNA","cod_cpnp":"4312","comisaria":"CPNP CALANA","tipo":"D","categoria":"TACNA","cod_uni":"222438","cod_divpol":"20R2A","divpol":"DIVOPUS TACNA","departamento":"TACNA","provincia":"TACNA","distrito":"CALANA"},"geometry":{"type":"Point","coordinates":[-70.18667431899996,-17.940707479999958]}},{"type":"Feature","properties":{"cod_regpol":"19R2","regionpol":"SAN MARTIN","cod_cpnp":"1320","comisaria":"CPNP TABALOSOS","tipo":"D","categoria":"SAN MARTIN","cod_uni":"221895","cod_divpol":"19R2B","divpol":"DIVOPUS TARAPOTO","departamento":"SAN MARTIN","provincia":"LAMAS","distrito":"TABALOSOS"},"geometry":{"type":"Point","coordinates":[-76.62995862999998,-6.38736487999995]}},{"type":"Feature","properties":{"cod_regpol":"20R2","regionpol":"TACNA","cod_cpnp":"4305","comisaria":"CPNP LA YARADA LOS PALOS","tipo":"D","categoria":"TACNA","cod_uni":"226416","cod_divpol":"20R2A","divpol":"DIVOPUS TACNA","departamento":"TACNA","provincia":"TACNA","distrito":"LA YARADA LOS PALOS"},"geometry":{"type":"Point","coordinates":[-70.50433999999996,-18.176758999999947]}},{"type":"Feature","properties":{"cod_regpol":"19R2","regionpol":"SAN MARTIN","cod_cpnp":"7040","comisaria":"CPNP UCHIZA","tipo":"B","categoria":"SAN MARTIN","cod_uni":"221920","cod_divpol":"19R2B","divpol":"DIVOPUS TARAPOTO","departamento":"SAN MARTIN","provincia":"TOCACHE","distrito":"UCHIZA"},"geometry":{"type":"Point","coordinates":[-76.46217742099998,-8.450469749999968]}},{"type":"Feature","properties":{"cod_regpol":"19R2","regionpol":"SAN MARTIN","cod_cpnp":"1393","comisaria":"CPNP SANTA LUCIA","tipo":"D","categoria":"SAN MARTIN","cod_uni":"221927","cod_divpol":"19R2B","divpol":"DIVOPUS TARAPOTO","departamento":"SAN MARTIN","provincia":"TOCACHE","distrito":"UCHIZA"},"geometry":{"type":"Point","coordinates":[-76.38738212899995,-8.343338838999955]}},{"type":"Feature","properties":{"cod_regpol":"20R2","regionpol":"TACNA","cod_cpnp":"4298","comisaria":"CPNP SAMA INCLAN","tipo":"E","categoria":"TACNA","cod_uni":"222433","cod_divpol":"20R2A","divpol":"DIVOPUS TACNA","departamento":"TACNA","provincia":"TACNA","distrito":"INCLAN"},"geometry":{"type":"Point","coordinates":[-70.49490417999993,-17.79478015999996]}},{"type":"Feature","properties":{"cod_regpol":"20R2","regionpol":"TACNA","cod_cpnp":"4314","comisaria":"CPNP PACHIA","tipo":"E","categoria":"TACNA","cod_uni":"222439","cod_divpol":"20R2A","divpol":"DIVOPUS TACNA","departamento":"TACNA","provincia":"TACNA","distrito":"PACHIA"},"geometry":{"type":"Point","coordinates":[-70.15297203999995,-17.895423190999963]}},{"type":"Feature","properties":{"cod_regpol":"20R2","regionpol":"TACNA","cod_cpnp":"4366","comisaria":"CPNP ITE","tipo":"E","categoria":"TACNA","cod_uni":"222469","cod_divpol":"20R2A","divpol":"DIVOPUS TACNA","departamento":"TACNA","provincia":"JORGE BASADRE","distrito":"ITE"},"geometry":{"type":"Point","coordinates":[-70.96392862999994,-17.86234800099993]}},{"type":"Feature","properties":{"cod_regpol":"01R1","regionpol":"ANCASH","cod_cpnp":"4905","comisaria":"CPNP BUENOS AIRES","tipo":"A","categoria":"ANCASH","cod_uni":"222229","cod_divpol":"01R1A","divpol":"DIVPOL CHIMBOTE","departamento":"ANCASH","provincia":"SANTA","distrito":"NUEVO CHIMBOTE"},"geometry":{"type":"Point","coordinates":[-78.52131417099997,-9.127843179999957]}},{"type":"Feature","properties":{"cod_regpol":"01R1","regionpol":"ANCASH","cod_cpnp":"4891","comisaria":"CPNP VILLA MARIA","tipo":"C","categoria":"ANCASH","cod_uni":"222226","cod_divpol":"01R1A","divpol":"DIVPOL CHIMBOTE","departamento":"ANCASH","provincia":"SANTA","distrito":"NUEVO CHIMBOTE"},"geometry":{"type":"Point","coordinates":[-78.54481271999998,-9.116919829999972]}},{"type":"Feature","properties":{"cod_regpol":"01R1","regionpol":"ANCASH","cod_cpnp":"4930","comisaria":"CPNP HUARMEY","tipo":"A","categoria":"ANCASH","cod_uni":"222240","cod_divpol":"01R1A","divpol":"DIVPOL CHIMBOTE","departamento":"ANCASH","provincia":"HUARMEY","distrito":"HUARMEY"},"geometry":{"type":"Point","coordinates":[-78.15444292999996,-10.068987259999972]}},{"type":"Feature","properties":{"cod_regpol":"13R1","regionpol":"LIMA CENTRO","cod_cpnp":"2481","comisaria":"CPNP SAN LORENZO DE QUINTI","tipo":"C","categoria":"PROVINCIA","cod_uni":"220237","cod_divpol":"13R1L","divpol":"DIVPOL CHOSICA","departamento":"LIMA","provincia":"HUAROCHIRI","distrito":"SAN LORENZO DE QUINTI"},"geometry":{"type":"Point","coordinates":[-76.21276714699997,-12.14486349599997]}},{"type":"Feature","properties":{"cod_regpol":"01R1","regionpol":"ANCASH","cod_cpnp":"4932","comisaria":"CPNP CHUQUICARA","tipo":"D","categoria":"ANCASH","cod_uni":"222257","cod_divpol":"01R1A","divpol":"DIVPOL CHIMBOTE","departamento":"ANCASH","provincia":"SANTA","distrito":"MACATE"},"geometry":{"type":"Point","coordinates":[-78.23467199999999,-8.656056999999976]}},{"type":"Feature","properties":{"cod_regpol":"01R1","regionpol":"ANCASH","cod_cpnp":"4902","comisaria":"CPNP MACATE","tipo":"E","categoria":"ANCASH","cod_uni":"222256","cod_divpol":"01R1A","divpol":"DIVPOL CHIMBOTE","departamento":"ANCASH","provincia":"SANTA","distrito":"MACATE"},"geometry":{"type":"Point","coordinates":[-78.06101261899994,-8.760326609999936]}},{"type":"Feature","properties":{"cod_regpol":"13R1","regionpol":"LIMA NORTE","cod_cpnp":"2385","comisaria":"CPNP OYON","tipo":"B","categoria":"PROVINCIA","cod_uni":"220402","cod_divpol":"13R1B","divpol":"DIVPOL HUACHO","departamento":"LIMA","provincia":"OYON","distrito":"OYON"},"geometry":{"type":"Point","coordinates":[-76.76966513899998,-10.669522434999976]}},{"type":"Feature","properties":{"cod_regpol":"13R1","regionpol":"LIMA SUR","cod_cpnp":"2405","comisaria":"CPNP ASIA","tipo":"B","categoria":"PROVINCIA","cod_uni":"220292","cod_divpol":"13R1P","divpol":"DIVPOL CAÑETE","departamento":"LIMA","provincia":"CAÑETE","distrito":"ASIA"},"geometry":{"type":"Point","coordinates":[-76.55665253599994,-12.778993990999936]}},{"type":"Feature","properties":{"cod_regpol":"01R1","regionpol":"ANCASH","cod_cpnp":"4916","comisaria":"CPNP JIMBE","tipo":"D","categoria":"ANCASH","cod_uni":"222234","cod_divpol":"01R1A","divpol":"DIVPOL CHIMBOTE","departamento":"ANCASH","provincia":"SANTA","distrito":"CACERES DEL PERU"},"geometry":{"type":"Point","coordinates":[-78.13957108099999,-9.015533639999944]}},{"type":"Feature","properties":{"cod_regpol":"06R1","regionpol":"CALLAO","cod_cpnp":"6026","comisaria":"CPNP LA PERLA","tipo":"A","categoria":"CALLAO","cod_uni":"220509","cod_divpol":"06R1C","divpol":"DIVOPUS 01","departamento":"CALLAO","provincia":"CALLAO","distrito":"LA PERLA"},"geometry":{"type":"Point","coordinates":[-77.12593500999998,-12.070182939999938]}},{"type":"Feature","properties":{"cod_regpol":"13R1","regionpol":"LIMA CENTRO","cod_cpnp":"2145","comisaria":"CPNP LA MOLINA","tipo":"A","categoria":"LIMAMETRO","cod_uni":"220023","cod_divpol":"13R1M","divpol":"DIVPOL ESTE 2","departamento":"LIMA","provincia":"LIMA","distrito":"LA MOLINA"},"geometry":{"type":"Point","coordinates":[-76.91657329999998,-12.077342924999925]}},{"type":"Feature","properties":{"cod_regpol":"13R1","regionpol":"LIMA CENTRO","cod_cpnp":"2150","comisaria":"CPNP SANTA FELICIA","tipo":"B","categoria":"LIMAMETRO","cod_uni":"220026","cod_divpol":"13R1M","divpol":"DIVPOL ESTE 2","departamento":"LIMA","provincia":"LIMA","distrito":"LA MOLINA"},"geometry":{"type":"Point","coordinates":[-76.95520073799997,-12.072276127999942]}},{"type":"Feature","properties":{"cod_regpol":"13R1","regionpol":"LIMA CENTRO","cod_cpnp":"2152","comisaria":"CPNP LAS PRADERAS","tipo":"B","categoria":"LIMAMETRO","cod_uni":"220029","cod_divpol":"13R1M","divpol":"DIVPOL ESTE 2","departamento":"LIMA","provincia":"LIMA","distrito":"LA MOLINA"},"geometry":{"type":"Point","coordinates":[-76.93701856599995,-12.114667649999944]}},{"type":"Feature","properties":{"cod_regpol":"06R1","regionpol":"CALLAO","cod_cpnp":"6000","comisaria":"CPNP CALLAO","tipo":"A","categoria":"CALLAO","cod_uni":"220500","cod_divpol":"06R1C","divpol":"DIVOPUS 01","departamento":"CALLAO","provincia":"CALLAO","distrito":"CALLAO"},"geometry":{"type":"Point","coordinates":[-77.12895650999997,-12.054995839999947]}},{"type":"Feature","properties":{"cod_regpol":"06R1","regionpol":"CALLAO","cod_cpnp":"6004","comisaria":"CPNP RAMON CASTILLA","tipo":"A","categoria":"CALLAO","cod_uni":"220521","cod_divpol":"06R1C","divpol":"DIVOPUS 01","departamento":"CALLAO","provincia":"CALLAO","distrito":"CALLAO"},"geometry":{"type":"Point","coordinates":[-77.12400568999993,-12.04388690999997]}},{"type":"Feature","properties":{"cod_regpol":"06R1","regionpol":"CALLAO","cod_cpnp":"6018","comisaria":"CPNP CIUDADELA CHALACA","tipo":"B","categoria":"CALLAO","cod_uni":"220512","cod_divpol":"06R1C","divpol":"DIVOPUS 01","departamento":"CALLAO","provincia":"CALLAO","distrito":"CALLAO"},"geometry":{"type":"Point","coordinates":[-77.13176784099994,-12.050285119999955]}},{"type":"Feature","properties":{"cod_regpol":"06R1","regionpol":"CALLAO","cod_cpnp":"6006","comisaria":"CPNP LA LEGUA","tipo":"B","categoria":"CALLAO","cod_uni":"220506","cod_divpol":"06R1C","divpol":"DIVOPUS 01","departamento":"CALLAO","provincia":"CALLAO","distrito":"CALLAO"},"geometry":{"type":"Point","coordinates":[-77.09717324999997,-12.052692539999953]}},{"type":"Feature","properties":{"cod_regpol":"13R1","regionpol":"LIMA CENTRO","cod_cpnp":"2475","comisaria":"CPNP CHACLACAYO","tipo":"B","categoria":"PROVINCIA","cod_uni":"220234","cod_divpol":"13R1L","divpol":"DIVPOL CHOSICA","departamento":"LIMA","provincia":"LIMA","distrito":"CHACLACAYO"},"geometry":{"type":"Point","coordinates":[-76.76540623899996,-11.977026921999936]}},{"type":"Feature","properties":{"cod_regpol":"13R1","regionpol":"LIMA SUR","cod_cpnp":"2425","comisaria":"CPNP IMPERIAL","tipo":"A","categoria":"PROVINCIA","cod_uni":"220286","cod_divpol":"13R1P","divpol":"DIVPOL CAÑETE","departamento":"LIMA","provincia":"CAÑETE","distrito":"IMPERIAL"},"geometry":{"type":"Point","coordinates":[-76.35314903099999,-13.061450341999944]}},{"type":"Feature","properties":{"cod_regpol":"01R1","regionpol":"ANCASH","cod_cpnp":"4897","comisaria":"CPNP COISHCO","tipo":"B","categoria":"ANCASH","cod_uni":"222252","cod_divpol":"01R1A","divpol":"DIVPOL CHIMBOTE","departamento":"ANCASH","provincia":"SANTA","distrito":"COISHCO"},"geometry":{"type":"Point","coordinates":[-78.61538608099994,-9.020776029999979]}},{"type":"Feature","properties":{"cod_regpol":"06R1","regionpol":"CALLAO","cod_cpnp":"6002","comisaria":"CPNP LA PUNTA","tipo":"B","categoria":"CALLAO","cod_uni":"220503","cod_divpol":"06R1C","divpol":"DIVOPUS 01","departamento":"CALLAO","provincia":"CALLAO","distrito":"LA PUNTA"},"geometry":{"type":"Point","coordinates":[-77.15787093999995,-12.06825288999994]}},{"type":"Feature","properties":{"cod_regpol":"01R1","regionpol":"ANCASH","cod_cpnp":"4884","comisaria":"CPNP CHIMBOTE","tipo":"A","categoria":"ANCASH","cod_uni":"222211","cod_divpol":"01R1A","divpol":"DIVPOL CHIMBOTE","departamento":"ANCASH","provincia":"SANTA","distrito":"CHIMBOTE"},"geometry":{"type":"Point","coordinates":[-78.59972882999995,-9.073167129999945]}},{"type":"Feature","properties":{"cod_regpol":"01R1","regionpol":"ANCASH","cod_cpnp":"4888","comisaria":"CPNP LA LIBERTAD","tipo":"A","categoria":"ANCASH","cod_uni":"222217","cod_divpol":"01R1A","divpol":"DIVPOL CHIMBOTE","departamento":"ANCASH","provincia":"SANTA","distrito":"CHIMBOTE"},"geometry":{"type":"Point","coordinates":[-78.57513492999993,-9.08680985999996]}},{"type":"Feature","properties":{"cod_regpol":"01R1","regionpol":"ANCASH","cod_cpnp":"4890","comisaria":"CPNP ALTO PERU","tipo":"B","categoria":"ANCASH","cod_uni":"222220","cod_divpol":"01R1A","divpol":"DIVPOL CHIMBOTE","departamento":"ANCASH","provincia":"SANTA","distrito":"CHIMBOTE"},"geometry":{"type":"Point","coordinates":[-78.57348136999997,-9.07815077999993]}},{"type":"Feature","properties":{"cod_regpol":"01R1","regionpol":"ANCASH","cod_cpnp":"4886","comisaria":"CPNP 21 DE ABRIL","tipo":"A","categoria":"ANCASH","cod_uni":"222214","cod_divpol":"01R1A","divpol":"DIVPOL CHIMBOTE","departamento":"ANCASH","provincia":"SANTA","distrito":"CHIMBOTE"},"geometry":{"type":"Point","coordinates":[-78.58395115699994,-9.068087805999937]}},{"type":"Feature","properties":{"cod_regpol":"01R1","regionpol":"ANCASH","cod_cpnp":"4900","comisaria":"CPNP RINCONADA","tipo":"D","categoria":"ANCASH","cod_uni":"222255","cod_divpol":"01R1A","divpol":"DIVPOL CHIMBOTE","departamento":"ANCASH","provincia":"SANTA","distrito":"CHIMBOTE"},"geometry":{"type":"Point","coordinates":[-78.56632489899994,-8.893149989999927]}},{"type":"Feature","properties":{"cod_regpol":"01R1","regionpol":"ANCASH","cod_cpnp":"4892","comisaria":"CPNP SAN PEDRO","tipo":"B","categoria":"ANCASH","cod_uni":"222223","cod_divpol":"01R1A","divpol":"DIVPOL CHIMBOTE","departamento":"ANCASH","provincia":"SANTA","distrito":"CHIMBOTE"},"geometry":{"type":"Point","coordinates":[-78.58684340999997,-9.049111538999966]}},{"type":"Feature","properties":{"cod_regpol":"01R1","regionpol":"ANCASH","cod_cpnp":"4933","comisaria":"CPNP TAMBO REAL NUEVO","tipo":"D","categoria":"ANCASH","cod_uni":"222258","cod_divpol":"01R1A","divpol":"DIVPOL CHIMBOTE","departamento":"ANCASH","provincia":"SANTA","distrito":"CHIMBOTE"},"geometry":{"type":"Point","coordinates":[-78.58551041999993,-8.964803900999925]}},{"type":"Feature","properties":{"cod_regpol":"13R1","regionpol":"LIMA CENTRO","cod_cpnp":"2120","comisaria":"CPNP SANTA ANITA","tipo":"A","categoria":"LIMAMETRO","cod_uni":"220008","cod_divpol":"13R1M","divpol":"DIVPOL ESTE 2","departamento":"LIMA","provincia":"LIMA","distrito":"SANTA ANITA"},"geometry":{"type":"Point","coordinates":[-76.97665897299999,-12.044732106999959]}},{"type":"Feature","properties":{"cod_regpol":"06R1","regionpol":"CALLAO","cod_cpnp":"6024","comisaria":"CPNP BELLAVISTA","tipo":"A","categoria":"CALLAO","cod_uni":"220518","cod_divpol":"06R1C","divpol":"DIVOPUS 01","departamento":"CALLAO","provincia":"CALLAO","distrito":"BELLAVISTA"},"geometry":{"type":"Point","coordinates":[-77.12539506999997,-12.061190129999943]}},{"type":"Feature","properties":{"cod_regpol":"06R1","regionpol":"CALLAO","cod_cpnp":"6017","comisaria":"CPNP CIUDAD DEL PESCADOR","tipo":"A","categoria":"CALLAO","cod_uni":"220515","cod_divpol":"06R1C","divpol":"DIVOPUS 01","departamento":"CALLAO","provincia":"CALLAO","distrito":"BELLAVISTA"},"geometry":{"type":"Point","coordinates":[-77.10533004999996,-12.05898603999998]}},{"type":"Feature","properties":{"cod_regpol":"13R1","regionpol":"LIMA NORTE","cod_cpnp":"2358","comisaria":"CPNP CRUZ BLANCA","tipo":"B","categoria":"PROVINCIA","cod_uni":"220375","cod_divpol":"13R1B","divpol":"DIVPOL HUACHO","departamento":"LIMA","provincia":"HUAURA","distrito":"HUALMAY"},"geometry":{"type":"Point","coordinates":[-77.59567525699998,-11.097325577999982]}},{"type":"Feature","properties":{"cod_regpol":"13R1","regionpol":"LIMA SUR","cod_cpnp":"2435","comisaria":"CPNP MALA","tipo":"B","categoria":"PROVINCIA","cod_uni":"220301","cod_divpol":"13R1P","divpol":"DIVPOL CAÑETE","departamento":"LIMA","provincia":"CAÑETE","distrito":"MALA"},"geometry":{"type":"Point","coordinates":[-76.63256240599998,-12.657422899999972]}},{"type":"Feature","properties":{"cod_regpol":"13R1","regionpol":"LIMA CENTRO","cod_cpnp":"1995","comisaria":"CPNP ALFONSO UGARTE","tipo":"A","categoria":"LIMAMETRO","cod_uni":"219864","cod_divpol":"13R1G","divpol":"DIVPOL CENTRO 1","departamento":"LIMA","provincia":"LIMA","distrito":"LIMA"},"geometry":{"type":"Point","coordinates":[-77.04142299999995,-12.057295000999943]}},{"type":"Feature","properties":{"cod_regpol":"13R1","regionpol":"LIMA CENTRO","cod_cpnp":"2005","comisaria":"CPNP CONDE DE LA VEGA","tipo":"A","categoria":"LIMAMETRO","cod_uni":"219870","cod_divpol":"13R1G","divpol":"DIVPOL CENTRO 1","departamento":"LIMA","provincia":"LIMA","distrito":"LIMA"},"geometry":{"type":"Point","coordinates":[-77.05325499899999,-12.038406669999972]}},{"type":"Feature","properties":{"cod_regpol":"13R1","regionpol":"LIMA CENTRO","cod_cpnp":"1990","comisaria":"CPNP COTABAMBAS","tipo":"A","categoria":"LIMAMETRO","cod_uni":"219861","cod_divpol":"13R1G","divpol":"DIVPOL CENTRO 1","departamento":"LIMA","provincia":"LIMA","distrito":"LIMA"},"geometry":{"type":"Point","coordinates":[-77.03414084499997,-12.058031356999948]}},{"type":"Feature","properties":{"cod_regpol":"13R1","regionpol":"LIMA CENTRO","cod_cpnp":"2015","comisaria":"CPNP UNIDAD VECINAL MIRONES ALTO","tipo":"B","categoria":"LIMAMETRO","cod_uni":"219876","cod_divpol":"13R1G","divpol":"DIVPOL CENTRO 1","departamento":"LIMA","provincia":"LIMA","distrito":"LIMA"},"geometry":{"type":"Point","coordinates":[-77.06746386999998,-12.05120428999993]}},{"type":"Feature","properties":{"cod_regpol":"13R1","regionpol":"LIMA CENTRO","cod_cpnp":"2020","comisaria":"CPNP UNIDAD VECINAL MIRONES BAJO","tipo":"B","categoria":"LIMAMETRO","cod_uni":"219879","cod_divpol":"13R1G","divpol":"DIVPOL CENTRO 1","departamento":"LIMA","provincia":"LIMA","distrito":"LIMA"},"geometry":{"type":"Point","coordinates":[-77.07554504599995,-12.036872336999977]}},{"type":"Feature","properties":{"cod_regpol":"13R1","regionpol":"LIMA CENTRO","cod_cpnp":"1997","comisaria":"CPNP MONSERRATE","tipo":"A","categoria":"LIMAMETRO","cod_uni":"219855","cod_divpol":"13R1G","divpol":"DIVPOL CENTRO 1","departamento":"LIMA","provincia":"LIMA","distrito":"LIMA"},"geometry":{"type":"Point","coordinates":[-77.03925741699999,-12.041341412999941]}},{"type":"Feature","properties":{"cod_regpol":"13R1","regionpol":"LIMA CENTRO","cod_cpnp":"2025","comisaria":"CPNP PALOMINO","tipo":"B","categoria":"LIMAMETRO","cod_uni":"219882","cod_divpol":"13R1G","divpol":"DIVPOL CENTRO 1","departamento":"LIMA","provincia":"LIMA","distrito":"LIMA"},"geometry":{"type":"Point","coordinates":[-77.07251404999994,-12.060106808999933]}},{"type":"Feature","properties":{"cod_regpol":"13R1","regionpol":"LIMA CENTRO","cod_cpnp":"2000","comisaria":"CPNP PETIT THOUARS","tipo":"A","categoria":"LIMAMETRO","cod_uni":"219867","cod_divpol":"13R1G","divpol":"DIVPOL CENTRO 1","departamento":"LIMA","provincia":"LIMA","distrito":"LIMA"},"geometry":{"type":"Point","coordinates":[-77.03536775999999,-12.06890088299997]}},{"type":"Feature","properties":{"cod_regpol":"13R1","regionpol":"LIMA CENTRO","cod_cpnp":"1985","comisaria":"CPNP SAN ANDRES","tipo":"A","categoria":"LIMAMETRO","cod_uni":"219858","cod_divpol":"13R1G","divpol":"DIVPOL CENTRO 1","departamento":"LIMA","provincia":"LIMA","distrito":"LIMA"},"geometry":{"type":"Point","coordinates":[-77.02358014399994,-12.05119532699996]}},{"type":"Feature","properties":{"cod_regpol":"13R1","regionpol":"LIMA CENTRO","cod_cpnp":"2010","comisaria":"CPNP UNIDAD VECINAL 3","tipo":"B","categoria":"LIMAMETRO","cod_uni":"219873","cod_divpol":"13R1G","divpol":"DIVPOL CENTRO 1","departamento":"LIMA","provincia":"LIMA","distrito":"LIMA"},"geometry":{"type":"Point","coordinates":[-77.08186409999996,-12.051401379999959]}},{"type":"Feature","properties":{"cod_regpol":"13R1","regionpol":"LIMA NORTE","cod_cpnp":"2352","comisaria":"CPNP HUAURA","tipo":"B","categoria":"PROVINCIA","cod_uni":"220366","cod_divpol":"13R1B","divpol":"DIVPOL HUACHO","departamento":"LIMA","provincia":"HUAURA","distrito":"HUAURA"},"geometry":{"type":"Point","coordinates":[-77.59914596899995,-11.06819186499996]}},{"type":"Feature","properties":{"cod_regpol":"13R1","regionpol":"LIMA CENTRO","cod_cpnp":"2155","comisaria":"CPNP CIENEGUILLA","tipo":"B","categoria":"LIMAMETRO","cod_uni":"220032","cod_divpol":"13R1M","divpol":"DIVPOL ESTE 2","departamento":"LIMA","provincia":"LIMA","distrito":"CIENEGUILLA"},"geometry":{"type":"Point","coordinates":[-76.81286999999998,-12.115781999999967]}},{"type":"Feature","properties":{"cod_regpol":"13R1","regionpol":"LIMA NORTE","cod_cpnp":"2350","comisaria":"CPNP HUACHO","tipo":"A","categoria":"PROVINCIA","cod_uni":"220363","cod_divpol":"13R1B","divpol":"DIVPOL HUACHO","departamento":"LIMA","provincia":"HUAURA","distrito":"HUACHO"},"geometry":{"type":"Point","coordinates":[-77.60773244699999,-11.109682144999965]}},{"type":"Feature","properties":{"cod_regpol":"13R1","regionpol":"LIMA CENTRO","cod_cpnp":"2130","comisaria":"CPNP SANTA CLARA","tipo":"B","categoria":"LIMAMETRO","cod_uni":"220017","cod_divpol":"13R1M","divpol":"DIVPOL ESTE 2","departamento":"LIMA","provincia":"LIMA","distrito":"ATE"},"geometry":{"type":"Point","coordinates":[-76.88416384499999,-12.01671906699994]}},{"type":"Feature","properties":{"cod_regpol":"13R1","regionpol":"LIMA CENTRO","cod_cpnp":"2125","comisaria":"CPNP VITARTE","tipo":"A","categoria":"LIMAMETRO","cod_uni":"220011","cod_divpol":"13R1M","divpol":"DIVPOL ESTE 2","departamento":"LIMA","provincia":"LIMA","distrito":"ATE"},"geometry":{"type":"Point","coordinates":[-76.91956511999996,-12.026038429999971]}},{"type":"Feature","properties":{"cod_regpol":"13R1","regionpol":"LIMA CENTRO","cod_cpnp":"2135","comisaria":"CPNP HUAYCAN","tipo":"A","categoria":"LIMAMETRO","cod_uni":"220014","cod_divpol":"13R1M","divpol":"DIVPOL ESTE 2","departamento":"LIMA","provincia":"LIMA","distrito":"ATE"},"geometry":{"type":"Point","coordinates":[-76.82744292399997,-12.012224895999964]}},{"type":"Feature","properties":{"cod_regpol":"13R1","regionpol":"LIMA CENTRO","cod_cpnp":"2140","comisaria":"CPNP SALAMANCA","tipo":"B","categoria":"LIMAMETRO","cod_uni":"220020","cod_divpol":"13R1M","divpol":"DIVPOL ESTE 2","departamento":"LIMA","provincia":"LIMA","distrito":"ATE"},"geometry":{"type":"Point","coordinates":[-76.98869839399998,-12.075689876999945]}},{"type":"Feature","properties":{"cod_regpol":"13R1","regionpol":"LIMA SUR","cod_cpnp":"2400","comisaria":"CPNP SAN VICENTE","tipo":"A","categoria":"PROVINCIA","cod_uni":"220283","cod_divpol":"13R1P","divpol":"DIVPOL CAÑETE","departamento":"LIMA","provincia":"CAÑETE","distrito":"SAN VICENTE DE CAÑETE"},"geometry":{"type":"Point","coordinates":[-76.38893864099998,-13.078363992999982]}},{"type":"Feature","properties":{"cod_regpol":"13R1","regionpol":"LIMA CENTRO","cod_cpnp":"2160","comisaria":"CPNP MANCHAY","tipo":"B","categoria":"LIMAMETRO","cod_uni":"220035","cod_divpol":"13R1M","divpol":"DIVPOL ESTE 2","departamento":"LIMA","provincia":"LIMA","distrito":"PACHACAMAC"},"geometry":{"type":"Point","coordinates":[-76.87017035499997,-12.116077275999942]}},{"type":"Feature","properties":{"cod_regpol":"13R1","regionpol":"LIMA CENTRO","cod_cpnp":"2472","comisaria":"CPNP CHOSICA","tipo":"A","categoria":"PROVINCIA","cod_uni":"220231","cod_divpol":"13R1L","divpol":"DIVPOL CHOSICA","departamento":"LIMA","provincia":"LIMA","distrito":"LURIGANCHO"},"geometry":{"type":"Point","coordinates":[-76.69669166299997,-11.938776784999959]}},{"type":"Feature","properties":{"cod_regpol":"01R1","regionpol":"ANCASH","cod_cpnp":"4926","comisaria":"CPNP YAUTAN","tipo":"D","categoria":"ANCASH","cod_uni":"222246","cod_divpol":"01R1A","divpol":"DIVPOL CHIMBOTE","departamento":"ANCASH","provincia":"CASMA","distrito":"YAUTAN"},"geometry":{"type":"Point","coordinates":[-77.99684408899998,-9.511867709999933]}},{"type":"Feature","properties":{"cod_regpol":"01R1","regionpol":"ANCASH","cod_cpnp":"4912","comisaria":"CPNP PAMPAROMAS","tipo":"D","categoria":"ANCASH","cod_uni":"222232","cod_divpol":"01R1A","divpol":"DIVPOL CHIMBOTE","departamento":"ANCASH","provincia":"HUAYLAS","distrito":"PAMPAROMAS"},"geometry":{"type":"Point","coordinates":[-77.98176548999999,-9.073047739999936]}},{"type":"Feature","properties":{"cod_regpol":"01R1","regionpol":"ANCASH","cod_cpnp":"4940","comisaria":"CPNP CONCHUCOS","tipo":"D","categoria":"ANCASH","cod_uni":"222262","cod_divpol":"01R1A","divpol":"DIVPOL CHIMBOTE","departamento":"ANCASH","provincia":"PALLASCA","distrito":"CONCHUCOS"},"geometry":{"type":"Point","coordinates":[-77.85288543899998,-8.26857020999995]}},{"type":"Feature","properties":{"cod_regpol":"01R1","regionpol":"ANCASH","cod_cpnp":"4944","comisaria":"CPNP PALLASCA","tipo":"D","categoria":"ANCASH","cod_uni":"222264","cod_divpol":"01R1A","divpol":"DIVPOL CHIMBOTE","departamento":"ANCASH","provincia":"PALLASCA","distrito":"PALLASCA"},"geometry":{"type":"Point","coordinates":[-77.99931747999995,-8.253323499999965]}},{"type":"Feature","properties":{"cod_regpol":"01R1","regionpol":"ANCASH","cod_cpnp":"4942","comisaria":"CPNP PAMPAS","tipo":"D","categoria":"ANCASH","cod_uni":"222263","cod_divpol":"01R1A","divpol":"DIVPOL CHIMBOTE","departamento":"ANCASH","provincia":"PALLASCA","distrito":"PAMPAS"},"geometry":{"type":"Point","coordinates":[-77.89563404999996,-8.195326550999937]}},{"type":"Feature","properties":{"cod_regpol":"01R1","regionpol":"ANCASH","cod_cpnp":"4946","comisaria":"CPNP TAUCA","tipo":"E","categoria":"ANCASH","cod_uni":"222265","cod_divpol":"01R1A","divpol":"DIVPOL CHIMBOTE","departamento":"ANCASH","provincia":"PALLASCA","distrito":"TAUCA"},"geometry":{"type":"Point","coordinates":[-78.03745659999998,-8.469971378999958]}},{"type":"Feature","properties":{"cod_regpol":"01R1","regionpol":"ANCASH","cod_cpnp":"4920","comisaria":"CPNP MORO","tipo":"D","categoria":"ANCASH","cod_uni":"222238","cod_divpol":"01R1A","divpol":"DIVPOL CHIMBOTE","departamento":"ANCASH","provincia":"SANTA","distrito":"MORO"},"geometry":{"type":"Point","coordinates":[-78.18411357999997,-9.139607729999966]}},{"type":"Feature","properties":{"cod_regpol":"01R1","regionpol":"ANCASH","cod_cpnp":"4928","comisaria":"CPNP QUILLO","tipo":"D","categoria":"ANCASH","cod_uni":"222248","cod_divpol":"01R1A","divpol":"DIVPOL CHIMBOTE","departamento":"ANCASH","provincia":"YUNGAY","distrito":"QUILLO"},"geometry":{"type":"Point","coordinates":[-78.04205216999998,-9.328819289999956]}},{"type":"Feature","properties":{"cod_regpol":"01R1","regionpol":"ANCASH","cod_cpnp":"4935","comisaria":"CPNP CABANA","tipo":"C","categoria":"ANCASH","cod_uni":"222259","cod_divpol":"01R1A","divpol":"DIVPOL CHIMBOTE","departamento":"ANCASH","provincia":"PALLASCA","distrito":"CABANA"},"geometry":{"type":"Point","coordinates":[-78.00857699999995,-8.392917999999952]}},{"type":"Feature","properties":{"cod_regpol":"01R1","regionpol":"ANCASH","cod_cpnp":"4914","comisaria":"CPNP NEPEÑA","tipo":"D","categoria":"ANCASH","cod_uni":"222233","cod_divpol":"01R1A","divpol":"DIVPOL CHIMBOTE","departamento":"ANCASH","provincia":"SANTA","distrito":"NEPEÑA"},"geometry":{"type":"Point","coordinates":[-78.36118809999994,-9.172096539999927]}},{"type":"Feature","properties":{"cod_regpol":"01R1","regionpol":"ANCASH","cod_cpnp":"4918","comisaria":"CPNP SAN JACINTO","tipo":"C","categoria":"ANCASH","cod_uni":"222235","cod_divpol":"01R1A","divpol":"DIVPOL CHIMBOTE","departamento":"ANCASH","provincia":"SANTA","distrito":"NEPEÑA"},"geometry":{"type":"Point","coordinates":[-78.27911766999995,-9.151601699999958]}},{"type":"Feature","properties":{"cod_regpol":"01R1","regionpol":"ANCASH","cod_cpnp":"4922","comisaria":"CPNP SAMANCO","tipo":"D","categoria":"ANCASH","cod_uni":"222239","cod_divpol":"01R1A","divpol":"DIVPOL CHIMBOTE","departamento":"ANCASH","provincia":"SANTA","distrito":"SAMANCO"},"geometry":{"type":"Point","coordinates":[-78.49569022899993,-9.261703729999965]}},{"type":"Feature","properties":{"cod_regpol":"01R1","regionpol":"ANCASH","cod_cpnp":"4931","comisaria":"CPNP SANTA","tipo":"A","categoria":"ANCASH","cod_uni":"222249","cod_divpol":"01R1A","divpol":"DIVPOL CHIMBOTE","departamento":"ANCASH","provincia":"SANTA","distrito":"SANTA"},"geometry":{"type":"Point","coordinates":[-78.61316407099997,-8.987114479999946]}},{"type":"Feature","properties":{"cod_regpol":"13R1","regionpol":"LIMA CENTRO","cod_cpnp":"2498","comisaria":"CPNP SANTA EULALIA","tipo":"B","categoria":"PROVINCIA","cod_uni":"220240","cod_divpol":"13R1L","divpol":"DIVPOL CHOSICA","departamento":"LIMA","provincia":"HUAROCHIRI","distrito":"SANTA EULALIA"},"geometry":{"type":"Point","coordinates":[-76.66401529199999,-11.900814630999946]}},{"type":"Feature","properties":{"cod_regpol":"13R1","regionpol":"LIMA NORTE","cod_cpnp":"2356","comisaria":"CPNP VEGUETA","tipo":"B","categoria":"PROVINCIA","cod_uni":"220372","cod_divpol":"13R1B","divpol":"DIVPOL HUACHO","departamento":"LIMA","provincia":"HUAURA","distrito":"VEGUETA"},"geometry":{"type":"Point","coordinates":[-77.64372525299996,-11.023358014999928]}},{"type":"Feature","properties":{"cod_regpol":"13R1","regionpol":"LIMA SUR","cod_cpnp":"2415","comisaria":"CPNP CERRO AZUL","tipo":"B","categoria":"PROVINCIA","cod_uni":"220304","cod_divpol":"13R1P","divpol":"DIVPOL CAÑETE","departamento":"LIMA","provincia":"CAÑETE","distrito":"CERRO AZUL"},"geometry":{"type":"Point","coordinates":[-76.47876070299998,-13.024851798999975]}},{"type":"Feature","properties":{"cod_regpol":"13R1","regionpol":"LIMA SUR","cod_cpnp":"2420","comisaria":"CPNP CHILCA","tipo":"B","categoria":"PROVINCIA","cod_uni":"220310","cod_divpol":"13R1P","divpol":"DIVPOL CAÑETE","departamento":"LIMA","provincia":"CAÑETE","distrito":"CHILCA"},"geometry":{"type":"Point","coordinates":[-76.73722626199998,-12.51791955799996]}},{"type":"Feature","properties":{"cod_regpol":"13R1","regionpol":"LIMA SUR","cod_cpnp":"2430","comisaria":"CPNP LUNAHUANA","tipo":"B","categoria":"PROVINCIA","cod_uni":"220289","cod_divpol":"13R1P","divpol":"DIVPOL CAÑETE","departamento":"LIMA","provincia":"CAÑETE","distrito":"LUNAHUANA"},"geometry":{"type":"Point","coordinates":[-76.14019740799995,-12.963523177999946]}},{"type":"Feature","properties":{"cod_regpol":"13R1","regionpol":"LIMA SUR","cod_cpnp":"2440","comisaria":"CPNP NUEVO IMPERIAL","tipo":"B","categoria":"PROVINCIA","cod_uni":"220307","cod_divpol":"13R1P","divpol":"DIVPOL CAÑETE","departamento":"LIMA","provincia":"CAÑETE","distrito":"NUEVO IMPERIAL"},"geometry":{"type":"Point","coordinates":[-76.31960689499994,-13.075827390999962]}},{"type":"Feature","properties":{"cod_regpol":"13R1","regionpol":"LIMA SUR","cod_cpnp":"2445","comisaria":"CPNP PUEBLO NUEVO DE CONTA","tipo":"B","categoria":"PROVINCIA","cod_uni":"220313","cod_divpol":"13R1P","divpol":"DIVPOL CAÑETE","departamento":"LIMA","provincia":"CAÑETE","distrito":"NUEVO IMPERIAL"},"geometry":{"type":"Point","coordinates":[-76.33935292399997,-13.01816909699994]}},{"type":"Feature","properties":{"cod_regpol":"13R1","regionpol":"LIMA SUR","cod_cpnp":"2455","comisaria":"CPNP QUILMANA","tipo":"C","categoria":"PROVINCIA","cod_uni":"220319","cod_divpol":"13R1P","divpol":"DIVPOL CAÑETE","departamento":"LIMA","provincia":"CAÑETE","distrito":"QUILMANA"},"geometry":{"type":"Point","coordinates":[-76.38248469799998,-12.94959659999995]}},{"type":"Feature","properties":{"cod_regpol":"13R1","regionpol":"LIMA CENTRO","cod_cpnp":"2485","comisaria":"CPNP MATUCANA","tipo":"B","categoria":"PROVINCIA","cod_uni":"220246","cod_divpol":"13R1L","divpol":"DIVPOL CHOSICA","departamento":"LIMA","provincia":"HUAROCHIRI","distrito":"MATUCANA"},"geometry":{"type":"Point","coordinates":[-76.38575986299998,-11.843715040999939]}},{"type":"Feature","properties":{"cod_regpol":"13R1","regionpol":"LIMA SUR","cod_cpnp":"2460","comisaria":"CPNP SAN ANTONIO DE CAÑETE","tipo":"C","categoria":"PROVINCIA","cod_uni":"220322","cod_divpol":"13R1P","divpol":"DIVPOL CAÑETE","departamento":"LIMA","provincia":"CAÑETE","distrito":"SAN ANTONIO"},"geometry":{"type":"Point","coordinates":[-76.65066234299996,-12.64203669099993]}},{"type":"Feature","properties":{"cod_regpol":"13R1","regionpol":"LIMA SUR","cod_cpnp":"2465","comisaria":"CPNP SAN LUIS","tipo":"B","categoria":"PROVINCIA","cod_uni":"220328","cod_divpol":"13R1P","divpol":"DIVPOL CAÑETE","departamento":"LIMA","provincia":"CAÑETE","distrito":"SAN LUIS"},"geometry":{"type":"Point","coordinates":[-76.43049039399995,-13.050722334999932]}},{"type":"Feature","properties":{"cod_regpol":"13R1","regionpol":"LIMA CENTRO","cod_cpnp":"2492","comisaria":"CPNP HUAROCHIRI","tipo":"C","categoria":"PROVINCIA","cod_uni":"220255","cod_divpol":"13R1L","divpol":"DIVPOL CHOSICA","departamento":"LIMA","provincia":"HUAROCHIRI","distrito":"HUAROCHIRI"},"geometry":{"type":"Point","coordinates":[-76.23447077299994,-12.135190187999967]}},{"type":"Feature","properties":{"cod_regpol":"13R1","regionpol":"LIMA CENTRO","cod_cpnp":"2480","comisaria":"CPNP RICARDO PALMA","tipo":"B","categoria":"PROVINCIA","cod_uni":"220243","cod_divpol":"13R1L","divpol":"DIVPOL CHOSICA","departamento":"LIMA","provincia":"HUAROCHIRI","distrito":"RICARDO PALMA"},"geometry":{"type":"Point","coordinates":[-76.66477227099995,-11.923485493999976]}},{"type":"Feature","properties":{"cod_regpol":"13R1","regionpol":"LIMA CENTRO","cod_cpnp":"2494","comisaria":"CPNP SAN DAMIAN","tipo":"C","categoria":"PROVINCIA","cod_uni":"220252","cod_divpol":"13R1L","divpol":"DIVPOL CHOSICA","departamento":"LIMA","provincia":"HUAROCHIRI","distrito":"SAN DAMIAN"},"geometry":{"type":"Point","coordinates":[-76.39175104799995,-12.017146943999933]}},{"type":"Feature","properties":{"cod_regpol":"13R1","regionpol":"LIMA CENTRO","cod_cpnp":"2496","comisaria":"CPNP SAN MATEO","tipo":"B","categoria":"PROVINCIA","cod_uni":"220258","cod_divpol":"13R1L","divpol":"DIVPOL CHOSICA","departamento":"LIMA","provincia":"HUAROCHIRI","distrito":"SAN MATEO"},"geometry":{"type":"Point","coordinates":[-76.29937160199995,-11.759310914999958]}},{"type":"Feature","properties":{"cod_regpol":"13R1","regionpol":"LIMA NORTE","cod_cpnp":"2390","comisaria":"CPNP CHURIN","tipo":"B","categoria":"PROVINCIA","cod_uni":"220405","cod_divpol":"13R1B","divpol":"DIVPOL HUACHO","departamento":"LIMA","provincia":"OYON","distrito":"PACHANGARA"},"geometry":{"type":"Point","coordinates":[-76.87498449299994,-10.811100990999932]}},{"type":"Feature","properties":{"cod_regpol":"13R1","regionpol":"LIMA SUR","cod_cpnp":"2432","comisaria":"CPNP YAUYOS","tipo":"B","categoria":"PROVINCIA","cod_uni":"220295","cod_divpol":"13R1P","divpol":"DIVPOL CAÑETE","departamento":"LIMA","provincia":"YAUYOS","distrito":"YAUYOS"},"geometry":{"type":"Point","coordinates":[-75.91893158699997,-12.459332483999958]}},{"type":"Feature","properties":{"cod_regpol":"13R1","regionpol":"LIMA SUR","cod_cpnp":"2410","comisaria":"CPNP CALANGO","tipo":"C","categoria":"PROVINCIA","cod_uni":"220298","cod_divpol":"13R1P","divpol":"DIVPOL CAÑETE","departamento":"LIMA","provincia":"CAÑETE","distrito":"CALANGO"},"geometry":{"type":"Point","coordinates":[-76.54376230499997,-12.526665716999958]}},{"type":"Feature","properties":{"cod_regpol":"13R1","regionpol":"LIMA SUR","cod_cpnp":"2450","comisaria":"CPNP PACARAN","tipo":"B","categoria":"PROVINCIA","cod_uni":"220316","cod_divpol":"13R1P","divpol":"DIVPOL CAÑETE","departamento":"LIMA","provincia":"CAÑETE","distrito":"PACARAN"},"geometry":{"type":"Point","coordinates":[-76.05413707999998,-12.86585312799997]}},{"type":"Feature","properties":{"cod_regpol":"13R1","regionpol":"LIMA SUR","cod_cpnp":"2470","comisaria":"CPNP ZUÑIGA","tipo":"C","categoria":"PROVINCIA","cod_uni":"220334","cod_divpol":"13R1P","divpol":"DIVPOL CAÑETE","departamento":"LIMA","provincia":"CAÑETE","distrito":"ZUÑIGA"},"geometry":{"type":"Point","coordinates":[-76.02238630399995,-12.86036258799993]}},{"type":"Feature","properties":{"cod_regpol":"13R1","regionpol":"LIMA CENTRO","cod_cpnp":"2490","comisaria":"CPNP CASAPALCA","tipo":"C","categoria":"PROVINCIA","cod_uni":"220249","cod_divpol":"13R1L","divpol":"DIVPOL CHOSICA","departamento":"LIMA","provincia":"HUAROCHIRI","distrito":"CHICLA"},"geometry":{"type":"Point","coordinates":[-76.23564579199996,-11.652278573999979]}},{"type":"Feature","properties":{"cod_regpol":"13R1","regionpol":"LIMA NORTE","cod_cpnp":"2353","comisaria":"CPNP AMBAR","tipo":"C","categoria":"PROVINCIA","cod_uni":"220381","cod_divpol":"13R1B","divpol":"DIVPOL HUACHO","departamento":"LIMA","provincia":"HUAURA","distrito":"AMBAR"},"geometry":{"type":"Point","coordinates":[-77.27217148099999,-10.75673482999997]}},{"type":"Feature","properties":{"cod_regpol":"13R1","regionpol":"LIMA NORTE","cod_cpnp":"2354","comisaria":"CPNP SAYAN","tipo":"B","categoria":"PROVINCIA","cod_uni":"220369","cod_divpol":"13R1B","divpol":"DIVPOL HUACHO","departamento":"LIMA","provincia":"HUAURA","distrito":"SAYAN"},"geometry":{"type":"Point","coordinates":[-77.19260185899998,-11.134998886999938]}},{"type":"Feature","properties":{"cod_regpol":"13R1","regionpol":"LIMA NORTE","cod_cpnp":"2355","comisaria":"CPNP SANTA ROSA","tipo":"C","categoria":"PROVINCIA","cod_uni":"220378","cod_divpol":"13R1B","divpol":"DIVPOL HUACHO","departamento":"LIMA","provincia":"HUAURA","distrito":"SAYAN"},"geometry":{"type":"Point","coordinates":[-77.38095560599999,-11.23589499999997]}},{"type":"Feature","properties":{"cod_regpol":"13R1","regionpol":"LIMA SUR","cod_cpnp":"2471","comisaria":"CPNP CATAHUASI","tipo":"C","categoria":"PROVINCIA","cod_uni":"220337","cod_divpol":"13R1P","divpol":"DIVPOL CAÑETE","departamento":"LIMA","provincia":"YAUYOS","distrito":"CATAHUASI"},"geometry":{"type":"Point","coordinates":[-75.89144827399997,-12.799886106999963]}},{"type":"Feature","properties":{"cod_regpol":"13R1","regionpol":"LIMA SUR","cod_cpnp":"2464","comisaria":"CPNP SAN PEDRO DE CAPILLUCAS","tipo":"C","categoria":"PROVINCIA","cod_uni":"220325","cod_divpol":"13R1P","divpol":"DIVPOL CAÑETE","departamento":"LIMA","provincia":"YAUYOS","distrito":"ALLAUCA"},"geometry":{"type":"Point","coordinates":[-75.96915872399995,-12.707400992999965]}},{"type":"Feature","properties":{"cod_regpol":"13R1","regionpol":"LIMA SUR","cod_cpnp":"2466","comisaria":"CPNP HUANGASCAR","tipo":"C","categoria":"PROVINCIA","cod_uni":"220331","cod_divpol":"13R1P","divpol":"DIVPOL CAÑETE","departamento":"LIMA","provincia":"YAUYOS","distrito":"HUANGASCAR"},"geometry":{"type":"Point","coordinates":[-75.83243218599995,-12.89958381799994]}},{"type":"Feature","properties":{"cod_regpol":"11R1","regionpol":"LA LIBERTAD","cod_cpnp":"1102","comisaria":"CPNP HUANCHACO","tipo":"C","categoria":"LA LIBERTAD","cod_uni":"216952","cod_divpol":"11R1B","divpol":"DIVPOL TRUJILLO","departamento":"LA LIBERTAD","provincia":"TRUJILLO","distrito":"HUANCHACO"},"geometry":{"type":"Point","coordinates":[-79.12159582999999,-8.07946439999995]}}]}