{"type":"FeatureCollection","features":[{"type":"Feature","properties":{"cod_regpol":"19R1","regionpol":"AMAZONAS","tipo":"REGION POLICIAL"},"geometry":{"type":"Polygon","coordinates":[[[-78.21107943599998,-6.45721432199997],[-78.24522197999994,-6.400518545999944],[-78.26985469799996,-6.390881265999951],[-78.27833641999996,-6.3990608859999725],[-78.29190758399994,-6.3720949059999725],[-78.30304405599998,-6.374494363999929],[-78.30531376799996,-6.366382803999954],[-78.33331018599995,-6.351278354999977],[-78.33742539899998,-6.316504927999972],[-78.36700040199997,-6.278537278999977],[-78.37101716699993,-6.239398109999968],[-78.40021913599998,-6.228681536999943],[-78.41672744099998,-6.211999873999957],[-78.41752063999996,-6.191218183999979],[-78.47685788699994,-6.133061737999981],[-78.47894550999996,-6.113192440999967],[-78.49847156499999,-6.102833816999976],[-78.50016202499995,-6.087537319999967],[-78.51705907999997,-6.071709161999934],[-78.58235161299996,-6.078621848999944],[-78.60190348799995,-6.065527222999947],[-78.61054886299996,-6.053394473999958],[-78.61304186399997,-6.01652035099994],[-78.62571093899999,-6.006452273999969],[-78.62905692599998,-5.9898402129999795],[-78.63690939799994,-5.98896392599994],[-78.63927577399994,-5.97260519799994],[-78.66104561199995,-5.955240776999972],[-78.66913532599995,-5.92311239299994],[-78.69702112299996,-5.884672783999974],[-78.68992662799997,-5.872064146999946],[-78.71310572899995,-5.818932840999935],[-78.69000152399997,-5.747367762999943],[-78.65874998199996,-5.739933232999931],[-78.65539468299994,-5.730751260999966],[-78.66002681099997,-5.718766783999968],[-78.68399311699994,-5.70696621299993],[-78.68556364099999,-5.69621953199993],[-78.65194434099999,-5.673893620999934],[-78.63873217099996,-5.647123940999961],[-78.61259937199998,-5.6218319949999795],[-78.59069050599999,-5.564295201999926],[-78.54905086699995,-5.522151247999943],[-78.55835114799999,-5.497551548999979],[-78.54307711299998,-5.481767098999967],[-78.54759961299999,-5.477519473999962],[-78.51396011199995,-5.453374721999978],[-78.51128036299997,-5.443427348999933],[-78.52277061099994,-5.4168738489999555],[-78.51858011299998,-5.398476597999945],[-78.53987161299995,-5.365686474999961],[-78.60524023799996,-5.30944134899994],[-78.64157048799996,-5.3037519719999295],[-78.65442586299997,-5.274300724999932],[-78.68424411399997,-5.267490222999925],[-78.68408623799996,-5.239026721999949],[-78.70298823699994,-5.207726599999944],[-78.71089498799995,-5.156772222999962],[-78.70062423799999,-5.104082723999966],[-78.68341098799993,-5.087025723999943],[-78.68061848799994,-5.072479972999929],[-78.65771411299994,-5.067422972999964],[-78.64052823699996,-5.034244472999944],[-78.65143436299996,-4.97856909799998],[-78.66621998699998,-4.979503848999968],[-78.67832773799995,-4.96838159899994],[-78.64510461299994,-4.907473597999967],[-78.64380048799995,-4.8581495979999545],[-78.63187698799999,-4.8364452229999415],[-78.64193748799994,-4.802351597999973],[-78.62069873799999,-4.767931972999975],[-78.63113186299995,-4.757312597999942],[-78.62826861199994,-4.739678972999968],[-78.64502686299994,-4.734833472999981],[-78.63999998799994,-4.705228471999931],[-78.63171023799998,-4.698434597999949],[-78.64363161299997,-4.682156972999962],[-78.63787248699998,-4.656415222999954],[-78.65172261299995,-4.646183597999936],[-78.66770448799997,-4.654522097999973],[-78.70599823799995,-4.622928222999974],[-78.68054748799995,-4.595031347999964],[-78.65581886299998,-4.584882597999979],[-78.66286023699996,-4.5700895979999245],[-78.65657148899999,-4.562093847999961],[-78.66112336199996,-4.53008097299994],[-78.63575023799996,-4.500882472999933],[-78.63448123799998,-4.464015222999933],[-78.62322811299998,-4.441739348999931],[-78.60036161299996,-4.427531847999944],[-78.60274548799998,-4.411041347999969],[-78.63409373699994,-4.415164097999934],[-78.65261586299994,-4.334840222999958],[-78.64062598699996,-4.306101097999942],[-78.61824411199996,-4.294221722999964],[-78.61086148699997,-4.267262346999928],[-78.59854398799996,-4.257924096999943],[-78.60895473799997,-4.226094221999972],[-78.59998223799994,-4.209218846999931],[-78.57728123699997,-4.195548972999973],[-78.58115436299994,-4.1348652219999735],[-78.56774236299998,-4.101176597999938],[-78.53722536199996,-4.061587972999973],[-78.56768861299997,-4.045099972999935],[-78.56571286299999,-3.991962846999968],[-78.54267011199994,-3.9744734729999323],[-78.52450486299995,-3.9372639719999256],[-78.48882611299996,-3.9338212209999597],[-78.47554761299995,-3.906055596999977],[-78.48679861199997,-3.8937204729999735],[-78.47783598699993,-3.8831620969999676],[-78.47624998799995,-3.8577148469999543],[-78.45996098699999,-3.83699209699995],[-78.46587298799994,-3.827533222999932],[-78.43600023699997,-3.8191183469999714],[-78.40936686199996,-3.782391096999959],[-78.41613823599994,-3.7654254729999366],[-78.40247648699994,-3.7353875979999316],[-78.42179848799998,-3.724064346999967],[-78.42343661299998,-3.6932023469999535],[-78.41575123599995,-3.685974721999969],[-78.40023586299998,-3.6897329719999448],[-78.39321748799995,-3.6771799719999763],[-78.40081761299996,-3.650409846999935],[-78.38630973799997,-3.640098721999948],[-78.39977661199998,-3.606203721999975],[-78.39286136199996,-3.6036755959999596],[-78.39475223699998,-3.587757971999963],[-78.38620636199994,-3.573709221999934],[-78.39118823799998,-3.5601015969999708],[-78.36907223699995,-3.5392440959999476],[-78.35537573799996,-3.494353971999942],[-78.35918311199998,-3.4695219719999386],[-78.34138473699994,-3.427103471999942],[-78.35623111199999,-3.403558096999973],[-78.34425811199998,-3.3918187219999254],[-78.34637036199996,-3.3824052219999317],[-78.30264836299995,-3.399751096999978],[-78.24621098799997,-3.4023262219999424],[-78.24426348699996,-3.4377599709999345],[-78.22616986399998,-3.4915452219999565],[-78.23140211299994,-3.4988108479999482],[-78.21729236199997,-3.5088565969999763],[-78.20048886299998,-3.4954788469999585],[-78.19232286199997,-3.500338721999981],[-78.16039373799998,-3.4800714729999527],[-78.14839411199995,-3.4803748469999505],[-78.14463573699999,-3.4611619719999567],[-78.15491348699999,-3.4115617209999414],[-78.17774273699996,-3.4100910959999737],[-78.19573986299997,-3.3607587219999573],[-78.17030861299997,-3.3506388469999706],[-78.15173886099996,-3.328535221999971],[-78.13679798699997,-3.32654159599997],[-78.14141136199999,-3.320159597999975],[-78.10725473699995,-3.2771503469999743],[-78.09071173599995,-3.234310596999933],[-78.06477111199996,-3.224447970999961],[-78.03621986299999,-3.1896357229999808],[-78.01269398699998,-3.17884847199997],[-78.00913436199994,-3.158069095999963],[-77.98495798699997,-3.133603596999933],[-77.98244636199996,-3.119654346999937],[-77.97075573699993,-3.1174137219999807],[-77.94075473699996,-3.065473595999947],[-77.84005386199993,-3.008198095999944],[-77.84457423799995,-2.9979980959999466],[-77.80861598799999,-2.9861250959999666],[-77.81725098699997,-3.000792095999941],[-77.79067061199999,-3.054439345999981],[-77.78766411199996,-3.074775345999967],[-77.79445211199999,-3.08925884599995],[-77.78582786199996,-3.1062827219999463],[-77.79093648599996,-3.1176303459999417],[-77.77785536199997,-3.1918607219999444],[-77.77254323599999,-3.428809471999955],[-77.74564223699997,-3.482228971999973],[-77.71513123599993,-3.5148535969999557],[-77.71645961199994,-3.54230509599995],[-77.66667298699997,-3.5718719709999505],[-77.64300961299995,-3.6193463469999756],[-77.61996673699997,-3.622408221999933],[-77.61562298699994,-3.7077187219999246],[-77.65191411199999,-3.780562346999943],[-77.62822086199998,-3.8170507219999763],[-77.60923636099994,-3.825242221999929],[-77.58191598699995,-3.8628163469999777],[-77.56149361099995,-3.8761658469999247],[-77.56901861199998,-3.893073971999968],[-77.53787736199996,-3.96189947299996],[-77.54840536199998,-4.105404847999978],[-77.58555073699995,-4.25133397299993],[-77.56585923599994,-4.365535722999937],[-77.56827536099996,-4.420919971999979],[-77.58908786099994,-4.48046484799994],[-77.61102048699996,-4.494265722999955],[-77.64063086099998,-4.496515596999927],[-77.64135261299998,-4.510060722999981],[-77.65545698599993,-4.518544972999962],[-77.64901561199997,-4.5464159729999665],[-77.65965336199997,-4.557974222999974],[-77.65261323699997,-4.574570347999952],[-77.67257173699994,-4.630480347999935],[-77.69451236199995,-4.6586730979999516],[-77.71596973699997,-4.66508797399996],[-77.73139411299996,-4.68844022299993],[-77.77187886299998,-4.7175585979999255],[-77.79468536199994,-4.7602168479999705],[-77.78926711199995,-4.785106473999974],[-77.79911348699994,-4.824592847999952],[-77.79184236199995,-4.832951222999952],[-77.79357486199996,-4.849963472999946],[-77.76015173699994,-4.90934509799996],[-77.76693161099996,-4.921218722999981],[-77.75844548599997,-4.950052722999942],[-77.82461961199994,-5.031778724999981],[-77.81387473699994,-5.039809473999981],[-77.81181736199994,-5.05634559799995],[-77.82176211199999,-5.085665723999966],[-77.77428673699995,-5.09717797299993],[-77.74528511199998,-5.133017597999981],[-77.71999636199996,-5.14062434899995],[-77.69528098599994,-5.164740348999942],[-77.70824261199994,-5.190907347999939],[-77.73970786199999,-5.21185659899993],[-77.69629673699995,-5.258770972999969],[-77.68414823699999,-5.29588122399997],[-77.68206648699999,-5.338395597999977],[-77.70278673699994,-5.380687723999927],[-77.69601548699995,-5.4116240979999475],[-77.71270261199999,-5.416411224999933],[-77.74482773799997,-5.40689909699995],[-77.76845123699997,-5.438048723999941],[-77.74883198699996,-5.459859349999931],[-77.77063748699999,-5.47815309799995],[-77.77157036199998,-5.493920598999978],[-77.75703736299994,-5.513941598999963],[-77.76576173699993,-5.538982472999976],[-77.73638398799994,-5.6092900989999634],[-77.75260623699995,-5.63757759899994],[-77.75436523799993,-5.65899772299997],[-77.77509086199996,-5.6896793489999595],[-77.77514798699997,-5.710751974999937],[-77.75935861199997,-5.7298479729999485],[-77.77241861199997,-5.753351347999967],[-77.76056011199995,-5.770454473999962],[-77.77035548799995,-5.788142598999968],[-77.76392911199997,-5.819708723999952],[-77.72641598699994,-5.843981973999973],[-77.69481336099994,-5.84023284899996],[-77.68152673499998,-5.8494870979999405],[-77.68308048699998,-5.877575597999964],[-77.66551236199996,-5.892204723999953],[-77.66329386299998,-5.917670223999949],[-77.65189061199999,-5.93533197499994],[-77.67200861199996,-5.964744598999971],[-77.66989236099994,-5.979357223999955],[-77.63913986199998,-6.001079473999937],[-77.59646561199997,-6.005280223999932],[-77.59636161299994,-6.03333085099996],[-77.58619948699999,-6.036916599999927],[-77.56680323699999,-6.02812197399993],[-77.55473536199997,-6.050728724999942],[-77.53380886099995,-6.063371348999965],[-77.51792186199998,-6.054853348999927],[-77.50975186199997,-6.032496098999957],[-77.48902073699998,-6.028510974999961],[-77.48707536299997,-6.010248848999936],[-77.47413898699995,-5.999784098999953],[-77.46750836199999,-6.019614974999968],[-77.43211573599996,-6.061916349999933],[-77.41930473699995,-6.032380848999935],[-77.40460573599995,-6.034734347999972],[-77.39419211199998,-6.041115598999966],[-77.38050011299998,-6.079985974999943],[-77.35867936099999,-6.0728202239999405],[-77.34642798699997,-6.114341098999944],[-77.33241073499994,-6.112181598999939],[-77.28047848699998,-6.142209098999956],[-77.25382748699997,-6.138510223999958],[-77.23939036199994,-6.1499840999999265],[-77.22770711099997,-6.144165598999962],[-77.21212486099995,-6.160831598999948],[-77.20200498699995,-6.180620849999968],[-77.21919073599997,-6.194313099999931],[-77.21162673599997,-6.215840349999951],[-77.17407023599998,-6.246529348999957],[-77.17079073599996,-6.265198974999976],[-77.13889886099997,-6.291730348999977],[-77.13230273599999,-6.322550724999928],[-77.16594823699995,-6.379430223999975],[-77.20896498599996,-6.375043348999952],[-77.22145636199997,-6.3811327249999295],[-77.24365311099996,-6.338120474999926],[-77.26169036199997,-6.327144848999978],[-77.28665998499997,-6.331023472999959],[-77.28254923699996,-6.373335599999962],[-77.27551436099998,-6.384731098999964],[-77.24859285999997,-6.390506598999934],[-77.22143973699997,-6.419304474999933],[-77.19787236099995,-6.420986098999947],[-77.19821323699995,-6.431536347999952],[-77.17704786099995,-6.449474600999963],[-77.15822323499998,-6.501197099999956],[-77.12277961099994,-6.508618474999935],[-77.08565473499993,-6.5501562249999665],[-77.05836911099993,-6.567449224999962],[-77.04661136199996,-6.565689474999942],[-77.04943748699998,-6.593703099999971],[-77.06442011099995,-6.601011349999965],[-77.07541910999998,-6.636578098999962],[-77.06206260999994,-6.6442100999999525],[-77.05697073599998,-6.665994099999978],[-77.04137110999994,-6.675654849999944],[-77.02541986099999,-6.713501974999929],[-77.03915236199998,-6.730255849999935],[-77.02775411099998,-6.766729974999976],[-77.03123236099998,-6.782724599999938],[-77.01359736099994,-6.803893349999953],[-77.01534373599998,-6.8356757249999305],[-77.00625398599993,-6.841303223999944],[-76.98991873699998,-6.900954849999948],[-76.96735861099995,-6.935823725999967],[-76.95703123599998,-6.991478475999941],[-76.93793698599995,-7.00099522499994],[-76.90930460999994,-7.001978099999974],[-76.90235211199996,-7.01032747499994],[-76.89734211099994,-7.046690099999978],[-76.90575873599994,-7.054216474999976],[-76.90734998599999,-7.094149974999937],[-76.90358998499994,-7.132349975999944],[-76.88999998599996,-7.155669973999977],[-76.89431998599997,-7.171009849999962],[-76.86084998599995,-7.19809997699997],[-76.83854348599994,-7.248596598999939],[-76.82816498599993,-7.2561079749999635],[-76.79305136099998,-7.246913599999971],[-76.79823561099994,-7.2607616019999455],[-76.78951073599995,-7.259799849999979],[-76.77724323599995,-7.276051600999949],[-76.75726835999996,-7.284430099999952],[-76.73522311099998,-7.310522974999969],[-76.73045311099997,-7.321045099999935],[-76.74655261099997,-7.330292349999979],[-76.74306661199995,-7.33458109999998],[-76.71666211199994,-7.3374433509999335],[-76.70827536099995,-7.350726848999955],[-76.76410836099996,-7.387346725999976],[-76.78051373599999,-7.444014600999935],[-76.81491836099997,-7.465128725999932],[-76.82779136099998,-7.485116224999956],[-76.84180635999996,-7.477763725999978],[-76.87764111099995,-7.495990351999978],[-76.89945323599994,-7.491767600999935],[-76.92687311099996,-7.499244100999931],[-76.96385923599996,-7.480783225999971],[-76.98687236199999,-7.527602599999966],[-77.00276936099993,-7.534765598999968],[-77.04695911199997,-7.529907850999962],[-77.01094711099995,-7.570626975999971],[-77.02284961099997,-7.601699225999937],[-76.99891598599999,-7.617894474999957],[-76.99554486099998,-7.632056726999963],[-76.99864261099998,-7.665431600999966],[-77.04201561099995,-7.739275350999947],[-77.01846523699999,-7.791108100999963],[-77.00589648599998,-7.802914099999953],[-77.02084298599993,-7.805872725999961],[-77.04886123599994,-7.825445100999957],[-77.05414648599998,-7.8375918509999565],[-77.07628323599994,-7.847775600999967],[-77.09137998599994,-7.875572351999949],[-77.08805073599996,-7.914578975999973],[-77.10284973599994,-7.95126797599994],[-77.07436311099997,-7.9923007259999395],[-77.06870311099993,-8.039511725999944],[-77.11052736099998,-8.025226601999975],[-77.15053511199994,-8.032042975999957],[-77.16622848599997,-8.02163672699993],[-77.23186523699997,-8.011748100999966],[-77.25131273599999,-8.028003599999977],[-77.26007811099998,-8.048439475999942],[-77.28134161099996,-8.048783225999955],[-77.29666423599997,-8.062565725999946],[-77.34929911099994,-8.054384350999953],[-77.37244423699997,-8.064925725999956],[-77.38547261299993,-8.055386725999938],[-77.37493636199997,-8.03152722599998],[-77.40712961099996,-7.991985599999964],[-77.38744548599993,-7.962887850999948],[-77.39052236199996,-7.947312975999978],[-77.37536736199996,-7.920064225999965],[-77.37690923699995,-7.908821351999961],[-77.41078448699994,-7.900524725999958],[-77.43838473699998,-7.850150350999968],[-77.43157311099998,-7.841736350999952],[-77.44286111199995,-7.8136417259999575],[-77.47859023799998,-7.804240474999972],[-77.50655011199996,-7.770380725999928],[-77.52546873699998,-7.768341850999946],[-77.52618211199996,-7.753889225999956],[-77.49736048599993,-7.738974225999925],[-77.48327623599994,-7.720247350999955],[-77.48340623699994,-7.6976559759999645],[-77.45923748599995,-7.686904225999967],[-77.46716836099995,-7.674677849999966],[-77.49788961199994,-7.686354850999976],[-77.50947461199996,-7.676536226999929],[-77.51160248699995,-7.657404976999942],[-77.53839136199997,-7.65022797599994],[-77.52270423699997,-7.633407225999974],[-77.52838873599995,-7.615950099999964],[-77.49524711299995,-7.614134975999946],[-77.48576361199997,-7.603992225999946],[-77.49694473599999,-7.582741475999967],[-77.54006723699996,-7.577413599999943],[-77.52912773699995,-7.516192350999972],[-77.52138873699994,-7.509552600999939],[-77.53907686199994,-7.507385349999936],[-77.55965998699997,-7.46418747599995],[-77.59186723699997,-7.443507099999977],[-77.59896823699995,-7.448510350999925],[-77.61364998699997,-7.4199494759999425],[-77.63091773699995,-7.413874599999929],[-77.62167836199995,-7.396994100999962],[-77.63921161099995,-7.343701224999961],[-77.62841923699995,-7.320808726999928],[-77.64692023699996,-7.270050225999967],[-77.63720048799996,-7.253509976999965],[-77.64512548599998,-7.253454724999926],[-77.64735061199997,-7.241514350999978],[-77.63813923699996,-7.24340347499998],[-77.63381248699994,-7.233097599999951],[-77.60553023699998,-7.219161849999978],[-77.62104873599998,-7.191630724999925],[-77.61550423599994,-7.177997224999956],[-77.63426636199995,-7.169414851999932],[-77.64242948599997,-7.149756474999947],[-77.71337861099994,-7.10788710199995],[-77.71804711199997,-7.087552848999962],[-77.70700598699995,-7.06852484999996],[-77.72383098699999,-7.059598974999972],[-77.73916098699993,-7.036966724999957],[-77.74718873699999,-6.986061849999942],[-77.77815298699994,-6.941757098999972],[-77.80193198599994,-6.966144474999965],[-77.83343461199996,-6.9567827249999254],[-77.84326211199993,-6.976978474999953],[-77.88034173699998,-6.962503850999951],[-77.89866536199997,-6.9801242249999405],[-77.92921180899998,-6.988430027999925],[-77.93911739899994,-6.976051949999942],[-77.96094668599994,-6.975599845999966],[-77.98399713399994,-6.962637702999928],[-78.00151798799999,-6.969441985999936],[-77.99967505399997,-6.940774674999943],[-78.01330298999994,-6.930698917999962],[-78.00061443699997,-6.911013250999929],[-78.00603098799996,-6.89123213299996],[-78.00128416999996,-6.867326892999927],[-78.01378954399996,-6.852998421999928],[-78.03125470399993,-6.847859852999932],[-78.01357841799995,-6.821975694999935],[-78.02092895099997,-6.817319293999958],[-78.02185866899998,-6.770281674999978],[-78.02907249199995,-6.768527498999958],[-78.03815361899996,-6.745089139999948],[-78.04558139099998,-6.690111169999966],[-78.05691904699995,-6.675560861999941],[-78.07374799599995,-6.673407960999953],[-78.08004004799994,-6.655877351999948],[-78.09494322499995,-6.6571267819999775],[-78.10773601799997,-6.643268727999953],[-78.10459367299995,-6.623224304999951],[-78.12156536199996,-6.594503474999954],[-78.11705261199995,-6.57736934899998],[-78.13751376799996,-6.561666258999935],[-78.13634045599997,-6.526664840999956],[-78.15181088299994,-6.510902675999944],[-78.15358362099994,-6.497806041999979],[-78.17436910699996,-6.492512387999966],[-78.19066241299998,-6.4571178849999455],[-78.21107943599998,-6.45721432199997]]]}},{"type":"Feature","properties":{"cod_regpol":"01R1","regionpol":"ANCASH","tipo":"REGION POLICIAL"},"geometry":{"type":"Polygon","coordinates":[[[-78.22717186299997,-9.794773477999968],[-78.29589448699994,-9.726290977999952],[-78.29434173799996,-9.705425727999966],[-78.30651561199994,-9.695230477999928],[-78.30760936299998,-9.683935602999952],[-78.31929298699998,-9.681498101999978],[-78.31883598799999,-9.66665822799996],[-78.33578511199994,-9.654753851999942],[-78.34336911299994,-9.632910101999926],[-78.35858973799998,-9.62397660299996],[-78.36686723699995,-9.629685601999938],[-78.36132811299996,-9.610070350999933],[-78.37227348899995,-9.586238228999946],[-78.36531836199998,-9.581277352999962],[-78.36638473699998,-9.55891410299995],[-78.39126761299997,-9.531017727999938],[-78.38449023699997,-9.520964852999953],[-78.39666211199994,-9.498968728999955],[-78.39458611199996,-9.477658227999939],[-78.40471498699998,-9.475085976999935],[-78.39194723699995,-9.457939477999957],[-78.38088086199997,-9.455716851999966],[-78.38011136299997,-9.445490227999926],[-78.39199223799994,-9.429124977999948],[-78.40763861199997,-9.435845726999958],[-78.40667573699994,-9.424824225999942],[-78.41775786299996,-9.426154352999959],[-78.41601173699996,-9.418748102999928],[-78.42794136299995,-9.411289102999945],[-78.42679298799999,-9.392035101999966],[-78.43372848699994,-9.390374976999965],[-78.42828123799995,-9.37156835099995],[-78.40949986199996,-9.363119102999974],[-78.42761736299997,-9.360322227999973],[-78.42539648699994,-9.341298850999976],[-78.43767973699994,-9.341753852999943],[-78.44417973699996,-9.326277351999977],[-78.45153123599994,-9.329998227999965],[-78.46792137799997,-9.319791814999974],[-78.48133011399995,-9.333337852999932],[-78.47948236199994,-9.321902226999953],[-78.49834173799997,-9.31197072699996],[-78.49886511299997,-9.286921851999978],[-78.52552348799998,-9.274564478999935],[-78.49235161199994,-9.252148476999935],[-78.48681048799995,-9.203347601999951],[-78.50906836199994,-9.180023351999978],[-78.53830073799998,-9.174326228999973],[-78.55747661199996,-9.178882851999958],[-78.56636136299994,-9.193564476999939],[-78.55676173599994,-9.203484351999975],[-78.55387886199998,-9.235123101999932],[-78.58381248799998,-9.20335935199995],[-78.57704098799996,-9.19473822699996],[-78.59000386299994,-9.19567572699998],[-78.60308198699994,-9.175437475999956],[-78.61002536299998,-9.176441351999927],[-78.60993361299995,-9.16010935099996],[-78.58098648699996,-9.170789101999958],[-78.56777348799994,-9.167835976999982],[-78.55887238999998,-9.147835060999967],[-78.56182320999994,-9.119695261999937],[-78.58704686299996,-9.081097601999943],[-78.60529098699999,-9.07612097699996],[-78.61310348899997,-9.08153122699997],[-78.61255073799998,-9.072941225999955],[-78.62260548799998,-9.081240226999967],[-78.62991211299999,-9.073570351999933],[-78.63774023799994,-9.04771872799995],[-78.62348121499997,-9.013836744999935],[-78.65793748799996,-8.995935601999975],[-78.65848048799995,-8.986304726999947],[-78.64812498899994,-8.98936522699995],[-78.64520826799998,-8.967283226999939],[-78.62567464099999,-8.967991408999978],[-78.59207892399996,-8.94633018899998],[-78.59189317999994,-8.924063760999957],[-78.57685291299998,-8.888719158999947],[-78.58855064799997,-8.85822355099998],[-78.57621913599996,-8.816099518999977],[-78.55148921699998,-8.773611503999973],[-78.52900967799997,-8.758057476999966],[-78.43048897999995,-8.728775258999974],[-78.41700742899997,-8.713096243999928],[-78.37889837099993,-8.69845578099995],[-78.35541060899999,-8.673347965999938],[-78.34018367199997,-8.676428992999945],[-78.33489506099994,-8.666468927999972],[-78.31250422499994,-8.66759799099998],[-78.29781856399995,-8.659491042999946],[-78.24749432399994,-8.658958587999962],[-78.20548821599994,-8.630170397999962],[-78.19423748099996,-8.600601997999945],[-78.20252022499994,-8.574248593999926],[-78.21764482399999,-8.556916755999964],[-78.19460087599998,-8.515331697999954],[-78.17358380999997,-8.503544413999975],[-78.15757542699998,-8.479525128999967],[-78.13975424699998,-8.427978135999979],[-78.13860375399997,-8.369537098999956],[-78.12226020599996,-8.360264381999968],[-78.10836294699999,-8.336696638999967],[-78.12051579299998,-8.31396558299997],[-78.10119029899994,-8.304314053999974],[-78.08558277199995,-8.282721828999968],[-78.06734304299994,-8.278736271999946],[-78.06487907899998,-8.27044275399993],[-78.03897581399997,-8.257096789999935],[-78.01715506999994,-8.223738959999935],[-77.93442813399997,-8.198139527999956],[-77.89848213699997,-8.076432698999952],[-77.90608183799998,-8.057512386999974],[-77.88539486199994,-8.063920475999964],[-77.86791086199997,-8.05589034999997],[-77.85220811199997,-8.074779475999946],[-77.81044136199995,-8.06773497599994],[-77.78578486199996,-8.079198850999944],[-77.75127173599998,-8.077438850999954],[-77.74338811199993,-8.07018472599998],[-77.71796054599997,-8.074008548999927],[-77.64760523499996,-8.050890178999964],[-77.64494331499998,-8.066650282999944],[-77.61961283899996,-8.081177526999966],[-77.63726003999994,-8.109150556999964],[-77.61839337699996,-8.131354900999952],[-77.60352321199997,-8.13585214699998],[-77.60635411299995,-8.155778606999945],[-77.57661623599995,-8.16810424299996],[-77.55788871499993,-8.194652319999932],[-77.57442100599997,-8.212088932999961],[-77.57490963599997,-8.233146404999957],[-77.53496725299993,-8.242112583999926],[-77.52925325299998,-8.266841892999935],[-77.49164496199995,-8.282781772999954],[-77.47578909699996,-8.328457827999955],[-77.45910347799997,-8.336048050999977],[-77.45965841399999,-8.356137673999967],[-77.44725789199998,-8.369719975999942],[-77.44917006799994,-8.381237994999935],[-77.43883548499997,-8.397888214999966],[-77.43883225699994,-8.422028974999932],[-77.40558827799998,-8.441656193999961],[-77.40022258299996,-8.483359993999954],[-77.36822534999999,-8.500838809999948],[-77.33580888299997,-8.532918221999978],[-77.31132689399999,-8.53135244699996],[-77.31521217299996,-8.545941226999958],[-77.28845511199995,-8.591285101999972],[-77.29364261099994,-8.637025351999966],[-77.26059573599997,-8.648521476999974],[-77.26115236099997,-8.667197225999928],[-77.24618948699998,-8.702732477999973],[-77.24816798499995,-8.727308602999926],[-77.22749023699998,-8.742826226999966],[-77.22581248699998,-8.766937475999953],[-77.20653711199998,-8.781624975999932],[-77.19573436199994,-8.814992225999958],[-77.17426361199995,-8.834494100999962],[-77.17266211199995,-8.876025352999932],[-77.16483598499997,-8.889097601999936],[-77.15516011099999,-8.90037885199996],[-77.14741798599994,-8.895753851999928],[-77.13102348599995,-8.916284976999975],[-77.12262886099995,-8.946257850999928],[-77.10572848599998,-8.949191351999957],[-77.10249023599994,-8.960947226999963],[-77.11003711099994,-8.96996685199997],[-77.09209761099999,-8.971566351999968],[-77.06601948599996,-8.99091597699993],[-77.03570898699996,-8.999958977999938],[-77.03262886199997,-9.01423435199996],[-77.00278711099998,-9.032619101999956],[-76.98010161099995,-9.06291810199997],[-76.96645311099996,-9.060412102999976],[-76.94496473599997,-9.074415976999944],[-76.92789648599995,-9.071078101999944],[-76.87074411199995,-9.11331635199997],[-76.79020125499994,-9.135813351999957],[-76.73447084099996,-9.208568491999927],[-76.72616495799997,-9.25610500099998],[-76.74030334399998,-9.273906712999974],[-76.74545449399994,-9.296139954999944],[-76.74044247199998,-9.329397620999941],[-76.75774435599999,-9.36211143199995],[-76.76510252999998,-9.366869630999929],[-76.79383973599994,-9.33292772699997],[-76.81406248599995,-9.326505851999968],[-76.83396486099997,-9.266007850999927],[-76.84594536099996,-9.263474601999974],[-76.85455673699994,-9.28852147699996],[-76.86872661099994,-9.292749976999971],[-76.87026360999994,-9.314427726999952],[-76.89291598699998,-9.331960976999937],[-76.90060335999993,-9.359066351999957],[-76.91790036099997,-9.36950785199997],[-76.92413286099998,-9.391531227999963],[-76.93523623599998,-9.398548851999976],[-76.93030473599998,-9.43318560199998],[-76.95329486199995,-9.46747847599994],[-76.93861911099998,-9.49169922699997],[-76.93755073599993,-9.525367227999936],[-76.95509573699997,-9.542689477999943],[-76.95457811099999,-9.559314477999976],[-76.98024411099993,-9.56403122699993],[-76.99516011099996,-9.603331977999972],[-77.01529686099997,-9.614269477999926],[-77.02923636299994,-9.612996101999954],[-77.04567773699995,-9.629152351999949],[-77.04854098699997,-9.647781226999939],[-77.02061136099996,-9.711314477999963],[-76.98239261199996,-9.754199227999948],[-76.96953323599996,-9.758070352999937],[-76.98068948599996,-9.739035103999981],[-76.97349798599998,-9.713490351999951],[-76.94538861099994,-9.702568352999947],[-76.91191211199998,-9.763665977999949],[-76.90373236099998,-9.765302726999948],[-76.89858198599995,-9.806660101999967],[-76.87225198699997,-9.850968727999941],[-76.87298236099997,-9.86376560399998],[-76.84198823599996,-9.91089260299998],[-76.84186148699996,-9.930621101999975],[-76.81375786199999,-9.960146477999956],[-76.82561511099993,-9.98929297799998],[-76.82502736099997,-10.009232476999955],[-76.81496486099996,-10.02343160199996],[-76.80718948599997,-10.084478477999937],[-76.84323823599993,-10.086785102999954],[-76.85358011099999,-10.101779352999927],[-76.87133786099997,-10.094300726999961],[-76.87988673599995,-10.116552727999931],[-76.90194336199994,-10.113341852999952],[-76.91546486099998,-10.119914102999928],[-76.90853511099994,-10.176783227999977],[-76.91609961099994,-10.224587852999946],[-76.90484173599998,-10.237697227999945],[-76.90624611099997,-10.274185602999978],[-76.93600923599996,-10.278506102999927],[-76.96545148599995,-10.305378602999951],[-76.99815423599995,-10.291392602999963],[-77.00362523599995,-10.282123102999947],[-77.00910086099998,-10.307766852999976],[-77.02471161199998,-10.327526727999953],[-77.05171561099996,-10.33994047699997],[-77.07161161099998,-10.338103977999936],[-77.09020011099994,-10.372630227999935],[-77.11088473599995,-10.39208985199997],[-77.11213411099999,-10.404844727999944],[-77.13824498599996,-10.426469353999948],[-77.15001773699998,-10.451093727999933],[-77.17462485999994,-10.464601727999934],[-77.16941152699997,-10.509161647999974],[-77.19179749399996,-10.551913572999979],[-77.20962091399997,-10.555563172999939],[-77.22678236999997,-10.545996466999952],[-77.25413526099999,-10.545688520999931],[-77.26853222199998,-10.551025204999974],[-77.27105057499995,-10.560630840999977],[-77.29169266599996,-10.556124636999925],[-77.31124252699993,-10.567181885999958],[-77.32539217399994,-10.591872947999946],[-77.33959995199996,-10.596442631999935],[-77.36730473699998,-10.638301352999974],[-77.38011248599997,-10.639444228999935],[-77.39530998599997,-10.66153997799995],[-77.40379398699997,-10.690967727999976],[-77.38565755699994,-10.707792955999935],[-77.39525161199998,-10.71780660199994],[-77.41542998699998,-10.72997997899995],[-77.43613923599997,-10.72364010299998],[-77.49147548699995,-10.746037978999937],[-77.50679686099994,-10.734619227999929],[-77.52394711199997,-10.734982102999936],[-77.59119183399997,-10.786449562999962],[-77.57843986199998,-10.722718103999966],[-77.56314382899996,-10.70942811599997],[-77.57453714699994,-10.694307930999969],[-77.57535448699997,-10.65886635399994],[-77.59058111399997,-10.645564024999942],[-77.57411523599995,-10.614662102999944],[-77.57425136099994,-10.588413351999975],[-77.58462136199995,-10.583833227999946],[-77.60494036199998,-10.590129352999952],[-77.61931005999998,-10.602294189999952],[-77.61950846299999,-10.614245597999968],[-77.63816305599994,-10.60290161499995],[-77.64533670899993,-10.58285621899995],[-77.63820857999997,-10.563026334999961],[-77.61458367499995,-10.546392890999925],[-77.61633303899998,-10.524671531999957],[-77.60091904799998,-10.518774020999956],[-77.60132286299995,-10.509303709999926],[-77.62474190299997,-10.502034568999932],[-77.65139073699999,-10.530133477999925],[-77.67017136199996,-10.540980228999956],[-77.69400061199997,-10.539501728999937],[-77.70882086199998,-10.548063727999931],[-77.71008343699998,-10.56017040699993],[-77.72755691699996,-10.552705247999938],[-77.73421546399999,-10.568065821999937],[-77.74669361699995,-10.55311314599993],[-77.73794236199996,-10.520786477999934],[-77.72188286099998,-10.511888351999971],[-77.72023486199998,-10.502741727999933],[-77.71059423699995,-10.503848603999927],[-77.71240683699995,-10.491654169999947],[-77.68818111199994,-10.453771851999932],[-77.68673611199995,-10.43402072899994],[-77.66577673699999,-10.427118851999978],[-77.64529936199995,-10.40866035299996],[-77.63455586199996,-10.41226560399997],[-77.59775773699994,-10.381049229999974],[-77.59880861199997,-10.363134727999977],[-77.61942723699997,-10.32782535299998],[-77.63165573699996,-10.322205228999962],[-77.65125361099996,-10.344611227999962],[-77.69239061199994,-10.320902477999937],[-77.75250745399995,-10.321895452999968],[-77.75719536199995,-10.34536322699995],[-77.74987161199994,-10.406796102999976],[-77.76002236199997,-10.43007997799998],[-77.76786198799994,-10.42879047799994],[-77.76460311199997,-10.43948110399998],[-77.78756636199995,-10.457097602999966],[-77.79884086199996,-10.477335352999944],[-77.77066986299997,-10.515671852999958],[-77.77137648699994,-10.571614603999933],[-77.78499611199999,-10.572039102999952],[-77.79968336199994,-10.585323227999936],[-77.83968843599996,-10.567918824999936],[-77.85431867799997,-10.576027410999927],[-77.86861376199994,-10.596501453999963],[-77.88026173599997,-10.60789471499993],[-77.88275263499997,-10.608666827999969],[-77.88558471399995,-10.611739321999949],[-77.88659211099997,-10.612055273999943],[-77.90868161199995,-10.569593727999973],[-77.90077936199998,-10.564199102999964],[-77.90816011099997,-10.544287102999931],[-77.93940236199995,-10.50901360499995],[-77.96560736299995,-10.492970726999943],[-77.96332036199993,-10.471113226999933],[-77.98040623799994,-10.439374978999979],[-78.01441598699995,-10.411244102999945],[-78.00070698699994,-10.397468727999978],[-78.01060348699997,-10.374699102999955],[-78.05522661199996,-10.345365227999935],[-78.05683011199994,-10.303456977999929],[-78.08707423699997,-10.277117227999952],[-78.08100786199998,-10.248318352999945],[-78.09195511299998,-10.241976602999955],[-78.08729486199996,-10.230119103999925],[-78.10158386199998,-10.201105477999931],[-78.16357036199997,-10.147191352999926],[-78.17344336199994,-10.11521485399993],[-78.18501761199997,-10.109388727999942],[-78.16574223699996,-10.091949227999976],[-78.17576361199997,-10.069703102999938],[-78.17576761199996,-10.043955102999973],[-78.19609961099997,-10.020115227999952],[-78.19306248699996,-10.001353477999942],[-78.20807611299995,-9.966769477999947],[-78.23356048799997,-9.951306602999978],[-78.22424411199995,-9.939845727999966],[-78.23022261199998,-9.912544977999971],[-78.22450973699995,-9.90722260299998],[-78.24378511199996,-9.868488227999933],[-78.23428511199995,-9.854027352999935],[-78.23780273799997,-9.834187476999944],[-78.22710348699997,-9.821568351999929],[-78.22717186299997,-9.794773477999968]],[[-78.23441566199995,-8.655400774999976],[-78.23438414707026,-8.655459669616537],[-78.23438701099997,-8.655454316999965],[-78.23441566199995,-8.655400774999976]],[[-77.44149815699996,-8.416205038999976],[-77.44192586099996,-8.415970725999955],[-77.44140586199995,-8.416255601999978],[-77.44149815699996,-8.416205038999976]]]}},{"type":"Feature","properties":{"cod_regpol":"02R1","regionpol":"APURIMAC","tipo":"REGION POLICIAL"},"geometry":{"type":"Polygon","coordinates":[[[-73.51174035799994,-14.53852485699997],[-73.52075160799996,-14.533547732999978],[-73.53505660799993,-14.491544981999937],[-73.55456060799997,-14.480695356999945],[-73.55140485799996,-14.465004481999927],[-73.57064135799999,-14.456570105999958],[-73.58182598299999,-14.416420481999978],[-73.55385673299998,-14.401220481999928],[-73.55350635799994,-14.377507356999956],[-73.53552010799996,-14.357800856999972],[-73.52800985799996,-14.322561981999968],[-73.51719135799993,-14.309361356999943],[-73.51224998299995,-14.268158231999962],[-73.51915623299993,-14.240831981999975],[-73.57728323399994,-14.147175731999937],[-73.58662510799996,-14.110341855999934],[-73.61107223299996,-14.089935606999973],[-73.62578123299994,-14.049019481999949],[-73.61940235799995,-14.017062480999982],[-73.62589448399996,-13.994906231999948],[-73.64276048299996,-13.978535981999926],[-73.65596685799994,-13.930845730999977],[-73.68003710799996,-13.915322355999933],[-73.69478560799996,-13.884248107999952],[-73.69777935799993,-13.847415980999926],[-73.72199610799998,-13.826931607999938],[-73.74243560899998,-13.791757856999936],[-73.74788773399996,-13.763366105999978],[-73.73998735799995,-13.756233606999956],[-73.69333910799998,-13.749593106999953],[-73.68647723199996,-13.738601105999976],[-73.66966785699998,-13.734259855999937],[-73.70192835799998,-13.705283605999966],[-73.71514260899994,-13.70453448099994],[-73.71423898299997,-13.689667480999958],[-73.72848510799997,-13.68314498199993],[-73.72776173199998,-13.669079106999959],[-73.74361973399994,-13.655562480999947],[-73.79555848299998,-13.63554598099995],[-73.80594235699994,-13.613761980999982],[-73.79579610799993,-13.604320231999964],[-73.81081248299995,-13.521797105999951],[-73.83895401299998,-13.45637573099998],[-73.82738688899997,-13.433735981999973],[-73.84744613999999,-13.400918605999948],[-73.82874426499995,-13.347267231999979],[-73.83209851299995,-13.330156604999956],[-73.80585324099997,-13.312997362999965],[-73.82300099099996,-13.284598488999961],[-73.82402386599995,-13.248392739999929],[-73.81280949099994,-13.24224036299995],[-73.80846273299994,-13.214349481999932],[-73.80056060899994,-13.21535548099996],[-73.79333585799998,-13.193914105999966],[-73.77393360899998,-13.18515435699993],[-73.77192135799999,-13.174611605999928],[-73.75269910799994,-13.171174104999977],[-73.73035748299998,-13.18366410599998],[-73.72826173399994,-13.19802535499997],[-73.74009185799997,-13.211484355999971],[-73.73086335799997,-13.242649230999973],[-73.73636748199993,-13.257447481999975],[-73.72682810799995,-13.260537105999958],[-73.72764060999998,-13.268310605999943],[-73.69810348299995,-13.265496105999944],[-73.68697660799995,-13.28210160599997],[-73.66334573299997,-13.281898481999974],[-73.60808185799993,-13.331597355999975],[-73.59891410799997,-13.327956980999943],[-73.58779098299993,-13.339224355999932],[-73.57362885799995,-13.338900355999954],[-73.57130535799996,-13.36277997999997],[-73.54344135799994,-13.364277356999935],[-73.52158785899996,-13.387720729999955],[-73.50710748299997,-13.384124980999957],[-73.48091010699994,-13.431371105999972],[-73.43608435799996,-13.429960729999948],[-73.42892160699995,-13.43786810599994],[-73.41046035799997,-13.435949105999953],[-73.40397885799996,-13.444793730999947],[-73.34716335799999,-13.434832230999973],[-73.33322573299995,-13.443995980999944],[-73.33179310799994,-13.456377980999946],[-73.31167073199998,-13.446597104999967],[-73.26050785799998,-13.467937105999965],[-73.24543360699994,-13.465350230999945],[-73.23531773199994,-13.476693730999955],[-73.22063798299996,-13.46511010699993],[-73.22370748299994,-13.450617105999982],[-73.20482110899997,-13.41171985699998],[-73.18680123299998,-13.41660685599993],[-73.18612435799997,-13.441134229999932],[-73.16977823299999,-13.45243835599996],[-73.14864760799998,-13.435212730999979],[-73.14411048299996,-13.419115731999966],[-73.12609260799996,-13.440045354999938],[-73.11066485799995,-13.434543479999945],[-73.09728835799996,-13.448876105999943],[-73.06044423199995,-13.438020355999981],[-73.04405160699997,-13.411962480999932],[-73.01512573299993,-13.426668855999935],[-72.97706473299996,-13.38817323099994],[-72.92596060699998,-13.383068355999967],[-72.89549985799994,-13.388924230999976],[-72.88407298299995,-13.416978980999943],[-72.86578648099999,-13.415880854999955],[-72.83827335599995,-13.427069981999978],[-72.79831435599993,-13.421766605999949],[-72.79274573199996,-13.456507731999977],[-72.77094898299998,-13.449293730999955],[-72.74846635599994,-13.481120355999963],[-72.71629085599994,-13.490433355999926],[-72.67206748299998,-13.522099605999927],[-72.65586873199999,-13.513496980999946],[-72.63687585699995,-13.542142481999974],[-72.62655260699995,-13.535368605999963],[-72.61342660699995,-13.546048481999946],[-72.60143073199998,-13.544301605999976],[-72.59339035699998,-13.562169105999942],[-72.55141073199997,-13.554281481999965],[-72.53616035699997,-13.572100605999935],[-72.52316673099995,-13.566597480999974],[-72.49483823199995,-13.579348730999982],[-72.48895998099994,-13.591821230999926],[-72.46588410799995,-13.587834480999959],[-72.45128660699999,-13.599967855999978],[-72.42139785799998,-13.606079732999945],[-72.39982935699999,-13.63368473099996],[-72.40303910699998,-13.658640605999949],[-72.36943748099998,-13.665660104999972],[-72.35464460699995,-13.681632855999965],[-72.31499610699996,-13.698324230999958],[-72.31233973199994,-13.708490231999974],[-72.27741785799998,-13.684148481999955],[-72.26076635699997,-13.682339230999958],[-72.24940835599995,-13.693228106999982],[-72.24438273199996,-13.68768873099998],[-72.24477510799994,-13.698213230999954],[-72.23092673299993,-13.705277105999926],[-72.23187510699995,-13.721723231999931],[-72.20636673199994,-13.728071980999971],[-72.18940173199996,-13.745352855999954],[-72.16590973199999,-13.747636481999962],[-72.14755185699994,-13.779242481999972],[-72.13173485699997,-13.786946481999962],[-72.09123685599997,-13.885389105999934],[-72.08208785699998,-13.888066355999968],[-72.07782623099996,-13.90672848099996],[-72.05573123099998,-13.93012373199997],[-72.06017010599999,-13.965085980999959],[-72.05120310699994,-14.026748106999946],[-72.06308385699998,-14.045677731999945],[-72.06790235599993,-14.076542981999978],[-72.05669335699997,-14.129339856999934],[-72.09518748199997,-14.173404356999981],[-72.07648048099998,-14.20742973199998],[-72.08536223199997,-14.20861298099993],[-72.12592873199998,-14.254001982999966],[-72.16116773199997,-14.263794730999962],[-72.18710685699995,-14.31322360799993],[-72.20557735699998,-14.320250356999964],[-72.22483848099995,-14.349294606999933],[-72.23951560699999,-14.348472356999935],[-72.24950523199993,-14.40292623199997],[-72.29480223199994,-14.41079235799998],[-72.28985535699996,-14.423930481999946],[-72.31719923199995,-14.440689482999971],[-72.34088823199994,-14.427838357999974],[-72.35762535699996,-14.435963856999933],[-72.36548960699997,-14.461765106999962],[-72.39494723199994,-14.48301160699998],[-72.44131210699999,-14.482365732999938],[-72.44444048199995,-14.497034480999957],[-72.48760135699996,-14.529370356999948],[-72.50301010699997,-14.551844981999977],[-72.46169948099998,-14.605869606999931],[-72.47040535699995,-14.659850482999957],[-72.56077573199997,-14.678380982999954],[-72.57876585699995,-14.687869107999973],[-72.59192660599996,-14.713619230999939],[-72.61101535699999,-14.67612935699998],[-72.64482110699998,-14.66728110899993],[-72.69064335799999,-14.688655856999958],[-72.69763185699998,-14.67906385699996],[-72.72441860799995,-14.676703481999937],[-72.72543335699999,-14.643874106999931],[-72.74119573199994,-14.644521732999976],[-72.77040860699998,-14.664712855999937],[-72.78969573199998,-14.650213231999942],[-72.82824710899996,-14.701556232999963],[-72.83354948199997,-14.736896482999953],[-72.84635923399998,-14.759940106999977],[-72.86687923299996,-14.708312607999972],[-72.91035685699995,-14.697582481999973],[-72.91780773199997,-14.685262105999982],[-72.93572510699994,-14.695265732999928],[-72.95530660699995,-14.682683606999944],[-72.97455773299998,-14.651816855999982],[-72.99780848299997,-14.662773607999952],[-73.01466610799997,-14.63090585699996],[-73.04264798299994,-14.623083857999973],[-73.04331260799995,-14.657244231999982],[-73.06312498299997,-14.66580473199997],[-73.09805698199995,-14.650765856999953],[-73.11005473199998,-14.669921106999936],[-73.10464023299994,-14.682994857999972],[-73.10985648199994,-14.692304855999964],[-73.15323735799996,-14.674345106999965],[-73.17842610699995,-14.685681606999935],[-73.19041160799998,-14.705774732999942],[-73.21827473299999,-14.701611606999961],[-73.22853210799997,-14.71001035699993],[-73.26362110699995,-14.709789107999939],[-73.28423860799995,-14.734101106999958],[-73.30857035899999,-14.716513731999953],[-73.32833010699994,-14.717361356999959],[-73.35080660799997,-14.704029357999957],[-73.36436810699996,-14.681649232999973],[-73.39040310699994,-14.716061607999961],[-73.40680660799995,-14.768917856999963],[-73.43992248299998,-14.786953607999976],[-73.45381748299997,-14.804909356999929],[-73.46448435799994,-14.83982810699996],[-73.48455860699994,-14.842695356999968],[-73.51449998299995,-14.82553323299993],[-73.52857423299997,-14.801351606999958],[-73.54957223299994,-14.801433606999979],[-73.56528123299995,-14.775833981999938],[-73.56289848299997,-14.739339858999926],[-73.57713673299997,-14.714431607999927],[-73.57109898399995,-14.687271607999946],[-73.52308173299997,-14.673049357999957],[-73.51006098299996,-14.650100733999977],[-73.53358985699998,-14.584078231999968],[-73.51228323299995,-14.565855480999971],[-73.51174035799994,-14.53852485699997]]]}},{"type":"Feature","properties":{"cod_regpol":"03R1","regionpol":"AREQUIPA","tipo":"REGION POLICIAL"},"geometry":{"type":"Polygon","coordinates":[[[-72.70904535699998,-16.65269273299998],[-72.77190398299996,-16.628803233999975],[-72.84870148299996,-16.564599983999926],[-72.92008973299994,-16.518485983999938],[-72.98684698299996,-16.517435108999962],[-73.00412748299993,-16.507032357999947],[-73.01169585799994,-16.51235960899993],[-73.04877473299996,-16.49994473399994],[-73.05548860699997,-16.48712160799994],[-73.10339360799998,-16.454816858999948],[-73.12961573199993,-16.451028858999962],[-73.14858248199994,-16.438812233999954],[-73.15915685799996,-16.419925733999946],[-73.18934635799997,-16.415397608999967],[-73.20844273299997,-16.40039248399995],[-73.23500823299997,-16.415277482999954],[-73.24357610799996,-16.406793608999976],[-73.26039123299995,-16.409278858999926],[-73.26036073299997,-16.401985108999952],[-73.27220910699998,-16.39820098299998],[-73.29151148299997,-16.405775108999933],[-73.30593110799998,-16.375270858999954],[-73.30260473299995,-16.349431983999978],[-73.37165835899998,-16.312047982999957],[-73.46044160799994,-16.27874373399993],[-73.48442085699998,-16.283004732999927],[-73.55933385799995,-16.244493483999975],[-73.56740573299999,-16.24954035899998],[-73.61992648299997,-16.23008535899993],[-73.64916998199999,-16.234289108999974],[-73.67620848299998,-16.223558483999966],[-73.69491853899996,-16.230511245999935],[-73.70093806099999,-16.241118056999937],[-73.69970698299994,-16.21994023299993],[-73.72788235799999,-16.195247608999978],[-73.86801910799994,-16.136396358999946],[-73.88592523299997,-16.111617981999927],[-73.95302585899998,-16.07510960899998],[-73.95911410899998,-16.060815857999955],[-73.97940823399995,-16.05295948299994],[-73.98962398299994,-16.039115858999935],[-74.01815880699996,-16.03461982799996],[-74.01971779799999,-16.02345417999993],[-74.03275999299996,-16.01467200899998],[-74.02501359299998,-15.993054172999962],[-74.03490648399998,-15.97238049899994],[-74.06636311099999,-15.946660769999937],[-74.18119795199993,-15.892115470999954],[-74.24222204899996,-15.877738091999959],[-74.25185857799994,-15.854506623999953],[-74.27890633399994,-15.837691617999951],[-74.30999650999996,-15.846455852999952],[-74.31328302599997,-15.839044884999964],[-74.32558485299995,-15.849448352999957],[-74.32614399599998,-15.841997866999975],[-74.35040206799994,-15.84303297799994],[-74.36564177399998,-15.830695663999961],[-74.39586563099994,-15.83026999599997],[-74.44028808499996,-15.793986881999956],[-74.46243317899996,-15.755317581999975],[-74.46256182799993,-15.725940410999954],[-74.47217953299997,-15.71962455199997],[-74.65592582199997,-15.656177003999971],[-74.79169112899996,-15.58329509999993],[-74.84189808399998,-15.566311414999973],[-74.85324207499997,-15.573972125999944],[-74.84978583799995,-15.552044552999973],[-74.89539960699994,-15.51958026099993],[-74.97402512999997,-15.491474694999965],[-74.98466771199998,-15.473199363999981],[-75.00225895499995,-15.463180988999966],[-75.03239025899995,-15.462197772999957],[-75.06499614299997,-15.449796402999937],[-75.07257114499998,-15.442903496999975],[-75.04786685999994,-15.433029232999957],[-75.02891535899994,-15.404279732999953],[-75.01695248499993,-15.377234482999938],[-75.01756298299995,-15.353812233999975],[-75.00387973499994,-15.330230357999937],[-74.96820073399994,-15.299422233999962],[-74.96363835999995,-15.25389860699994],[-74.94589985999994,-15.231486357999927],[-74.93862910899998,-15.204077732999963],[-74.87734985899993,-15.153679857999975],[-74.85520935899996,-15.153830482999979],[-74.81591798299996,-15.139497732999928],[-74.76229860899997,-15.098054858999944],[-74.73948673399997,-15.123146106999968],[-74.72143560899997,-15.124651857999936],[-74.71370698399994,-15.138533482999947],[-74.67900848399995,-15.13220410799994],[-74.65203860999998,-15.139133482999966],[-74.62874598399998,-15.124123607999934],[-74.60456848399997,-15.14883998199997],[-74.55252073399998,-15.139941232999945],[-74.51386260899994,-15.14832198299996],[-74.50360023399998,-15.160322483999948],[-74.46575923399996,-15.173476232999974],[-74.41832735899999,-15.16903498299996],[-74.39871973299995,-15.181463232999931],[-74.38992310799995,-15.203669482999942],[-74.40082810899997,-15.220859356999938],[-74.38773773199995,-15.249455482999963],[-74.41530610899997,-15.299266982999939],[-74.37785335899997,-15.331878606999965],[-74.34581760899994,-15.336347607999926],[-74.33364873399995,-15.353262857999937],[-74.30870060699993,-15.359717357999955],[-74.32897148399996,-15.393821357999968],[-74.31826473299998,-15.439284982999936],[-74.30196648399993,-15.45205673299995],[-74.31114823399997,-15.46390723199994],[-74.30120835799994,-15.47808460799996],[-74.26460448399996,-15.474836232999962],[-74.19374085899994,-15.491660106999973],[-74.16647335899995,-15.483957231999966],[-74.14843748399994,-15.449382732999936],[-74.15392298399996,-15.446191732999978],[-74.15126035799994,-15.42875098299993],[-74.13833623399995,-15.426009232999945],[-74.13277423299996,-15.41504198299998],[-74.11500548299995,-15.411566731999926],[-74.08882135699997,-15.390773733999936],[-74.05877685799999,-15.409254982999983],[-74.03729248299999,-15.45607760799993],[-74.04341885799994,-15.491040357999964],[-74.07344060899999,-15.501918731999979],[-74.07918548399994,-15.515720357999953],[-74.06728360899996,-15.539294232999964],[-74.07654573499997,-15.552215607999926],[-74.08473973299994,-15.618906982999931],[-74.06341548399996,-15.629616732999978],[-74.01966098199995,-15.599853482999947],[-74.01027673399994,-15.559402483999975],[-73.96921535699994,-15.532937983999943],[-73.94029998399998,-15.483388856999966],[-73.91251373399996,-15.456251107999947],[-73.87212373299997,-15.432975732999978],[-73.86970523399998,-15.400246608999964],[-73.87707535899995,-15.389162982999949],[-73.87081910899997,-15.37990573299993],[-73.88407910799998,-15.337456733999943],[-73.86511235699999,-15.32397173299995],[-73.80593098299994,-15.324446733999935],[-73.79306035799993,-15.339756982999972],[-73.77633660999999,-15.338743232999946],[-73.77931973299997,-15.346400357999926],[-73.75886535799998,-15.38526535799997],[-73.68582910799995,-15.43765635699998],[-73.65303798299993,-15.41653060799996],[-73.61286160799995,-15.41922860699998],[-73.59410860799994,-15.403695107999965],[-73.55593110799998,-15.408222232999947],[-73.52957148299998,-15.392054607999967],[-73.47811123299994,-15.379620607999982],[-73.44167323299996,-15.355775857999959],[-73.42713160799997,-15.363207857999953],[-73.43035123299995,-15.37912748399998],[-73.41685498299995,-15.375821107999968],[-73.39123535799996,-15.399143107999976],[-73.36596685699999,-15.38743110799993],[-73.33628085899994,-15.405148481999959],[-73.27505883899994,-15.393142738999927],[-73.29507518699995,-15.357862159999968],[-73.29142002699996,-15.334892366999952],[-73.27911829499999,-15.318164471999978],[-73.28595799899995,-15.295413775999975],[-73.24593348399998,-15.286091856999974],[-73.22156523199999,-15.29796510899996],[-73.20683285799998,-15.293938607999962],[-73.17213435799994,-15.306076107999957],[-73.15295410699997,-15.283064857999932],[-73.14994048299997,-15.259839107999937],[-73.12058260799995,-15.230816857999969],[-73.11167148299995,-15.18653485699997],[-73.10078435799994,-15.187635481999962],[-73.06191248299996,-15.145384733999947],[-73.04676823099999,-15.140701232999959],[-73.04756160799997,-15.134347857999956],[-73.02183798299995,-15.131798857999968],[-73.02452848299998,-15.091757731999962],[-73.00424198199994,-15.064126981999948],[-73.00511173099994,-15.007749607999926],[-72.98274235699995,-14.982355106999933],[-72.98665623299996,-14.95610335699996],[-73.03185273299994,-14.89712335799993],[-73.00382235699993,-14.839584356999978],[-73.00278473299994,-14.814986232999956],[-72.99232485799996,-14.803740481999967],[-72.97931673299996,-14.806133230999933],[-72.92992398299998,-14.758166356999936],[-72.90908048199998,-14.770069982999928],[-72.88534548299998,-14.772226356999965],[-72.87240598199998,-14.761472732999948],[-72.84256748099995,-14.757659857999954],[-72.82824710899996,-14.701556232999963],[-72.79788973199999,-14.658967982999968],[-72.78969573199998,-14.650213231999942],[-72.76593785799997,-14.66421885699998],[-72.74082948199998,-14.644375856999943],[-72.72509760699995,-14.644025857999964],[-72.72441860799995,-14.676703481999937],[-72.69763185699998,-14.67906385699996],[-72.69064335799999,-14.688655856999958],[-72.64482110699998,-14.66728110899993],[-72.61101535699999,-14.67612935699998],[-72.59931198199996,-14.690110981999965],[-72.60215760699998,-14.702789357999961],[-72.59437560699996,-14.713675481999928],[-72.57031248199996,-14.682736357999943],[-72.52539060699996,-14.66712873199998],[-72.48397823199997,-14.66530223199993],[-72.47709660799995,-14.658203106999963],[-72.46012873199999,-14.67575648299993],[-72.47193910699997,-14.705789606999929],[-72.48722835699994,-14.713945232999947],[-72.48666373199995,-14.741969107999978],[-72.46864323199998,-14.76252748099995],[-72.46918485699996,-14.78698923199994],[-72.45967860699994,-14.782628106999937],[-72.43457035699998,-14.790140107999946],[-72.41960910599994,-14.806316357999947],[-72.41671748199997,-14.822833982999953],[-72.31544485699999,-14.833863232999931],[-72.25263973199998,-14.803659481999944],[-72.24157710699996,-14.81249423099996],[-72.22063448099993,-14.799972607999962],[-72.21219635699998,-14.803241732999936],[-72.18932348199996,-14.778236357999958],[-72.15966798199997,-14.78634160599995],[-72.14574435699996,-14.77741810699996],[-72.13168335799998,-14.789396231999945],[-72.13860323199998,-14.81224435699994],[-72.13117210599995,-14.828312856999958],[-72.09040008799997,-14.856493633999946],[-72.07627543799998,-14.88384088999993],[-72.04759236799998,-14.887451047999946],[-72.04058544699996,-14.838917687999981],[-72.02499989499995,-14.828764686999932],[-72.04098997099999,-14.809849726999971],[-72.03455714799998,-14.793144362999954],[-72.04794325499995,-14.738222530999963],[-72.04118045699994,-14.722129467999935],[-72.04436174299997,-14.702113184999973],[-72.01057710299995,-14.642672132999962],[-71.98864748199998,-14.632744730999946],[-71.97356410799995,-14.657990482999935],[-71.92989766699998,-14.688903403999973],[-71.95230813099994,-14.703286393999974],[-71.94580330199994,-14.711165482999945],[-71.95915619199997,-14.732783603999962],[-71.93270605699996,-14.756514826999933],[-71.92469211499997,-14.78945454999996],[-71.89931461299994,-14.787788298999942],[-71.87610623099994,-14.801252356999953],[-71.86909485699994,-14.83597085699995],[-71.85497285699995,-14.854579982999951],[-71.86341873299995,-14.873355858999957],[-71.85960385599998,-14.883615481999982],[-71.82726285599995,-14.888825357999963],[-71.82630160699995,-14.906635231999928],[-71.79300685599998,-14.896168731999978],[-71.78515623099997,-14.912559482999939],[-71.74595998199999,-14.939869982999937],[-71.77024073199993,-14.98217673199997],[-71.76599885699994,-15.009585357999981],[-71.84931948299999,-15.04508973299994],[-71.83658598199997,-15.075693107999939],[-71.81547548099996,-15.07822135799995],[-71.80148310499999,-15.067335107999952],[-71.78630060699999,-15.069550482999944],[-71.77253735599999,-15.082439481999927],[-71.67370610699999,-15.089055107999968],[-71.63602448099994,-15.13913923299998],[-71.61456297999996,-15.145854980999957],[-71.58833310599994,-15.127825732999952],[-71.57234373099993,-15.061931607999952],[-71.51344298099997,-15.079844482999931],[-71.48587035599996,-15.059104857999955],[-71.48460385599998,-15.039325732999941],[-71.50366985599999,-15.027326606999964],[-71.51016998099993,-15.004634857999974],[-71.50522610699994,-14.975560232999953],[-71.46504447999996,-14.984069355999964],[-71.44750198099996,-14.979785856999968],[-71.44303898099997,-14.99556923299997],[-71.42672735599996,-15.002123857999948],[-71.43042760499998,-15.00796510799995],[-71.42147060599996,-15.012394856999947],[-71.41736585599995,-15.033725732999926],[-71.39686585499999,-15.045240358999934],[-71.37170410699997,-15.080225981999945],[-71.36184698099999,-15.079142607999927],[-71.35371398099994,-15.09270285699995],[-71.32994085599995,-15.099460607999958],[-71.31912998099995,-15.119736732999968],[-71.26058848099996,-15.078270231999966],[-71.26554110599994,-15.06299973199998],[-71.24363723099998,-15.056817106999972],[-71.22653198099994,-15.069554357999948],[-71.21596597899998,-15.049264481999955],[-71.20709985599996,-15.050763107999956],[-71.20727535599997,-15.07055185799993],[-71.19667810699997,-15.088868107999929],[-71.16561123199995,-15.09679985799994],[-71.16165160699995,-15.109302482999965],[-71.14325710699995,-15.121558232999973],[-71.14904023099996,-15.13772198199996],[-71.18490610499998,-15.169772107999961],[-71.17675785599994,-15.17259973199998],[-71.16032860499996,-15.207768233999957],[-71.20207972899993,-15.245132482999963],[-71.19461823099994,-15.270928357999935],[-71.16423797999994,-15.290927857999975],[-71.16623998099993,-15.320869982999966],[-71.15052798099998,-15.355904607999946],[-71.16949460599994,-15.382284107999965],[-71.17433160599995,-15.424456607999957],[-71.15025598099999,-15.44059273299996],[-71.12009435499994,-15.42710298299994],[-71.10383610499997,-15.453269982999927],[-71.08542635499998,-15.458013482999945],[-71.07227322999995,-15.451497107999955],[-71.07545473099998,-15.438301107999962],[-71.04630285599995,-15.42052360799994],[-71.03897098099998,-15.40516573399998],[-71.02712248099994,-15.432039232999955],[-70.99395748199998,-15.454841607999981],[-70.99545285499994,-15.47227873299994],[-71.01836397999995,-15.500021982999954],[-71.00803373099995,-15.519240357999934],[-71.01835635499998,-15.529378982999958],[-71.00719447999995,-15.542949731999954],[-71.00817872999994,-15.563968608999971],[-70.98236847999993,-15.59804348299997],[-70.93916322999996,-15.618023859999937],[-70.92399610499996,-15.632996607999928],[-70.91634372999994,-15.652198732999977],[-70.91756435499997,-15.68738073299994],[-70.89966585499997,-15.713405608999949],[-70.90475460699997,-15.73733998199998],[-70.92263035599996,-15.746190983999952],[-70.93321985499995,-15.770673733999956],[-70.94226835499995,-15.774924232999979],[-70.89006810499995,-15.851938233999931],[-70.89291385499996,-15.888401982999937],[-70.86578360499993,-15.889386108999929],[-70.84327697999998,-15.923255858999937],[-70.83219922999996,-15.949095732999979],[-70.84246060499999,-15.969344108999962],[-70.82019810599996,-15.978467983999963],[-70.82860560499995,-15.999205606999965],[-70.81655885499998,-16.00275610899996],[-70.82094572999995,-16.029750857999943],[-70.80408473099999,-16.053827232999936],[-70.85673522999997,-16.05633735799995],[-70.86680598099997,-16.080081982999957],[-70.87810510499997,-16.081443733999947],[-70.87506098099993,-16.094577733999927],[-70.89548497999994,-16.105224607999958],[-70.86711123099997,-16.128484733999926],[-70.86782835599996,-16.15386585899995],[-70.87859347999995,-16.166616483999974],[-70.86024472999998,-16.175571482999942],[-70.85388948099995,-16.196687732999976],[-70.86695860599997,-16.224584608999976],[-70.84450535499997,-16.23472398499996],[-70.86757660499995,-16.258640231999948],[-70.87648010499998,-16.281553233999944],[-70.88613885499996,-16.285272608999946],[-70.90342697999995,-16.27761073399995],[-70.91738122999993,-16.283174482999982],[-70.93910985599996,-16.298932983999975],[-70.94361110599993,-16.314405483999963],[-70.98628998099997,-16.309946107999963],[-70.96939860499998,-16.36960798399997],[-70.97509760499997,-16.39102935899996],[-70.96382910599993,-16.399740233999978],[-70.97561647999999,-16.418321608999975],[-70.95323185499996,-16.459947608999983],[-70.95608523099997,-16.47252085899993],[-70.97952273099997,-16.480573608999975],[-70.99345398099996,-16.49655335899996],[-71.01256560599995,-16.498578984999938],[-71.01924135599995,-16.486890733999928],[-71.03725785499995,-16.485685608999972],[-71.04719548099996,-16.454402983999955],[-71.07265485599999,-16.465755483999942],[-71.08193973099998,-16.456857733999982],[-71.10845948099995,-16.465705859999957],[-71.12472535599994,-16.46107298399994],[-71.13951873099995,-16.474973733999946],[-71.19702910599995,-16.47165873399996],[-71.21913910599994,-16.460565608999957],[-71.24210360599994,-16.463064233999944],[-71.24934385599994,-16.482358983999973],[-71.23749548199999,-16.514591233999965],[-71.24909972999995,-16.56410035899995],[-71.26284023099998,-16.584911233999946],[-71.26040647999997,-16.605201733999934],[-71.27915185499995,-16.615821858999936],[-71.28390497999999,-16.68223948399998],[-71.29601285699994,-16.706266358999926],[-71.28581235599995,-16.71635435999997],[-71.28909298199994,-16.726457608999965],[-71.32717135599995,-16.752445234999982],[-71.34698485599995,-16.742242983999972],[-71.35328673099997,-16.72495273399994],[-71.36943048099994,-16.719676983999932],[-71.42592622999996,-16.741376858999956],[-71.44474022999998,-16.81593135999998],[-71.43550110599995,-16.836147358999938],[-71.44203185599997,-16.843547859999944],[-71.44081873099998,-16.86469273399996],[-71.42248535599998,-16.896398483999974],[-71.42440035499999,-16.91831398499994],[-71.45984648099994,-16.937362608999933],[-71.46554560699997,-16.95288848399997],[-71.45895385599994,-16.960912733999976],[-71.40579223199995,-16.95583535999998],[-71.39083098099997,-16.97806935999995],[-71.39488210599995,-16.992849358999933],[-71.38538360599995,-17.020948359999977],[-71.36523435499998,-17.014110608999943],[-71.35731510499994,-17.024354984999945],[-71.33942410599997,-17.021758983999973],[-71.31905360499997,-17.041454358999943],[-71.32469185599996,-17.06030848499995],[-71.30224610599998,-17.093851109999946],[-71.32514948099998,-17.13466085999994],[-71.35531610599998,-17.15127373399997],[-71.40858973099995,-17.209682483999927],[-71.42351535599994,-17.236616109999943],[-71.44095610699998,-17.25171660999996],[-71.46554998099998,-17.25450273499996],[-71.49079898099995,-17.285005609999928],[-71.50296023099997,-17.28103060899997],[-71.50931548099999,-17.268609983999966],[-71.52845375099997,-17.269590844999982],[-71.53791810599995,-17.253957733999982],[-71.56401823099998,-17.261568109999928],[-71.69036860599994,-17.21198848399996],[-71.80430598199996,-17.18726348499996],[-71.84996797999997,-17.164909359999967],[-71.93021398199994,-17.080684608999945],[-72.01628712299998,-17.032830908999927],[-72.02215738699994,-17.022811499999932],[-72.04148860699996,-17.01587673499995],[-72.07357023299994,-17.022363609999957],[-72.09110273299996,-17.011894232999964],[-72.11230674599994,-17.01589357599994],[-72.10381993599998,-16.996133903999976],[-72.12249748199997,-16.978174233999937],[-72.11929323199996,-16.96992498399993],[-72.14385223299996,-16.965789857999937],[-72.14598085699998,-16.95653148499997],[-72.16513823199995,-16.948177358999942],[-72.16494748299993,-16.93810848399994],[-72.18431848199998,-16.93574910899997],[-72.18441773199999,-16.92478373499995],[-72.19568635699994,-16.92680360999998],[-72.21152498199996,-16.902446734999955],[-72.22760010699994,-16.894329110999934],[-72.23252110599998,-16.900550859999953],[-72.27646635699995,-16.873100233999935],[-72.28848260699993,-16.875133484999935],[-72.28729248199994,-16.860589983999944],[-72.29683685699996,-16.84903335799993],[-72.28870385699997,-16.837026484999967],[-72.31204223099996,-16.813777984999945],[-72.31011960699993,-16.807619109999962],[-72.32646948199994,-16.802850734999936],[-72.32907873299996,-16.78923035899993],[-72.35411073099993,-16.76595685799998],[-72.37425998299994,-16.76075173499993],[-72.37312310599998,-16.752489108999953],[-72.40068823099995,-16.751111984999966],[-72.40531160699999,-16.738941109999928],[-72.41661073199998,-16.73616223399995],[-72.44787598199997,-16.70238298399994],[-72.59366610599994,-16.667327858999954],[-72.70904535699998,-16.65269273299998]],[[-73.20500317199998,-15.511416431999976],[-73.20500317299997,-15.511416431999976],[-73.20491785899998,-15.511585232999948],[-73.20500317199998,-15.511416431999976]],[[-71.51658099099996,-16.420519814999977],[-71.51658054299998,-16.42053455399997],[-71.51658028699995,-16.42054106699993],[-71.51658099099996,-16.420519814999977]],[[-71.51657633199994,-16.42059960699993],[-71.51656941299996,-16.420657871999936],[-71.51658028699995,-16.42054106699993],[-71.51657633199994,-16.42059960699993]],[[-71.51769403099996,-16.44777045099994],[-71.51774036299997,-16.447728069999982],[-71.51762745599996,-16.447831349999944],[-71.51769403099996,-16.44777045099994]],[[-71.51715128999996,-16.448889728999973],[-71.51717021199994,-16.44884133299996],[-71.51716725199998,-16.44884890399993],[-71.51715128999996,-16.448889728999973]],[[-71.56486809499995,-16.43180016399998],[-71.56486396999998,-16.43179337999993],[-71.56484139499997,-16.431756249999978],[-71.56486809499995,-16.43180016399998]],[[-71.54259409299993,-16.423013142999935],[-71.54240391499997,-16.423034868999935],[-71.54189897399993,-16.423092552999947],[-71.54259409299993,-16.423013142999935]],[[-71.52735585099998,-16.43752175999998],[-71.52741267399995,-16.437636305999945],[-71.52754441199994,-16.437901868999973],[-71.52735585099998,-16.43752175999998]],[[-71.55387824299999,-16.463870801999974],[-71.55389827799996,-16.463865511999927],[-71.55386029599998,-16.463875540999936],[-71.55387824299999,-16.463870801999974]],[[-71.53861724199999,-16.44482377299994],[-71.53859445299997,-16.444700632999968],[-71.53816867699999,-16.44239993599996],[-71.53861724199999,-16.44482377299994]],[[-71.53807593799996,-16.44189881799997],[-71.53799309999994,-16.441430904999947],[-71.53783247299998,-16.440523593999956],[-71.53807593799996,-16.44189881799997]],[[-71.54507201099995,-16.44821522999996],[-71.54555530099998,-16.44773818999994],[-71.54533355999996,-16.44795706399998],[-71.54507201099995,-16.44821522999996]],[[-71.54393456999998,-16.422241276999955],[-71.54414025599993,-16.422314164999932],[-71.54358593299997,-16.42211772899998],[-71.54393456999998,-16.422241276999955]],[[-71.56452210599997,-16.431360256999938],[-71.56410267699994,-16.43077410099994],[-71.56461279899997,-16.431487000999937],[-71.56452210599997,-16.431360256999938]]]}},{"type":"Feature","properties":{"cod_regpol":"04R1","regionpol":"AYACUCHO","tipo":"REGION POLICIAL"},"geometry":{"type":"Polygon","coordinates":[[[-74.39669135899999,-15.187083981999933],[-74.41832735899999,-15.16903498299996],[-74.46575923399996,-15.173476232999974],[-74.50360023399998,-15.160322483999948],[-74.51386260899994,-15.14832198299996],[-74.55252073399998,-15.139941232999945],[-74.60597223399998,-15.148497607999957],[-74.62874598399998,-15.124123607999934],[-74.65203860999998,-15.139133482999966],[-74.67900848399995,-15.13220410799994],[-74.71370698399994,-15.138533482999947],[-74.72231310899997,-15.124023482999974],[-74.75257873399994,-15.113404231999937],[-74.76229860899997,-15.098054858999944],[-74.75799998299993,-15.09283598199994],[-74.72960748399998,-15.085396482999954],[-74.66529498399996,-15.049836231999961],[-74.66569373299996,-14.997902357999976],[-74.64624123399994,-14.977177858999937],[-74.65938523399996,-14.970336108999959],[-74.68548423399994,-14.929469856999958],[-74.66248610899999,-14.898442606999936],[-74.68106623399996,-14.873083230999953],[-74.67632985899996,-14.86071710699997],[-74.69384035999997,-14.838155231999963],[-74.72079510999998,-14.836728482999945],[-74.73250973399996,-14.846660106999934],[-74.73088673499996,-14.841451233999976],[-74.73340435899996,-14.83791598199997],[-74.74624410899997,-14.843554732999962],[-74.75458010899996,-14.835290981999947],[-74.75150423399998,-14.827554481999982],[-74.71439685899998,-14.817800981999937],[-74.74775548399998,-14.81310435699993],[-74.76470210899998,-14.790456481999968],[-74.75576348399994,-14.783091982999963],[-74.75269248399997,-14.76404135699994],[-74.73852660899996,-14.75373448099998],[-74.73434035799994,-14.72979073199997],[-74.71587310899997,-14.709521482999946],[-74.74984598299994,-14.729081482999959],[-74.77641898399997,-14.728927733999967],[-74.80419260899998,-14.751787606999926],[-74.84531385899999,-14.709147732999952],[-74.83779823299994,-14.695791106999934],[-74.84869723299994,-14.67280623199997],[-74.81244623499998,-14.633069981999938],[-74.70878323399995,-14.563677106999933],[-74.69325573399993,-14.565722731999927],[-74.66406510899998,-14.548739731999945],[-74.61177735899997,-14.544126982999956],[-74.59553748499997,-14.53625535599997],[-74.59265085899995,-14.523288356999956],[-74.57693473399996,-14.52420473199993],[-74.56937448399998,-14.548855731999936],[-74.53675085799995,-14.54514435599998],[-74.50463573399998,-14.525464732999978],[-74.46873060899998,-14.520388106999974],[-74.44685348399997,-14.487912107999932],[-74.45937835899997,-14.46088085699995],[-74.40462848399994,-14.407070356999952],[-74.42748573299997,-14.40393923199997],[-74.44730123399995,-14.380589980999957],[-74.46809748399994,-14.403119731999936],[-74.47504485999997,-14.37730073199998],[-74.44305685799998,-14.347248731999969],[-74.42259773799998,-14.30099151199994],[-74.37154025099994,-14.300062943999933],[-74.36189771299996,-14.306373993999955],[-74.35375228199996,-14.297594784999944],[-74.34037798399999,-14.300784607999958],[-74.32758185899996,-14.274944356999981],[-74.31791635899998,-14.272059231999947],[-74.34758010899998,-14.243294982999942],[-74.34689860699996,-14.23033198099995],[-74.36689448399994,-14.21491998199997],[-74.38071873399997,-14.21604873299998],[-74.40297073299996,-14.195755856999938],[-74.41956635899999,-14.15628123099998],[-74.43023435799995,-14.149601606999965],[-74.52757348399996,-14.146079481999948],[-74.54129273399997,-14.16406423199993],[-74.57063998399997,-14.14966435699995],[-74.57265173299999,-14.135317231999977],[-74.62319535899996,-14.13714260699993],[-74.63567435999994,-14.118320731999972],[-74.62134985899996,-14.091123481999944],[-74.63952885899994,-14.095120982999958],[-74.67267485799994,-14.079987606999964],[-74.67767173399994,-14.06806648199995],[-74.69834835899997,-14.078622106999944],[-74.69842098399994,-14.094670106999956],[-74.70982173399995,-14.101060356999938],[-74.71679273399997,-14.09619510799996],[-74.72049598299998,-14.114276355999948],[-74.76086523399994,-14.120435606999933],[-74.77270210799998,-14.09107785699996],[-74.75871285899996,-14.07859573199994],[-74.78357048399994,-14.019214856999952],[-74.77859098399995,-13.998345981999933],[-74.78533073399996,-13.990267980999931],[-74.76795473399994,-13.978552356999955],[-74.78592310799996,-13.928788356999974],[-74.77700785999997,-13.897503855999958],[-74.78515523499993,-13.88831023199998],[-74.76738673399996,-13.866587855999967],[-74.76036373399995,-13.831487230999926],[-74.77892385899997,-13.78460548199996],[-74.76231448399994,-13.781904355999927],[-74.76679298399995,-13.772488229999965],[-74.75389060999998,-13.736976604999938],[-74.77539123399998,-13.710538480999958],[-74.78115135899998,-13.64818373099996],[-74.77138823399997,-13.606498855999973],[-74.79956998399996,-13.54746998099995],[-74.83185998499994,-13.53218998099993],[-74.86217998499995,-13.481789981999952],[-74.90170998399998,-13.467039855999928],[-74.90413998299994,-13.431149980999976],[-74.89265998499997,-13.414459981999926],[-74.89791455199997,-13.394460851999952],[-74.85778998399996,-13.355209979999927],[-74.80887998399999,-13.357419979999975],[-74.77008785899994,-13.34632810599993],[-74.75962223399995,-13.325071105999939],[-74.73902923399999,-13.339572230999977],[-74.73435460999997,-13.357403980999948],[-74.71904268399999,-13.363734052999973],[-74.63401547399997,-13.345046818999947],[-74.66601229499997,-13.328472819999945],[-74.67724899299998,-13.292743930999961],[-74.68940908699994,-13.28646396199997],[-74.66349808299998,-13.271484355999974],[-74.64465420799996,-13.274136731999931],[-74.60068870899994,-13.227385480999942],[-74.59563470799998,-13.212845731999948],[-74.58595308199995,-13.210759731999929],[-74.57232695799996,-13.184734480999964],[-74.55779595799999,-13.18555848099993],[-74.54221283299995,-13.200501979999956],[-74.52561133299997,-13.189593730999945],[-74.51705870799998,-13.196691855999973],[-74.49417183299994,-13.186595730999954],[-74.45843883299995,-13.190038105999975],[-74.42042570799998,-13.159539105999954],[-74.39662353599994,-13.169089114999963],[-74.38903844499998,-13.129203406999977],[-74.41126399099994,-13.120018938999976],[-74.41281107699996,-13.093656744999976],[-74.40678693799998,-13.06412259299998],[-74.38652693799997,-13.029225294999947],[-74.36780784699994,-13.02205373199996],[-74.34855354199993,-13.024951661999978],[-74.31813579799996,-13.054193107999936],[-74.27630805599995,-13.07360244199998],[-74.27109483699996,-13.023554464999961],[-74.29357353399996,-12.982019409999964],[-74.20408198299998,-12.967724604999944],[-74.13065635799995,-12.914444105999962],[-74.10642585899996,-12.949365353999951],[-74.11218410799995,-12.961442355999964],[-74.10399448299995,-12.982063231999973],[-74.11599785799996,-12.988828729999966],[-74.11827986699996,-13.006455453999934],[-74.08307637799999,-12.986354760999973],[-74.07705836499997,-12.98983046099994],[-74.06711873399996,-13.030506106999951],[-74.05200035899998,-13.040144104999968],[-74.05980323399996,-13.060133354999948],[-74.04991010899994,-13.066131605999942],[-74.03662785699998,-13.098211855999978],[-74.02641485799995,-13.092369979999944],[-74.02148435799995,-13.097535105999953],[-74.01798635799997,-13.117160980999927],[-73.99315435799997,-13.148523230999956],[-73.99015560799995,-13.165073230999951],[-73.96880260699999,-13.172860230999959],[-73.96347460799996,-13.15283910599993],[-73.94329123299997,-13.127655105999963],[-73.89841523299998,-13.114604355999973],[-73.86225385799997,-13.123695355999928],[-73.84833985699998,-13.13853910599994],[-73.80070123299998,-13.140673855999978],[-73.77260148399995,-13.17512460599994],[-73.77393360899998,-13.18515435699993],[-73.79333585799998,-13.193914105999966],[-73.80056060899994,-13.21535548099996],[-73.80846273299994,-13.214349481999932],[-73.81280949099994,-13.24224036299995],[-73.82402386599995,-13.248392739999929],[-73.82300099099996,-13.284598488999961],[-73.80585324099997,-13.312997362999965],[-73.83209851299995,-13.330156604999956],[-73.82874426499995,-13.347267231999979],[-73.84744613999999,-13.400918605999948],[-73.82738688899997,-13.433735981999973],[-73.83895401299998,-13.45637573099998],[-73.81044373299994,-13.52339535599998],[-73.79579610799993,-13.604320231999964],[-73.80566048299994,-13.615053731999978],[-73.79192085699998,-13.640959606999957],[-73.74405635899996,-13.655340230999968],[-73.72825373299997,-13.668428354999946],[-73.72908460899998,-13.682350355999972],[-73.71348998199994,-13.691158105999932],[-73.71514260899994,-13.70453448099994],[-73.70192835799998,-13.705283605999966],[-73.66966785699998,-13.734259855999937],[-73.68647723199996,-13.738601105999976],[-73.69333910799998,-13.749593106999953],[-73.73998735799995,-13.756233606999956],[-73.74788773399996,-13.763366105999978],[-73.74243560899998,-13.791757856999936],[-73.72199610799998,-13.826931607999938],[-73.69777935799993,-13.847415980999926],[-73.69478560799996,-13.884248107999952],[-73.68003710799996,-13.915322355999933],[-73.65596685799994,-13.930845730999977],[-73.64276048299996,-13.978535981999926],[-73.62589448399996,-13.994906231999948],[-73.61940235799995,-14.017062480999982],[-73.62578123299994,-14.049019481999949],[-73.61107223299996,-14.089935606999973],[-73.58662510799996,-14.110341855999934],[-73.57728323399994,-14.147175731999937],[-73.54405860699995,-14.208664106999947],[-73.52336323299994,-14.228330106999977],[-73.51224998299995,-14.268158231999962],[-73.51719135799993,-14.309361356999943],[-73.52800985799996,-14.322561981999968],[-73.53552010799996,-14.357800856999972],[-73.55350635799994,-14.377507356999956],[-73.55385673299998,-14.401220481999928],[-73.58182598299999,-14.416420481999978],[-73.57064135799999,-14.456570105999958],[-73.55140485799996,-14.465004481999927],[-73.55456060799997,-14.480695356999945],[-73.53505660799993,-14.491544981999937],[-73.52075160799996,-14.533547732999978],[-73.50701173299996,-14.544308606999948],[-73.51228323299995,-14.565855480999971],[-73.53358985699998,-14.584078231999968],[-73.51178935799999,-14.638140232999945],[-73.51421673299996,-14.659358232999978],[-73.52308173299997,-14.673049357999957],[-73.56211898299995,-14.680119481999952],[-73.57549223299998,-14.695087857999965],[-73.57122073299996,-14.707183606999934],[-73.57690435799998,-14.71550973199993],[-73.56289848299997,-14.739339858999926],[-73.56528123299995,-14.775833981999938],[-73.55010160699999,-14.800673857999982],[-73.52857423299997,-14.801351606999958],[-73.51449998299995,-14.82553323299993],[-73.48502735799997,-14.842570357999932],[-73.46507223299994,-14.840203107999969],[-73.43992248299998,-14.786953607999976],[-73.40454885799994,-14.765496231999975],[-73.39040310699994,-14.716061607999961],[-73.36436810699996,-14.681649232999973],[-73.35080660799997,-14.704029357999957],[-73.32833010699994,-14.717361356999959],[-73.30857035899999,-14.716513731999953],[-73.28423860799995,-14.734101106999958],[-73.26362110699995,-14.709789107999939],[-73.22853210799997,-14.71001035699993],[-73.21827473299999,-14.701611606999961],[-73.19041160799998,-14.705774732999942],[-73.17842610699995,-14.685681606999935],[-73.15323735799996,-14.674345106999965],[-73.10985648199994,-14.692304855999964],[-73.10464023299994,-14.682994857999972],[-73.11005473199998,-14.669921106999936],[-73.09805698199995,-14.650765856999953],[-73.06312498299997,-14.66580473199997],[-73.04331260799995,-14.657244231999982],[-73.04264798299994,-14.623083857999973],[-73.01466610799997,-14.63090585699996],[-72.99780848299997,-14.662773607999952],[-72.97455773299998,-14.651816855999982],[-72.95530660699995,-14.682683606999944],[-72.93572510699994,-14.695265732999928],[-72.91780773199997,-14.685262105999982],[-72.91035685699995,-14.697582481999973],[-72.86687923299996,-14.708312607999972],[-72.84682460699997,-14.759823856999958],[-72.87240598199998,-14.761472732999948],[-72.88534548299998,-14.772226356999965],[-72.90908048199998,-14.770069982999928],[-72.92992398299998,-14.758166356999936],[-72.97931673299996,-14.806133230999933],[-72.99232485799996,-14.803740481999967],[-73.00278473299994,-14.814986232999956],[-73.00382235699993,-14.839584356999978],[-73.03185273299994,-14.89712335799993],[-72.98665623299996,-14.95610335699996],[-72.98274235699995,-14.982355106999933],[-73.00511173099994,-15.007749607999926],[-73.00424198199994,-15.064126981999948],[-73.02452848299998,-15.091757731999962],[-73.02183798299995,-15.131798857999968],[-73.04756160799997,-15.134347857999956],[-73.04676823099999,-15.140701232999959],[-73.06191248299996,-15.145384733999947],[-73.10078435799994,-15.187635481999962],[-73.11167148299995,-15.18653485699997],[-73.12058260799995,-15.230816857999969],[-73.14994048299997,-15.259839107999937],[-73.15295410699997,-15.283064857999932],[-73.17213435799994,-15.306076107999957],[-73.20683285799998,-15.293938607999962],[-73.22156523199999,-15.29796510899996],[-73.24593348399998,-15.286091856999974],[-73.28595799899995,-15.295413775999975],[-73.27911829499999,-15.318164471999978],[-73.29142002699996,-15.334892366999952],[-73.29507518699995,-15.357862159999968],[-73.27593235799998,-15.393769232999944],[-73.29630285799993,-15.392517106999946],[-73.33628085899994,-15.405148481999959],[-73.36596685699999,-15.38743110799993],[-73.39123535799996,-15.399143107999976],[-73.41685498299995,-15.375821107999968],[-73.43035123299995,-15.37912748399998],[-73.42713160799997,-15.363207857999953],[-73.44167323299996,-15.355775857999959],[-73.47811123299994,-15.379620607999982],[-73.52957148299998,-15.392054607999967],[-73.55593110799998,-15.408222232999947],[-73.59410860799994,-15.403695107999965],[-73.61286160799995,-15.41922860699998],[-73.65303798299993,-15.41653060799996],[-73.68582910799995,-15.43765635699998],[-73.75886535799998,-15.38526535799997],[-73.77931973299997,-15.346400357999926],[-73.77633660999999,-15.338743232999946],[-73.79306035799993,-15.339756982999972],[-73.80593098299994,-15.324446733999935],[-73.86511235699999,-15.32397173299995],[-73.88407910799998,-15.337456733999943],[-73.87081910899997,-15.37990573299993],[-73.87707535899995,-15.389162982999949],[-73.86970523399998,-15.400246608999964],[-73.87212373299997,-15.432975732999978],[-73.91251373399996,-15.456251107999947],[-73.94029998399998,-15.483388856999966],[-73.96921535699994,-15.532937983999943],[-74.01027673399994,-15.559402483999975],[-74.01966098199995,-15.599853482999947],[-74.06341548399996,-15.629616732999978],[-74.08473973299994,-15.618906982999931],[-74.07654573499997,-15.552215607999926],[-74.06728360899996,-15.539294232999964],[-74.07918548399994,-15.515720357999953],[-74.07344060899999,-15.501918731999979],[-74.04341885799994,-15.491040357999964],[-74.03729248299999,-15.45607760799993],[-74.05877685799999,-15.409254982999983],[-74.08882135699997,-15.390773733999936],[-74.11500548299995,-15.411566731999926],[-74.13277423299996,-15.41504198299998],[-74.13833623399995,-15.426009232999945],[-74.15126035799994,-15.42875098299993],[-74.15392298399996,-15.446191732999978],[-74.14843748399994,-15.449382732999936],[-74.16647335899995,-15.483957231999966],[-74.19374085899994,-15.491660106999973],[-74.26460448399996,-15.474836232999962],[-74.30120835799994,-15.47808460799996],[-74.31114823399997,-15.46390723199994],[-74.30196648399993,-15.45205673299995],[-74.31826473299998,-15.439284982999936],[-74.32897148399996,-15.393821357999968],[-74.30870060699993,-15.359717357999955],[-74.33364873399995,-15.353262857999937],[-74.34581760899994,-15.336347607999926],[-74.37785335899997,-15.331878606999965],[-74.41530610899997,-15.299266982999939],[-74.38787835799997,-15.251779607999936],[-74.40082810899997,-15.220859356999938],[-74.38964848399996,-15.205404232999967],[-74.39669135899999,-15.187083981999933]],[[-73.23587885699999,-15.204804732999946],[-73.23587212499996,-15.205029105999927],[-73.23585160799996,-15.20571285799997],[-73.23587885699999,-15.204804732999946]]]}},{"type":"Feature","properties":{"cod_regpol":"05R1","regionpol":"CAJAMARCA","tipo":"REGION POLICIAL"},"geometry":{"type":"Polygon","coordinates":[[[-78.90093336299998,-7.540985224999929],[-78.94449223799995,-7.598822476999942],[-78.94137311099996,-7.627908299999945],[-78.95048746499998,-7.6551228789999755],[-78.99339861299995,-7.660539850999953],[-79.04123248799993,-7.599887475999935],[-79.03860423799995,-7.562062475999937],[-79.05984723699999,-7.546675475999962],[-79.05700561199995,-7.527702100999932],[-79.07155186199998,-7.505345725999973],[-79.06536165899996,-7.4727030739999805],[-79.12276173899994,-7.4416444749999755],[-79.15449223899998,-7.439134850999949],[-79.16176961299999,-7.418381224999962],[-79.18779011299995,-7.396876475999932],[-79.18649848799998,-7.377347225999927],[-79.19444273799996,-7.373373724999965],[-79.23147236299997,-7.390929725999968],[-79.26087461399999,-7.3789950999999405],[-79.28290211299998,-7.348743474999935],[-79.31491861299997,-7.359683350999944],[-79.33250473699997,-7.3543492249999645],[-79.34713098799995,-7.336636599999963],[-79.36480828699996,-7.336982381999974],[-79.36488850399996,-7.325941953999973],[-79.32669906899997,-7.307533543999966],[-79.30887773299997,-7.283423415999948],[-79.28451522099994,-7.274899031999951],[-79.26918269099997,-7.2781585369999675],[-79.27932198799994,-7.247702474999926],[-79.26902536299997,-7.228054725999925],[-79.27555298799996,-7.215539349999972],[-79.25180373799998,-7.198348599999974],[-79.27454898799994,-7.182782975999942],[-79.28095636399996,-7.1570789749999335],[-79.30530123799997,-7.147146225999961],[-79.29619136399998,-7.129617225999937],[-79.31370448699994,-7.120663099999945],[-79.31291623799996,-7.090386224999975],[-79.33048836399996,-7.07597334999997],[-79.32302273799996,-7.026480349999929],[-79.29665223799998,-7.000738224999964],[-79.30729298899996,-6.968615599999964],[-79.29922998999996,-6.940722348999941],[-79.31014148799994,-6.925395973999969],[-79.31100886199994,-6.901341724999952],[-79.29564161399998,-6.883502349999958],[-79.27307598799996,-6.876653849999968],[-79.26274036399997,-6.859156224999936],[-79.22479361199998,-6.85837609999993],[-79.20708786299997,-6.821439474999977],[-79.12084773799995,-6.776969974999929],[-79.13874736399998,-6.739241724999943],[-79.14272661399997,-6.699895350999952],[-79.17104686299996,-6.701703099999975],[-79.18842773799997,-6.71654097499993],[-79.19644711399997,-6.695170474999941],[-79.21844923799995,-6.692679349999935],[-79.22906036299997,-6.671405973999981],[-79.27187223899995,-6.680265598999938],[-79.29558998799996,-6.6761362249999365],[-79.30402336299994,-6.651605349999954],[-79.32588861399995,-6.640496098999961],[-79.34475198799998,-6.646464849999973],[-79.35725932899999,-6.635024033999969],[-79.35943738299994,-6.627886626999953],[-79.33573611299994,-6.602429474999951],[-79.34792673699997,-6.573687723999967],[-79.36066411399997,-6.568835974999956],[-79.36961336299998,-6.520802848999949],[-79.40442648799996,-6.541321224999933],[-79.42194373899997,-6.5333634749999305],[-79.41713598799998,-6.505321349999974],[-79.43388948799998,-6.48116022399995],[-79.42269548899998,-6.467488848999949],[-79.42288823799998,-6.451881974999935],[-79.45315586399994,-6.399085599999978],[-79.44667186299995,-6.3767177239999455],[-79.45811566199995,-6.372828775999949],[-79.44289061399996,-6.359671849999927],[-79.42265773799994,-6.310430097999927],[-79.40562073799998,-6.3120719739999345],[-79.38618061299996,-6.298128349999956],[-79.35277298799997,-6.303981723999925],[-79.34482148999996,-6.281345223999949],[-79.32903486199996,-6.266270223999925],[-79.30048748799999,-6.267469723999966],[-79.27699598899994,-6.241553597999939],[-79.27904836299996,-6.229257724999968],[-79.24910286299996,-6.224439348999965],[-79.27466461299997,-6.15846047499997],[-79.30167123799998,-6.156188848999932],[-79.31232098899994,-6.138654224999925],[-79.33141561299999,-6.145206349999967],[-79.34077586299998,-6.1368238489999385],[-79.33889223899996,-6.096578723999926],[-79.34759048899997,-6.091723723999962],[-79.34782698999999,-6.080642223999973],[-79.38060523899998,-6.074031472999934],[-79.39143398899995,-6.084601348999968],[-79.40756436199996,-6.083048848999965],[-79.40968436299994,-6.050146348999931],[-79.40308373899995,-6.034022474999972],[-79.42101386299998,-6.013432098999942],[-79.42050998799994,-5.972099973999946],[-79.39835936199995,-5.949929723999958],[-79.36189061299996,-5.932759722999947],[-79.35958198899993,-5.919539098999962],[-79.33347525699998,-5.894151112999964],[-79.35250884299995,-5.871699640999964],[-79.35072928399995,-5.85498972299996],[-79.37650297199997,-5.824331164999933],[-79.37620091199994,-5.800414829999966],[-79.39012298999995,-5.79207718899994],[-79.39869503599994,-5.771912991999955],[-79.39963255399994,-5.703994399999942],[-79.38482398599996,-5.681565297999953],[-79.37151159099994,-5.600866251999946],[-79.39937745399999,-5.534831507999968],[-79.38713086299998,-5.521919848999971],[-79.32896098799995,-5.53508009899997],[-79.31007036399996,-5.519769473999929],[-79.28624023799995,-5.525580098999967],[-79.27639237399995,-5.519946968999932],[-79.28056924399993,-5.486612936999961],[-79.29927075499995,-5.460004405999939],[-79.29459018199998,-5.439889584999946],[-79.30546114599997,-5.42701262099996],[-79.30853872499995,-5.365398063999976],[-79.32020951999993,-5.36213708899993],[-79.33053904699995,-5.331559754999944],[-79.32769560499997,-5.316737313999965],[-79.34482833299995,-5.3076311199999395],[-79.36087674999999,-5.276973988999941],[-79.34730797599997,-5.252447540999981],[-79.34884144999995,-5.233826732999944],[-79.36971942299994,-5.213004421999926],[-79.37836615199996,-5.189976023999975],[-79.36871849299996,-5.175249031999954],[-79.34436898899997,-5.165843989999928],[-79.34167817799994,-5.140293711999959],[-79.33028278099994,-5.124296890999972],[-79.29512851899995,-5.110764820999975],[-79.29612755799997,-5.101599820999979],[-79.27360093499993,-5.073709072999975],[-79.27291030499998,-5.058483218999925],[-79.22591000599994,-5.047400706999952],[-79.21295578599995,-5.001332499999933],[-79.22206086299997,-4.982381597999961],[-79.20827248899997,-4.964179348999949],[-79.14973836299998,-4.964721847999954],[-79.11071136299995,-4.9794034719999445],[-79.07616061299996,-4.971040847999973],[-79.07104398699994,-4.991067097999974],[-79.05635436299997,-4.989086472999929],[-79.03435923699999,-5.013336723999942],[-79.01444761199997,-5.015291973999979],[-78.99139448899996,-4.965775346999976],[-78.97227536299994,-4.894865223999943],[-78.94497461299994,-4.898152472999925],[-78.89165773799994,-4.8873437239999475],[-78.88953323799996,-4.873026347999939],[-78.91186211299998,-4.85163522299996],[-78.89689648799998,-4.832195347999971],[-78.89168548799995,-4.808005847999937],[-78.91542361299997,-4.780856097999958],[-78.88962948799997,-4.763926097999956],[-78.89048936299997,-4.717291972999931],[-78.86322123799994,-4.690597097999955],[-78.86182911299994,-4.674711096999943],[-78.84098911299998,-4.653604972999972],[-78.80475973799997,-4.637925723999956],[-78.77433561299995,-4.642060723999975],[-78.76206248699998,-4.629105097999968],[-78.70595511299996,-4.623873097999933],[-78.66502811299995,-4.655827722999959],[-78.65172261299995,-4.646183597999936],[-78.63787248699998,-4.656415222999954],[-78.64363161299997,-4.682156972999962],[-78.63171023799998,-4.698434597999949],[-78.63999998799994,-4.705228471999931],[-78.64502686299994,-4.734833472999981],[-78.62826861199994,-4.739678972999968],[-78.63113186299995,-4.757312597999942],[-78.62069873799999,-4.767931972999975],[-78.64193748799994,-4.802351597999973],[-78.63187698799999,-4.8364452229999415],[-78.64380048799995,-4.8581495979999545],[-78.64510461299994,-4.907473597999967],[-78.67832773799995,-4.96838159899994],[-78.66621998699998,-4.979503848999968],[-78.65143436299996,-4.97856909799998],[-78.64052823699996,-5.034244472999944],[-78.65771411299994,-5.067422972999964],[-78.68061848799994,-5.072479972999929],[-78.68341098799993,-5.087025723999943],[-78.70062423799999,-5.104082723999966],[-78.71089498799995,-5.156772222999962],[-78.70298823699994,-5.207726599999944],[-78.68408623799996,-5.239026721999949],[-78.68424411399997,-5.267490222999925],[-78.65442586299997,-5.274300724999932],[-78.64157048799996,-5.3037519719999295],[-78.60524023799996,-5.30944134899994],[-78.53987161299995,-5.365686474999961],[-78.51858011299998,-5.398476597999945],[-78.52277061099994,-5.4168738489999555],[-78.51128036299997,-5.443427348999933],[-78.51396011199995,-5.453374721999978],[-78.54759961299999,-5.477519473999962],[-78.54307711299998,-5.481767098999967],[-78.55835114799999,-5.497551548999979],[-78.54905086699995,-5.522151247999943],[-78.59069050599999,-5.564295201999926],[-78.61259937199998,-5.6218319949999795],[-78.63873217099996,-5.647123940999961],[-78.65194434099999,-5.673893620999934],[-78.68556364099999,-5.69621953199993],[-78.68399311699994,-5.70696621299993],[-78.66002681099997,-5.718766783999968],[-78.65539468299994,-5.730751260999966],[-78.65874998199996,-5.739933232999931],[-78.69000152399997,-5.747367762999943],[-78.71310572899995,-5.818932840999935],[-78.68992662799997,-5.872064146999946],[-78.69694636499997,-5.884910660999935],[-78.66913532599995,-5.92311239299994],[-78.66104561199995,-5.955240776999972],[-78.63927577399994,-5.97260519799994],[-78.63690939799994,-5.98896392599994],[-78.62905692599998,-5.9898402129999795],[-78.62571093899999,-6.006452273999969],[-78.61304186399997,-6.01652035099994],[-78.61054886299996,-6.053394473999958],[-78.60190348799995,-6.065527222999947],[-78.58429686299996,-6.078404348999925],[-78.55681348799999,-6.070969723999951],[-78.51088306199995,-6.076849333999974],[-78.49858046099996,-6.090038002999961],[-78.49847156499999,-6.102833816999976],[-78.47936537199996,-6.112444918999927],[-78.47685788699994,-6.133061737999981],[-78.41805808999999,-6.190422862999981],[-78.41672744099998,-6.211999873999957],[-78.40021913599998,-6.228681536999943],[-78.37101716699993,-6.239398109999968],[-78.36700040199997,-6.278537278999977],[-78.33742539899998,-6.316504927999972],[-78.33331018599995,-6.351278354999977],[-78.30531376799996,-6.366382803999954],[-78.30304405599998,-6.374494363999929],[-78.29190758399994,-6.3720949059999725],[-78.27833641999996,-6.3990608859999725],[-78.26985469799996,-6.390881265999951],[-78.24522197999994,-6.400518545999944],[-78.21071123899998,-6.457740636999972],[-78.19133649699995,-6.456595813999968],[-78.17721614799996,-6.474646145999941],[-78.17436910699996,-6.492512387999966],[-78.15352354499998,-6.497887434999939],[-78.15181088299994,-6.510902675999944],[-78.13602634199998,-6.527635038999961],[-78.13661639699995,-6.564432791999934],[-78.11705261199995,-6.57736934899998],[-78.12156536199996,-6.594503474999954],[-78.10459367299995,-6.623224304999951],[-78.10773601799997,-6.643268727999953],[-78.09494322499995,-6.6571267819999775],[-78.08004004799994,-6.655877351999948],[-78.07429500599994,-6.672860474999936],[-78.05679441999996,-6.6756393939999725],[-78.04501626699994,-6.69162240299994],[-78.03815361899996,-6.745089139999948],[-78.02907249199995,-6.768527498999958],[-78.02185866899998,-6.770281674999978],[-78.02092895099997,-6.817319293999958],[-78.01357841799995,-6.821975694999935],[-78.03125470399993,-6.847859852999932],[-78.01378954399996,-6.852998421999928],[-78.00128416999996,-6.867326892999927],[-78.00603098799996,-6.89123213299996],[-78.00061443699997,-6.911013250999929],[-78.01330298999994,-6.930698917999962],[-77.99967505399997,-6.940774674999943],[-78.00151798799999,-6.969441985999936],[-77.98849111199996,-6.9753243509999265],[-78.00039648799998,-6.989135224999927],[-77.98489198699997,-7.001248724999925],[-77.98719511199994,-7.012597850999953],[-77.97112223699997,-7.025887349999948],[-77.96592111199999,-7.05077397499997],[-77.94836536299994,-7.06680472499994],[-77.94928711199998,-7.0784247239999445],[-77.92974023699998,-7.105546724999954],[-77.92561248699997,-7.154573099999936],[-77.89786898699998,-7.166807224999957],[-77.89778011199996,-7.182487100999936],[-77.88106861299997,-7.1946159749999765],[-77.88200973699998,-7.220549601999949],[-77.84923961199996,-7.235571473999926],[-77.85942773599999,-7.25402347499994],[-77.85681086099999,-7.282620974999929],[-77.84148898699993,-7.288769599999966],[-77.83282786199999,-7.304550974999927],[-77.83837173699999,-7.3411193499999285],[-77.82892536099996,-7.344413350999957],[-77.82079773699996,-7.368649350999931],[-77.82499573699994,-7.378663849999953],[-77.77163073699995,-7.418814099999963],[-77.76801248699996,-7.440147349999961],[-77.75542136099995,-7.441045975999941],[-77.74130161199997,-7.4674067249999325],[-77.74732423799998,-7.480345725999939],[-77.76487298699999,-7.479449225999929],[-77.79119536199994,-7.5000019759999645],[-77.85685548599997,-7.523531225999932],[-77.86794136199995,-7.583025349999957],[-77.92241598699997,-7.599736350999933],[-77.91313786199999,-7.625865850999958],[-77.94050323699997,-7.6406273499999315],[-77.93195248599994,-7.652493099999958],[-77.93658423699998,-7.657477225999969],[-77.96013898699994,-7.655261225999936],[-77.96280223699995,-7.6743136009999375],[-77.97384623699998,-7.667036850999978],[-77.99766037399996,-7.679986381999981],[-78.04916264699995,-7.678131565999934],[-78.08111123999998,-7.696149163999962],[-78.11469065399996,-7.652266088999966],[-78.12838423699998,-7.653224224999974],[-78.14230386299994,-7.664832475999958],[-78.14100386299998,-7.682720851999932],[-78.15886273799998,-7.69335072399997],[-78.17134511199998,-7.713393850999978],[-78.19028773599996,-7.717504475999931],[-78.19808736399995,-7.729085850999979],[-78.21935073599997,-7.724458099999936],[-78.21126298699994,-7.7425066009999455],[-78.21278611299994,-7.7568637269999385],[-78.22182036399994,-7.76346097499993],[-78.28115611199996,-7.747277600999951],[-78.27620698799996,-7.71955797499993],[-78.30280273799997,-7.696462725999936],[-78.31235136299995,-7.7028714759999275],[-78.33013886299995,-7.699628225999959],[-78.34796498699995,-7.685716475999925],[-78.35946273699994,-7.66800534999993],[-78.36023623699998,-7.64489010099993],[-78.37186323799995,-7.64460159999993],[-78.38281923799997,-7.630107099999975],[-78.37689223799998,-7.624650724999981],[-78.37816598799998,-7.5940351009999745],[-78.36615061299995,-7.590236225999945],[-78.35679223599999,-7.574006100999952],[-78.36082723899995,-7.52996135099994],[-78.34900198699995,-7.5112461009999265],[-78.32574998799998,-7.509904350999932],[-78.32778711199995,-7.497468724999976],[-78.36816986299993,-7.500316350999981],[-78.40308448699994,-7.483492600999966],[-78.41563286199994,-7.485070349999944],[-78.49139261099998,-7.5548731009999415],[-78.62457223699994,-7.548558600999968],[-78.65024236199997,-7.527798600999972],[-78.62731723799999,-7.478857349999942],[-78.62779473699999,-7.452641850999953],[-78.63910898799998,-7.432537099999934],[-78.65493523699996,-7.426032849999956],[-78.66399373699994,-7.40362135099997],[-78.68863861199998,-7.414081975999977],[-78.71332623699999,-7.409636725999974],[-78.73372461199995,-7.420677725999951],[-78.76013577699996,-7.402036640999938],[-78.78202922799994,-7.425828683999953],[-78.78390498699997,-7.402599976999966],[-78.79365811199995,-7.396754849999979],[-78.80368961299996,-7.4193778499999326],[-78.84161936299995,-7.437617350999972],[-78.84775648799996,-7.452768850999973],[-78.88668511399999,-7.484101599999974],[-78.86105836299998,-7.497857225999951],[-78.85108798799996,-7.522117224999931],[-78.86149698799994,-7.531857850999927],[-78.90093336299998,-7.540985224999929]]]}},{"type":"Feature","properties":{"cod_regpol":"06R1","regionpol":"CALLAO","tipo":"REGION POLICIAL"},"geometry":{"type":"Polygon","coordinates":[[[-77.16967852599998,-12.074622825999938],[-77.14863278799999,-12.058556704999944],[-77.15541782099996,-12.051022141999965],[-77.14708494899998,-12.055447939999965],[-77.14637049199996,-12.044058571999926],[-77.14100780499996,-12.046582066999974],[-77.14300893299998,-12.037366414999951],[-77.15557090099998,-12.046268772999952],[-77.13779632699999,-11.99854154299993],[-77.13469193099996,-11.961418403999971],[-77.15808306599996,-11.87106547999997],[-77.17329733299994,-11.847079034999979],[-77.18397661099993,-11.844263729999966],[-77.18795546699994,-11.828569930999947],[-77.12683996199996,-11.818483112999957],[-77.11477941799996,-11.834809980999978],[-77.10731016499994,-11.866486881999947],[-77.09457908799999,-11.874959247999982],[-77.08925804799998,-11.899077683999963],[-77.10413095499996,-11.935626347999971],[-77.09523153399994,-11.949646056999939],[-77.12852529499997,-11.938098279999963],[-77.11762434399998,-11.970331493999936],[-77.10505512599997,-11.98176763899994],[-77.11841010699999,-11.994878936999953],[-77.08927598399998,-12.011616849999939],[-77.09619420899998,-12.03368299899995],[-77.08303348899994,-12.036238356999945],[-77.08191772199996,-12.050631515999953],[-77.08699627899995,-12.061491728999954],[-77.10457660899993,-12.06323738499998],[-77.11186363699994,-12.08007222699996],[-77.14080495699994,-12.068533189999926],[-77.16967852599998,-12.074622825999938]],[[-77.12412403099995,-11.997958238999956],[-77.12190652799995,-11.998753491999935],[-77.12190651705976,-11.998753495528288],[-77.12412403099995,-11.997958238999956]],[[-77.09696998099997,-12.015272084999935],[-77.09696997999998,-12.015272084999935],[-77.09656896799999,-12.014846643999931],[-77.09696998099997,-12.015272084999935]]]}},{"type":"Feature","properties":{"cod_regpol":"07R1","regionpol":"CUSCO","tipo":"REGION POLICIAL"},"geometry":{"type":"Polygon","coordinates":[[[-71.89450315399995,-14.791010289999974],[-71.92032303599996,-14.791809371999932],[-71.92928411499997,-14.784914690999926],[-71.93270605699996,-14.756514826999933],[-71.95918507499994,-14.732679380999969],[-71.94580330199994,-14.711165482999945],[-71.95230813099994,-14.703286393999974],[-71.92989766699998,-14.688903403999973],[-71.97356410799995,-14.657990482999935],[-71.98864748199998,-14.632744730999946],[-72.01057710299995,-14.642672132999962],[-72.04436174299997,-14.702113184999973],[-72.04118045699994,-14.722129467999935],[-72.04794325499995,-14.738222530999963],[-72.03455714799998,-14.793144362999954],[-72.04098997099999,-14.809849726999971],[-72.02499989499995,-14.828764686999932],[-72.04058544699996,-14.838917687999981],[-72.04737092599999,-14.887396162999949],[-72.07627543799998,-14.88384088999993],[-72.09040008799997,-14.856493633999946],[-72.13117210599995,-14.828312856999958],[-72.13860323199998,-14.81224435699994],[-72.13168335799998,-14.789396231999945],[-72.14574435699996,-14.77741810699996],[-72.15966798199997,-14.78634160599995],[-72.18932348199996,-14.778236357999958],[-72.21219635699998,-14.803241732999936],[-72.22063448099993,-14.799972607999962],[-72.24157710699996,-14.81249423099996],[-72.25263973199998,-14.803659481999944],[-72.31838973199996,-14.83408923199994],[-72.40647885799996,-14.827085481999973],[-72.41776273199997,-14.821931855999935],[-72.41960910599994,-14.806316357999947],[-72.43457035699998,-14.790140107999946],[-72.45967860699994,-14.782628106999937],[-72.46918485699996,-14.78698923199994],[-72.46864323199998,-14.76252748099995],[-72.48643498299998,-14.742505107999932],[-72.48264310699994,-14.730405857999926],[-72.48846435699994,-14.72346110799998],[-72.48684698199997,-14.713180481999927],[-72.47151185699994,-14.705152356999974],[-72.46012873199999,-14.67575648299993],[-72.47177123199998,-14.661398856999938],[-72.46169948099998,-14.605869606999931],[-72.50301010699997,-14.551844981999977],[-72.48760135699996,-14.529370356999948],[-72.44444048199995,-14.497034480999957],[-72.44049810699994,-14.48174810699993],[-72.39494723199994,-14.48301160699998],[-72.36548960699997,-14.461765106999962],[-72.35762535699996,-14.435963856999933],[-72.34088823199994,-14.427838357999974],[-72.31719923199995,-14.440689482999971],[-72.28985535699996,-14.423930481999946],[-72.29480223199994,-14.41079235799998],[-72.24950523199993,-14.40292623199997],[-72.23951560699999,-14.348472356999935],[-72.22483848099995,-14.349294606999933],[-72.20557735699998,-14.320250356999964],[-72.18710685699995,-14.31322360799993],[-72.16116773199997,-14.263794730999962],[-72.12592873199998,-14.254001982999966],[-72.08536223199997,-14.20861298099993],[-72.07648048099998,-14.20742973199998],[-72.09518748199997,-14.173404356999981],[-72.05669335699997,-14.129339856999934],[-72.06790235599993,-14.076542981999978],[-72.06308385699998,-14.045677731999945],[-72.05120310699994,-14.026748106999946],[-72.06017010599999,-13.965085980999959],[-72.05554623099994,-13.930678730999944],[-72.07782623099996,-13.90672848099996],[-72.08208785699998,-13.888066355999968],[-72.09123685599997,-13.885389105999934],[-72.13173485699997,-13.786946481999962],[-72.14755185699994,-13.779242481999972],[-72.16590973199999,-13.747636481999962],[-72.18940173199996,-13.745352855999954],[-72.20636673199994,-13.728071980999971],[-72.23187510699995,-13.721723231999931],[-72.23092673299993,-13.705277105999926],[-72.24477510799994,-13.698213230999954],[-72.24438273199996,-13.68768873099998],[-72.24940835599995,-13.693228106999982],[-72.26076635699997,-13.682339230999958],[-72.27741785799998,-13.684148481999955],[-72.31233973199994,-13.708490231999974],[-72.31499610699996,-13.698324230999958],[-72.35464460699995,-13.681632855999965],[-72.36943748099998,-13.665660104999972],[-72.40303910699998,-13.658640605999949],[-72.39982935699999,-13.63368473099996],[-72.42180485799997,-13.60586873099993],[-72.45128660699999,-13.599967855999978],[-72.46588410799995,-13.587834480999959],[-72.48895998099994,-13.591821230999926],[-72.49483823199995,-13.579348730999982],[-72.52316673099995,-13.566597480999974],[-72.53616035699997,-13.572100605999935],[-72.55141073199997,-13.554281481999965],[-72.59339035699998,-13.562169105999942],[-72.60143073199998,-13.544301605999976],[-72.61342660699995,-13.546048481999946],[-72.62655260699995,-13.535368605999963],[-72.63687585699995,-13.542142481999974],[-72.65586873199999,-13.513496980999946],[-72.67206748299998,-13.522099605999927],[-72.71629085599994,-13.490433355999926],[-72.74846635599994,-13.481120355999963],[-72.77094898299998,-13.449293730999955],[-72.79274573199996,-13.456507731999977],[-72.79831435599993,-13.421766605999949],[-72.83827335599995,-13.427069981999978],[-72.88630810799998,-13.415865355999927],[-72.90348285799996,-13.372874605999982],[-72.92932798199996,-13.360325230999933],[-72.95104098299998,-13.331738230999974],[-72.96355585699996,-13.262841855999966],[-72.93218748199996,-13.24950198099998],[-72.92861210699994,-13.241288105999956],[-72.91514598099997,-13.245636980999961],[-72.90396860799996,-13.225685605999956],[-72.87931448199998,-13.22264648099997],[-72.86331585599999,-13.243381730999943],[-72.84525635699998,-13.212483230999965],[-72.81727148199997,-13.242251855999939],[-72.79767835699994,-13.198399105999954],[-72.77633360599998,-13.187264980999942],[-72.77405523199997,-13.177228105999973],[-72.78977510799996,-13.149967730999947],[-72.83240035699998,-13.110447229999977],[-72.82426173299996,-13.070986355999935],[-72.83104885799997,-13.04921873099994],[-72.82177935699997,-13.03791010599997],[-72.83737227499995,-13.021600813999953],[-72.83977494299995,-12.983484110999939],[-72.85711273199996,-12.963981730999933],[-72.85489048299996,-12.936084480999966],[-72.86425785699998,-12.925588854999944],[-72.84634348299994,-12.901212979999968],[-72.83967698199996,-12.87396548099997],[-72.81755760899995,-12.862375855999971],[-72.82743785799994,-12.843606854999962],[-72.82118148199999,-12.828085605999945],[-72.79478860699999,-12.81191485599993],[-72.78179735699996,-12.814615730999947],[-72.76333585699996,-12.80463298099994],[-72.73523373299997,-12.81027385599998],[-72.70791785699998,-12.77003498099998],[-72.69075573199996,-12.763300103999939],[-72.66375748199994,-12.733428229999959],[-72.65307485699998,-12.741611853999927],[-72.65150548099996,-12.777996980999944],[-72.62381073099994,-12.798667980999937],[-72.63680648199994,-12.857234103999929],[-72.62480873099997,-12.873167981999927],[-72.62433873099997,-12.898587354999961],[-72.58926298199998,-12.891671230999975],[-72.56163523199996,-12.919237230999954],[-72.53598035599998,-12.904514480999978],[-72.53523735699997,-12.892301105999934],[-72.51028960699995,-12.868698104999964],[-72.49567910699994,-12.831393480999964],[-72.50548635699994,-12.81740898199996],[-72.45790285699997,-12.794125854999947],[-72.45340610599999,-12.760831980999967],[-72.43108185699998,-12.716895229999977],[-72.44398235799997,-12.689839854999946],[-72.47371285699995,-12.680312479999941],[-72.52381710699996,-12.628551104999929],[-72.57843248199998,-12.655728479999937],[-72.58987623199994,-12.648010229999954],[-72.63524123199994,-12.653928106999956],[-72.65725335799993,-12.624726979999934],[-72.67673273299994,-12.61823385599996],[-72.69465735699998,-12.621952854999961],[-72.70316885699998,-12.600348854999936],[-72.73346185699995,-12.593822854999928],[-72.73251423199997,-12.580320479999955],[-72.72319548099995,-12.576165979999928],[-72.71615235599995,-12.581404354999961],[-72.70257623399993,-12.57497847999997],[-72.69412698199994,-12.585388729999977],[-72.68296685799999,-12.585509730999945],[-72.68226948199998,-12.554476729999976],[-72.70706060699996,-12.520470729999943],[-72.70418160799994,-12.47779098199993],[-72.71113673199994,-12.463578105999943],[-72.75727767299998,-12.435132204999945],[-72.76577148199993,-12.415084104999949],[-72.76160160699999,-12.40313860599997],[-72.76991673199996,-12.384998604999964],[-72.75961910699993,-12.335968729999934],[-72.69278948199997,-12.327542229999949],[-72.65486385699995,-12.340997104999929],[-72.63707998199999,-12.326318729999969],[-72.61582923199995,-12.326318729999969],[-72.60083173199996,-12.344365104999952],[-72.56631260699999,-12.356967229999952],[-72.53393285699997,-12.360501979999981],[-72.51125135699994,-12.349730729999976],[-72.48636585699995,-12.351916604999928],[-72.43976898199998,-12.362882979999938],[-72.42859560799997,-12.375339230999941],[-72.40335210699999,-12.38175347999993],[-72.35890710699994,-12.37893947899994],[-72.33834010699996,-12.395368479999945],[-72.31516798199993,-12.393064480999954],[-72.29286035599995,-12.403148354999928],[-72.28239848199996,-12.396992104999981],[-72.26273373199996,-12.418211729999939],[-72.24270460599996,-12.419163480999941],[-72.22573760699999,-12.430957604999946],[-72.20670160699996,-12.419618729999968],[-72.17839585599995,-12.444075854999937],[-72.14094448199995,-12.458476979999944],[-72.12431935599994,-12.475780605999944],[-72.11440460699998,-12.474166605999926],[-72.10443210699998,-12.497397103999958],[-72.08648760699998,-12.491285731999938],[-72.07896160699994,-12.498627229999954],[-72.06466948099995,-12.470226854999964],[-72.06055760599997,-12.43836147899998],[-72.04989310699995,-12.434442479999973],[-72.04752923199999,-12.42300673099993],[-72.01747660699994,-12.41517897999995],[-72.00908973199995,-12.40367048099995],[-71.97664685699993,-12.399453729999948],[-71.96330248199996,-12.376902604999941],[-71.96717898199995,-12.347641979999935],[-71.94596985699997,-12.33329122999993],[-71.97229098199995,-12.308773479999957],[-71.96482035699995,-12.287621104999971],[-71.97097848199996,-12.269986354999958],[-71.96481248199996,-12.246009729999969],[-71.96958985599997,-12.213884729999961],[-71.96775798199997,-12.19750197999997],[-71.94934748199995,-12.173591854999927],[-71.92881835599997,-12.097214854999947],[-71.90459373099998,-12.088753854999936],[-71.88778610599996,-12.059043729999928],[-71.84493335799993,-12.044892105999963],[-71.82790973299996,-12.048787854999944],[-71.74956235599996,-12.019118229999947],[-71.73905148099993,-12.010053479999954],[-71.74023260599995,-11.996274229999926],[-71.71963748199994,-11.981018604999974],[-71.68386373199996,-11.988544728999955],[-71.67128723099995,-11.978275979999978],[-71.66447985799994,-11.981218105999972],[-71.66113385499995,-11.966622604999941],[-71.64743235599997,-11.969247478999932],[-71.64907847999996,-11.95327347999995],[-71.64038223099993,-11.95751310399993],[-71.63118535599995,-11.946363229999974],[-71.63978135599996,-11.932359103999943],[-71.63158585699995,-11.932709604999957],[-71.62709585699997,-11.906787854999948],[-71.63470723099994,-11.901480104999962],[-71.62978323099998,-11.887726229999942],[-71.64024873099999,-11.882635354999934],[-71.62729623199994,-11.875975479999966],[-71.63158585499997,-11.863623854999958],[-71.60339410599994,-11.855311479999955],[-71.60713298099995,-11.846565103999978],[-71.59771898099996,-11.854927604999943],[-71.60077348099998,-11.840122229999963],[-71.56712360599994,-11.839337729999954],[-71.57194723099997,-11.833178604999944],[-71.55684160599998,-11.832544354999982],[-71.55385385499994,-11.82358110499996],[-71.54183598199995,-11.828137854999966],[-71.54313798099997,-11.820676730999935],[-71.53576035599997,-11.829055854999979],[-71.52192060599998,-11.813281353999969],[-71.51014823099996,-11.82149110499995],[-71.50062185699994,-11.81235197999996],[-71.48540285499996,-11.825175478999938],[-71.48108785699998,-11.812296602999936],[-71.47338698099998,-11.811400478999929],[-71.46074048099996,-11.844958603999942],[-71.43504910599995,-11.831697980999934],[-71.42226985599996,-11.844112104999965],[-71.42797885599998,-11.853173853999976],[-71.44284948099994,-11.84527385399997],[-71.43903223099994,-11.861173354999949],[-71.44733048199998,-11.869670729999939],[-71.42973823099999,-11.87733835399996],[-71.41931560499995,-11.86777872999994],[-71.42512435499998,-11.89625835499993],[-71.41231198099996,-11.899710354999968],[-71.39943310599995,-11.889520230999949],[-71.38944185599996,-11.904025478999927],[-71.35837335599996,-11.911925354999937],[-71.36245610599997,-11.901834728999972],[-71.35505398099997,-11.897353603999932],[-71.34483060699995,-11.911759478999954],[-71.35389223099997,-11.919626104999963],[-71.34549448199994,-11.93011510499997],[-71.33520460599993,-11.92991597899993],[-71.32753710499998,-11.917302603999929],[-71.32129623099996,-11.920655353999962],[-71.33033010599996,-11.944423854999968],[-71.31291148099996,-11.927408854999953],[-71.30494773199996,-11.941950603999942],[-71.28780985599997,-11.94224872999996],[-71.27365397999995,-11.95375585499994],[-71.27589935599997,-11.967902979999963],[-71.29289685599997,-11.96767497999997],[-71.29056385599995,-11.977375355999982],[-71.27439073099998,-11.985847728999943],[-71.24718410599996,-11.967709854999953],[-71.23892210599996,-12.001308729999948],[-71.22060897999995,-12.004659104999973],[-71.21032973199993,-12.019130729999972],[-71.19073610499998,-12.016060854999978],[-71.18415810699997,-12.023410854999952],[-71.18652622999997,-12.038005230999943],[-71.17575585599997,-12.031374605999929],[-71.15807398099997,-12.037321104999933],[-71.14819835599997,-12.064576854999927],[-71.12969222999999,-12.062226230999954],[-71.13127097999995,-12.078337979999958],[-71.11657135399997,-12.083793354999955],[-71.12544723099995,-12.08756472999994],[-71.12970985599998,-12.10293097899995],[-71.11932535499994,-12.104106229999957],[-71.11488735599994,-12.091546604999962],[-71.09929310599995,-12.10487797999997],[-71.10113498099997,-12.123191230999964],[-71.07545448099995,-12.143223354999975],[-71.08487410699996,-12.157116104999943],[-71.05007210499997,-12.139539729999967],[-71.05021248099996,-12.14952072999995],[-71.06498223199998,-12.160484104999966],[-71.03745985599994,-12.157519604999948],[-71.00113185599997,-12.20016247999996],[-70.98950185599995,-12.197952354999927],[-71.00097397999997,-12.222761104999961],[-70.96876797999994,-12.211236479999968],[-70.97604773099994,-12.202079854999965],[-70.96971510699996,-12.198799604999977],[-70.96171635599995,-12.215446354999926],[-70.98466047999995,-12.225778229999946],[-70.97592485499996,-12.234215603999928],[-70.97839823099997,-12.246785729999942],[-70.96487385599994,-12.242172478999976],[-70.95524348099997,-12.254623229999936],[-70.95752397999996,-12.236152104999974],[-70.93650948099997,-12.23513472999997],[-70.94705185499998,-12.246326103999934],[-70.93412385699997,-12.254552979999971],[-70.94192973099996,-12.26753535499995],[-70.92066973099998,-12.268956229999958],[-70.92236248099994,-12.282438854999953],[-70.95376135599997,-12.304299854999954],[-70.95109335499995,-12.321920729999931],[-70.96336760499997,-12.340214354999944],[-70.98718085499996,-12.337439979999942],[-71.01284385599996,-12.355195854999977],[-71.03480748099997,-12.357600355999978],[-71.05378373099995,-12.391032604999964],[-71.08543960699996,-12.408186229999956],[-71.15329273099996,-12.486476854999978],[-71.20489223099997,-12.573905605999926],[-71.20139260599996,-12.608042981999972],[-71.21159372999995,-12.618613229999937],[-71.19093172999999,-12.664155354999934],[-71.20065048099997,-12.694059854999978],[-71.18501948099998,-12.717501979999952],[-71.19048385599996,-12.73161823099997],[-71.17899623099999,-12.749721354999963],[-71.19030497999995,-12.769210230999931],[-71.28257698099998,-12.827811230999941],[-71.27295460599998,-12.849312105999957],[-71.27062498099997,-12.889464604999944],[-71.24489610599994,-12.90751810599994],[-71.25223373099993,-12.92988160599998],[-71.27194260599998,-12.944030980999969],[-71.26495310699994,-12.962878854999929],[-71.23085748099999,-12.97248247999994],[-71.22093160599997,-12.957663981999929],[-71.19594585599998,-12.95958147999994],[-71.17641010599993,-12.970943354999974],[-71.16151348099999,-12.967440229999966],[-71.15900060599995,-12.97867885599993],[-71.17191623099995,-12.98198298099993],[-71.17939510599996,-12.998342229999935],[-71.16652972999998,-13.017670230999954],[-71.17379885599996,-13.055007855999975],[-71.16157810599998,-13.066461355999934],[-71.16478985599997,-13.112345730999948],[-71.14397560599997,-13.137234606999982],[-71.13934510499996,-13.195799230999967],[-71.12763235599994,-13.22686373099998],[-71.03626122899993,-13.27049485599997],[-71.01403535499998,-13.267188480999948],[-71.01121285599999,-13.23871423099996],[-70.99085085599995,-13.221546355999976],[-70.99420460499994,-13.202222355999936],[-70.97723623099995,-13.169682980999937],[-70.94219022999994,-13.156498854999938],[-70.94228035499998,-13.135486605999972],[-70.92763135599995,-13.128779605999966],[-70.92139285499997,-13.110830980999935],[-70.88729110499997,-13.10336448199996],[-70.89926622999997,-13.06968485699997],[-70.86311035599994,-13.080324355999949],[-70.82954373099994,-13.06700123099995],[-70.76286823099997,-13.107733481999958],[-70.68520872899995,-13.106781230999957],[-70.68293222999995,-13.097624605999954],[-70.66032522899997,-13.08833273099998],[-70.59949185499994,-13.099146230999963],[-70.58608572999998,-13.104141855999956],[-70.54942522999994,-13.15317098099996],[-70.46424772999995,-13.15969060499998],[-70.39547647999996,-13.183050854999976],[-70.38429110499999,-13.20292285599993],[-70.38839860499996,-13.228233855999974],[-70.41630885499995,-13.24260710699997],[-70.42270648099998,-13.255464480999933],[-70.40535235499993,-13.26940848099997],[-70.37083747999998,-13.276411355999926],[-70.34664810499999,-13.295187230999943],[-70.34512060499998,-13.31046048099995],[-70.36805747999995,-13.307072480999977],[-70.39559872999996,-13.316665480999973],[-70.40250260499994,-13.329410480999968],[-70.39273110499994,-13.344771856999955],[-70.39950035499999,-13.371643605999964],[-70.41982535499994,-13.358553730999972],[-70.45111585499995,-13.36516973199997],[-70.44264598099994,-13.395405480999955],[-70.47182698099994,-13.439927980999926],[-70.45261797999996,-13.447918355999946],[-70.48879472999994,-13.50038073099995],[-70.53887360499994,-13.531256730999928],[-70.54659772999997,-13.54984335599994],[-70.54362547999995,-13.577635230999931],[-70.57787010499999,-13.585841105999975],[-70.58860422999999,-13.598584480999932],[-70.61619085599995,-13.609062482999946],[-70.66280698099996,-13.660567105999974],[-70.68951997899995,-13.652593105999927],[-70.71512885499999,-13.662253980999935],[-70.72123510599994,-13.700155606999942],[-70.73586685599997,-13.712450356999966],[-70.73537572999999,-13.735299355999928],[-70.71870210499998,-13.764901857999973],[-70.72209147999996,-13.770641980999926],[-70.71386397999999,-13.772801355999945],[-70.69885823099997,-13.803167606999978],[-70.70918572999994,-13.843148480999957],[-70.73221685499993,-13.823449230999927],[-70.76772660499995,-13.814384730999961],[-70.82840035599997,-13.827630855999928],[-70.84908285499995,-13.815299229999937],[-70.85392648099997,-13.798604981999972],[-70.88004797999997,-13.817367856999965],[-70.87513585599999,-13.838986106999926],[-70.85416060599994,-13.85354823199998],[-70.83242035499995,-13.856872479999936],[-70.82562473099995,-13.878053731999955],[-70.83085960599993,-13.895075107999958],[-70.81418423099996,-13.901128356999948],[-70.80967285499997,-13.912264230999938],[-70.84627560599995,-13.963541230999965],[-70.85263610599998,-13.99819673199994],[-70.84036222999998,-14.008167106999963],[-70.85353460499994,-14.012859356999968],[-70.86039110599995,-14.030841856999928],[-70.84952410499994,-14.054171480999969],[-70.83166598199995,-14.061521482999979],[-70.82947173099996,-14.076336856999944],[-70.81791472999998,-14.067582856999934],[-70.79588285399996,-14.072119106999935],[-70.79004297999995,-14.08096835699996],[-70.80561022999996,-14.09928435699993],[-70.80613010599996,-14.120320106999941],[-70.82114447999999,-14.141146857999956],[-70.84625972999999,-14.148899106999977],[-70.86733797999995,-14.169561230999932],[-70.88661010599998,-14.172314355999958],[-70.88939347999997,-14.187038856999948],[-70.88214385599997,-14.198785606999934],[-70.89457972999998,-14.209108607999951],[-70.89979260499996,-14.232986230999927],[-70.88216497999997,-14.25346523199994],[-70.87991460399996,-14.270434106999971],[-70.89098935699997,-14.272714981999968],[-70.89282273199996,-14.28667185699993],[-70.91345685699997,-14.30331948199995],[-70.91218210499994,-14.341473106999956],[-70.92977272999997,-14.340878232999955],[-70.96208497999999,-14.361168231999955],[-70.97048248099998,-14.378283857999975],[-70.98603597999994,-14.379762481999933],[-70.97869160499994,-14.394484356999953],[-70.98582085599998,-14.406725606999942],[-70.96235298099998,-14.444538981999926],[-70.98797260499998,-14.455320355999959],[-70.98658535599998,-14.49871798199996],[-70.99934885599998,-14.502638106999939],[-70.96611648099997,-14.568335981999951],[-70.97770323099996,-14.583021106999979],[-70.99954285499996,-14.572301482999933],[-71.01471035599997,-14.577978481999935],[-71.02043073099998,-14.58534548199998],[-71.01005310599999,-14.597541981999939],[-71.03104197999994,-14.593262606999929],[-71.07390485599996,-14.631446481999944],[-71.10911848099994,-14.633950856999945],[-71.11809173099994,-14.647949857999947],[-71.11010698099994,-14.673537106999959],[-71.08804298099994,-14.695701106999934],[-71.08951035599995,-14.71318810699995],[-71.05324048099999,-14.754330482999933],[-71.03569385599997,-14.752117357999964],[-71.02776348099997,-14.760074982999981],[-71.01309347999995,-14.739693856999963],[-70.98152860599998,-14.755488232999937],[-70.97488960599998,-14.766339356999936],[-70.98370898099995,-14.78603123199997],[-70.97832660599994,-14.824154606999969],[-70.99467548099994,-14.829898982999964],[-70.99659185399997,-14.843943482999975],[-70.99136785499996,-14.861269357999959],[-70.99597335599998,-14.893905231999952],[-70.98474035599997,-14.94606848199993],[-71.00405010599997,-14.97187723299993],[-71.00420635599994,-14.998656731999972],[-70.99338347999998,-15.03581485799998],[-70.99413885499996,-15.094801856999936],[-70.97864185599997,-15.111367857999937],[-70.98200973099995,-15.149451982999949],[-70.96250248099994,-15.215636857999982],[-70.98528060399997,-15.249029607999944],[-70.95015648099996,-15.301954357999932],[-70.95905835599996,-15.319051607999938],[-70.98511335599994,-15.316676607999966],[-71.00611897999994,-15.33522735799994],[-71.04408260499997,-15.418115608999926],[-71.07545473099998,-15.438301107999962],[-71.07227322999995,-15.451497107999955],[-71.09443660599999,-15.457504232999952],[-71.12009435499994,-15.42710298299994],[-71.15025598099999,-15.44059273299996],[-71.17433160599995,-15.424456607999957],[-71.16949460599994,-15.382284107999965],[-71.15052798099998,-15.355904607999946],[-71.16623998099993,-15.320869982999966],[-71.16423797999994,-15.290927857999975],[-71.19461823099994,-15.270928357999935],[-71.20207972899993,-15.245132482999963],[-71.16032860499996,-15.207768233999957],[-71.17675785599994,-15.17259973199998],[-71.18490610499998,-15.169772107999961],[-71.14904023099996,-15.13772198199996],[-71.14325710699995,-15.121558232999973],[-71.16165160699995,-15.109302482999965],[-71.16561123199995,-15.09679985799994],[-71.19667810699997,-15.088868107999929],[-71.20727535599997,-15.07055185799993],[-71.20730585699994,-15.050581982999972],[-71.21596597899998,-15.049264481999955],[-71.22653198099994,-15.069554357999948],[-71.24363723099998,-15.056817106999972],[-71.26554110599994,-15.06299973199998],[-71.26058848099996,-15.078270231999966],[-71.31912998099995,-15.119736732999968],[-71.32994085599995,-15.099460607999958],[-71.35371398099994,-15.09270285699995],[-71.36184698099999,-15.079142607999927],[-71.37170410699997,-15.080225981999945],[-71.39686585499999,-15.045240358999934],[-71.41736585599995,-15.033725732999926],[-71.42147060599996,-15.012394856999947],[-71.43042760499998,-15.00796510799995],[-71.42672735599996,-15.002123857999948],[-71.44303898099997,-14.99556923299997],[-71.44750198099996,-14.979785856999968],[-71.46504447999996,-14.984069355999964],[-71.50522610699994,-14.975560232999953],[-71.51016998099993,-15.004634857999974],[-71.50366985599999,-15.027326606999964],[-71.48460385599998,-15.039325732999941],[-71.48587035599996,-15.059104857999955],[-71.51344298099997,-15.079844482999931],[-71.57234373099993,-15.061931607999952],[-71.58833310599994,-15.127825732999952],[-71.61456297999996,-15.145854980999957],[-71.63602448099994,-15.13913923299998],[-71.67370610699999,-15.089055107999968],[-71.77253735599999,-15.082439481999927],[-71.78630060699999,-15.069550482999944],[-71.80148310499999,-15.067335107999952],[-71.81547548099996,-15.07822135799995],[-71.83451085599995,-15.076696356999946],[-71.84931948299999,-15.04508973299994],[-71.76599885699994,-15.009585357999981],[-71.77024073199993,-14.98217673199997],[-71.74595998199999,-14.939869982999937],[-71.78515623099997,-14.912559482999939],[-71.79300685599998,-14.896168731999978],[-71.82630160699995,-14.906635231999928],[-71.82726285599995,-14.888825357999963],[-71.85960385599998,-14.883615481999982],[-71.86341873299995,-14.873355858999957],[-71.85497285699995,-14.854579982999951],[-71.86909485699994,-14.83597085699995],[-71.87610623099994,-14.801252356999953],[-71.89450315399995,-14.791010289999974]],[[-71.75973210699993,-14.259659606999946],[-71.76057035599996,-14.260351856999932],[-71.75974491099998,-14.259670180999933],[-71.75973210699993,-14.259659606999946]],[[-71.86471773099998,-13.90901060699997],[-71.86455006799997,-13.907342429999972],[-71.86445735599995,-13.906419982999978],[-71.86471773099998,-13.90901060699997]],[[-71.72735765699997,-14.024889943999938],[-71.72765835699994,-14.024957606999976],[-71.72724226999998,-14.024863979999964],[-71.72735765699997,-14.024889943999938]],[[-71.72429644699997,-14.028174539999952],[-71.72428897699996,-14.028255294999951],[-71.72428941999993,-14.028250501999935],[-71.72429644699997,-14.028174539999952]],[[-71.78472051699998,-13.697146535999934],[-71.78438523099999,-13.696914105999952],[-71.78537048099997,-13.697597106999979],[-71.78472051699998,-13.697146535999934]],[[-71.93992903199995,-13.830986344999928],[-71.94104498199994,-13.830982480999978],[-71.94061904499995,-13.830983955999955],[-71.93992903199995,-13.830986344999928]]]}},{"type":"Feature","properties":{"cod_regpol":"23R1","regionpol":"FRENTE POLICIAL VRAEM","tipo":"FRENTE POLICIAL"},"geometry":{"type":"Polygon","coordinates":[[[-74.06711873399996,-13.030506106999951],[-74.08307637799999,-12.986354760999973],[-74.11827986699996,-13.006455453999934],[-74.11599785799996,-12.988828729999966],[-74.10399448299995,-12.982063231999973],[-74.11218410799995,-12.961442355999964],[-74.10642585899996,-12.949365353999951],[-74.13065635799995,-12.914444105999962],[-74.20408198299998,-12.967724604999944],[-74.29357353399996,-12.982019409999964],[-74.29704152799997,-12.936237765999977],[-74.32675836699997,-12.93041352299997],[-74.32974718699995,-12.923640727999953],[-74.31900239699996,-12.891215673999966],[-74.33478390699997,-12.85985501999994],[-74.33099566999994,-12.83399488799995],[-74.36170532299997,-12.837503101999971],[-74.36968704799995,-12.82951492899997],[-74.38171453399997,-12.813602067999966],[-74.37518210899998,-12.790357980999943],[-74.37998060799998,-12.775848105999955],[-74.42397435899994,-12.75581335499993],[-74.42922335799994,-12.774353230999964],[-74.44414485899995,-12.78273160499998],[-74.44695289199996,-12.799859477999973],[-74.46344096899998,-12.806170368999972],[-74.49069231399994,-12.786509234999926],[-74.49965740299996,-12.788623361999953],[-74.49908302599994,-12.771079838999981],[-74.54164236399998,-12.74630923199993],[-74.54161912099994,-12.73013816699995],[-74.52354998399994,-12.71746010499993],[-74.51064335899997,-12.689843855999982],[-74.50688185899998,-12.619235980999974],[-74.53277248299997,-12.608974355999976],[-74.53482485899997,-12.587553229999969],[-74.56875560899994,-12.583487481999953],[-74.60135910899999,-12.538754979999965],[-74.61158560899997,-12.53544560499995],[-74.61315635899996,-12.522461104999934],[-74.63027960899996,-12.513009479999937],[-74.63355185999995,-12.49552097999998],[-74.66267521799995,-12.485193227999957],[-74.69708095699997,-12.438826738999978],[-74.71187584499995,-12.445039804999965],[-74.73108345799994,-12.422234676999949],[-74.73993586199998,-12.427645893999966],[-74.76373280299998,-12.417954619999932],[-74.81497348399995,-12.416221729999961],[-74.85317586799994,-12.445324607999964],[-74.87263828999994,-12.447258468999962],[-74.89145026999995,-12.462047697999935],[-74.90112948399997,-12.45444047999996],[-74.93567660899998,-12.462925104999954],[-74.95358835899998,-12.452009230999977],[-74.96936135899995,-12.414373103999935],[-74.98964648499998,-12.392742354999939],[-74.97877360899997,-12.37614885399995],[-74.99173248499994,-12.33570697999994],[-74.96925998499995,-12.328485604999969],[-74.95036635999998,-12.342019855999979],[-74.94033785999994,-12.339019478999944],[-74.93224285799994,-12.311076105999973],[-74.91743635999995,-12.29590197899995],[-74.90330860999995,-12.29854110499997],[-74.89377348399995,-12.272628854999937],[-74.83700785899998,-12.291574479999952],[-74.82502310999996,-12.24189535499994],[-74.83239248499996,-12.20974347999993],[-74.84523985999994,-12.194250730999954],[-74.84380285799995,-12.178958854999962],[-74.83432235899994,-12.18058548099998],[-74.83711398399998,-12.171523354999977],[-74.86652773399999,-12.162347729999965],[-74.88672673399998,-12.164807979999978],[-74.88406035899999,-12.155110854999975],[-74.89748210899995,-12.136280479999982],[-74.92375285899993,-12.13941635499998],[-74.93655910999996,-12.12199035499998],[-74.97013211099994,-12.106180479999978],[-75.01316385999996,-12.121198229999948],[-75.04137335999997,-12.102554229999953],[-75.06884573399998,-12.106232854999973],[-75.06516410999996,-12.091917103999947],[-75.07383035999999,-12.061311105999948],[-75.08627485999995,-12.052059104999955],[-75.04705260999998,-12.011563604999935],[-75.04895248399998,-11.99922810499993],[-75.02681473399997,-12.002196354999967],[-75.02194223399994,-12.013071604999936],[-74.99775435899994,-12.021080102999974],[-74.96563023499994,-12.024564354999939],[-74.95262898399994,-12.01581122999994],[-74.94705998499995,-11.996819979999941],[-74.95461973399995,-11.977312478999977],[-75.01106823299995,-11.921005479999963],[-75.04633535999994,-11.917743603999952],[-75.09218698399997,-11.834144229999936],[-75.12928173399996,-11.842238854999948],[-75.15978310999998,-11.821564978999959],[-75.17950098399996,-11.79330310399996],[-75.26165773499997,-11.812458479999975],[-75.26941135899995,-11.802056229999948],[-75.25919923499998,-11.788102353999932],[-75.23757073499996,-11.780839477999962],[-75.22898998499994,-11.764459980999959],[-75.18692998499995,-11.77611997799994],[-75.20131998499994,-11.74943997899993],[-75.19161273499998,-11.708911354999941],[-75.22434960999993,-11.662548853999965],[-75.21220098399994,-11.650838354999962],[-75.21734335999997,-11.637092979999977],[-75.21156048399996,-11.624857479999946],[-75.19491598399998,-11.625310604999981],[-75.20263410799998,-11.599202103999971],[-75.18737035899994,-11.588628853999978],[-75.18760998499994,-11.574896854999963],[-75.17321498399997,-11.565113728999961],[-75.16294573299996,-11.534943103999979],[-75.13201998399995,-11.524049979999972],[-75.10010548399998,-11.497445353999979],[-75.06195710899993,-11.486892603999934],[-75.05535510799996,-11.470813603999943],[-75.03595073399998,-11.473196604999941],[-75.03278323399996,-11.455054728999926],[-75.01233248399996,-11.446327229999952],[-74.99983560899994,-11.426740603999974],[-74.91494923399995,-11.480023478999954],[-74.91790023399994,-11.490533103999951],[-74.95414285799995,-11.503947353999934],[-74.94781348499998,-11.517867229999979],[-74.96304198399997,-11.52826547899997],[-74.97496173399998,-11.55076172799994],[-74.97094898399996,-11.571098105999965],[-74.94186173299994,-11.565347728999939],[-74.94166385899996,-11.556527854999956],[-74.93268160999997,-11.55589447899996],[-74.91827923599999,-11.52904897999997],[-74.91063685899996,-11.528548978999936],[-74.84969210899999,-11.562574603999963],[-74.82024623399997,-11.588361977999966],[-74.81000260899998,-11.587255478999964],[-74.78626748499994,-11.603459727999962],[-74.76600948399994,-11.598400479999952],[-74.75465660999998,-11.58744872899996],[-74.75355235799998,-11.566953728999977],[-74.73826998399994,-11.55137297999994],[-74.73953598499997,-11.524022727999977],[-74.71493123399995,-11.498741104999965],[-74.70921098399998,-11.45833010399997],[-74.69606598399997,-11.451094479999938],[-74.69749910899998,-11.434312228999943],[-74.68253360899996,-11.424262978999934],[-74.69125348499995,-11.399486728999932],[-74.68457585899995,-11.383149353999954],[-74.67262473399995,-11.383212104999927],[-74.66212310899994,-11.358165977999931],[-74.63271798399995,-11.375247978999937],[-74.61210110999997,-11.357548103999932],[-74.61088748399999,-11.322309728999926],[-74.59412323399994,-11.302535104999947],[-74.59331723399998,-11.29055335299995],[-74.56352148399998,-11.29141210499995],[-74.54325335899995,-11.275508103999925],[-74.54679248299993,-11.232065103999958],[-74.53166835899998,-11.232903227999941],[-74.51499535899995,-11.252546478999932],[-74.48724260899996,-11.251944728999945],[-74.48044960899995,-11.223449978999952],[-74.42628160899994,-11.22115847899994],[-74.40956885899999,-11.194813729999964],[-74.41775885899995,-11.152253228999939],[-74.38422673299993,-11.139855228999977],[-74.38013135899996,-11.115012103999959],[-74.40597373199995,-11.102583103999962],[-74.41405260899995,-11.085983478999935],[-74.45846548399999,-11.04530122899996],[-74.48230523299998,-11.032608728999946],[-74.50407010899994,-11.033723478999946],[-74.50998585999997,-11.013260977999948],[-74.53573473399996,-11.005694603999927],[-74.54846673399999,-10.992239603999963],[-74.55599873399996,-10.996623602999932],[-74.56361285899999,-10.983389228999954],[-74.58232510799996,-10.982307227999968],[-74.59526023399997,-10.97004560399995],[-74.62176785899999,-10.976621228999932],[-74.62877560899994,-10.964112727999975],[-74.65990273399996,-10.952929978999975],[-74.69874985899997,-10.95654997899993],[-74.69374998399996,-10.933069978999981],[-74.70201998399995,-10.914999978999958],[-74.69533998299994,-10.893940103999967],[-74.70017385899996,-10.877892728999939],[-74.68134685899997,-10.889157103999935],[-74.67918085899998,-10.879071478999947],[-74.64018298499997,-10.869121228999973],[-74.61410248399994,-10.904625478999947],[-74.56236348399995,-10.913682477999942],[-74.50838373299996,-10.950299727999948],[-74.49647160899997,-11.000238728999932],[-74.45030973399997,-11.001866977999953],[-74.37316760899995,-11.056619853999962],[-74.34163423499996,-11.054772853999964],[-74.31645023499993,-11.036712978999958],[-74.28150685899993,-11.033125979999966],[-74.25643598399995,-11.018222728999945],[-74.20276735799996,-11.021013479999965],[-74.19086998299997,-10.985997103999978],[-74.15565273399994,-10.998760979999929],[-74.13738448399994,-10.988693978999947],[-74.10290623399999,-10.98640447899993],[-74.06135835799995,-10.995744978999937],[-74.00720185799997,-10.99130847899994],[-73.97883798299995,-11.069038478999971],[-73.98371773399998,-11.092441228999974],[-73.97592673299994,-11.12549847899993],[-73.95455148299999,-11.150398853999945],[-73.91648723299994,-11.143101977999947],[-73.89061398399997,-11.169652978999977],[-73.86306023399999,-11.169124353999962],[-73.85269548299993,-11.164261478999947],[-73.86564698299998,-11.098680478999938],[-73.86220173399994,-10.97877497899998],[-73.85574810799994,-10.956965603999947],[-73.82366023299994,-10.921578603999933],[-73.82674860999998,-10.911353603999942],[-73.81300498299998,-10.88924110399995],[-73.82077435899998,-10.87901372899995],[-73.81601235799997,-10.857368228999974],[-73.82215773299998,-10.836072103999982],[-73.81421685799995,-10.799896478999926],[-73.78693948299997,-10.79413872899994],[-73.77836810999997,-10.774528603999954],[-73.78198635799998,-10.750624976999973],[-73.74211610699996,-10.734008229999972],[-73.73174248199996,-10.75381847899996],[-73.66802948199995,-10.791113228999961],[-73.66656835799995,-10.802639603999978],[-73.61039623299996,-10.846573852999938],[-73.56089835799997,-10.859255977999965],[-73.56425898299995,-10.934033478999936],[-73.57257710799996,-10.954499977999944],[-73.55877910699996,-10.97496272899997],[-73.55301160799996,-11.014051603999974],[-73.54099285799998,-11.022098103999951],[-73.54257873299997,-11.047424477999925],[-73.48260348399998,-11.065242228999978],[-73.47108098299998,-11.088492603999953],[-73.46678060799997,-11.119072478999954],[-73.47518648299996,-11.128355853999949],[-73.44981160799995,-11.236767978999978],[-73.46323060799995,-11.284408978999977],[-73.45919423299995,-11.300924102999943],[-73.48412885799996,-11.318531229999962],[-73.48456148299994,-11.350264102999972],[-73.47953410799994,-11.353973103999977],[-73.46786885799997,-11.343651228999931],[-73.44975860899996,-11.36808297999994],[-73.41491398299996,-11.386853353999982],[-73.38626248399999,-11.371270228999947],[-73.37866048399997,-11.350740728999938],[-73.35295523299999,-11.33417835399996],[-73.34170460799999,-11.310995850999973],[-73.25599885799994,-11.312535228999934],[-73.23713173299996,-11.299513478999927],[-73.21318798099998,-11.299082373999966],[-73.20599523299995,-11.290195728999947],[-73.19372823299994,-11.29315547899995],[-73.18496793399999,-11.285903090999966],[-73.13166198299996,-11.293927477999944],[-73.08213729099998,-11.273284212999954],[-73.06504098299996,-11.284354978999943],[-73.02555072499996,-11.26416099599993],[-73.01572210799998,-11.231369151999957],[-72.97706160799999,-11.212293478999982],[-72.96618048299996,-11.21732372899993],[-72.97548323199999,-11.224351603999935],[-72.96793548399995,-11.266226978999953],[-72.95587948299993,-11.263380728999948],[-72.95627285799998,-11.27286810499993],[-72.94518885799994,-11.275436728999978],[-72.93563198199996,-11.290824853999936],[-72.95280075399995,-11.293277561999957],[-72.95553137799999,-11.304616185999976],[-72.93246185799995,-11.307346853999945],[-72.94044510699996,-11.322688727999946],[-72.94442535699994,-11.309869103999972],[-72.95951248299997,-11.314196478999975],[-72.95092760799997,-11.324632478999945],[-72.96490010699995,-11.329498477999948],[-72.96167460799995,-11.334854728999971],[-72.94951810799995,-11.330499853999981],[-72.94473698199994,-11.339913852999928],[-72.92435260699995,-11.327405228999964],[-72.92079448199996,-11.333835603999944],[-72.93283985699998,-11.350383979999947],[-72.92092423199995,-11.35544310499995],[-72.92637248299997,-11.348252978999938],[-72.91988648099993,-11.343638603999977],[-72.89468385699996,-11.358259854999972],[-72.89036610699998,-11.343175353999982],[-72.88723435699995,-11.356499354999926],[-72.87618060899996,-11.355288978999965],[-72.87706110699997,-11.364306978999934],[-72.85916748299996,-11.355431602999943],[-72.85286198199998,-11.365282603999958],[-72.84443860699997,-11.363283853999974],[-72.84441485599996,-11.373348978999957],[-72.83396898299998,-11.37430072899997],[-72.84246373199994,-11.386840478999943],[-72.82267960799999,-11.389608854999949],[-72.81619810699993,-11.37508360399994],[-72.79972860699996,-11.38557035399998],[-72.79703623299997,-11.364430728999935],[-72.78945785699995,-11.368602228999976],[-72.79497548199998,-11.384556603999954],[-72.76334923199994,-11.371610228999941],[-72.73823760699997,-11.347429353999928],[-72.72326373199996,-11.350753103999978],[-72.71767973199997,-11.362110729999927],[-72.71237823199993,-11.347352978999936],[-72.70973560599998,-11.378812979999964],[-72.69861748199997,-11.380408478999982],[-72.69230223199997,-11.395698103999962],[-72.66569498299998,-11.385909355999956],[-72.64556910699997,-11.41276585299994],[-72.63421823299996,-11.405054728999971],[-72.63189160699994,-11.415674354999965],[-72.61716698199996,-11.417784978999975],[-72.62432985699996,-11.42561260499997],[-72.60751123199998,-11.429252228999928],[-72.60869123299994,-11.440137728999957],[-72.60114610699998,-11.418433103999973],[-72.59104173199995,-11.43209410399993],[-72.59411623199998,-11.440835728999957],[-72.58082085699994,-11.430797603999963],[-72.58181798199996,-11.43912397899993],[-72.55366535599995,-11.432079853999937],[-72.54712598199995,-11.44831322999994],[-72.54884735699994,-11.436888354999951],[-72.53631648199996,-11.43480147899993],[-72.53369110799997,-11.424838353999974],[-72.53420085599998,-11.43851360399998],[-72.52531485699996,-11.439244478999967],[-72.52402610599995,-11.431041228999959],[-72.51597685699994,-11.430723979999982],[-72.51775598199998,-11.417683478999948],[-72.51184160699995,-11.425030729999946],[-72.50718698199995,-11.420712728999945],[-72.50982198299994,-11.411509353999975],[-72.50121498199996,-11.409018603999925],[-72.49895160699998,-11.395023978999973],[-72.49306135699999,-11.404009728999938],[-72.48221223199994,-11.398119354999949],[-72.48751660699998,-11.393340979999948],[-72.48111535799995,-11.38755585399997],[-72.47433848199995,-11.392349227999944],[-72.46936473199997,-11.385256978999962],[-72.46485685599998,-11.390606228999957],[-72.44903398299994,-11.385767728999951],[-72.44984548199994,-11.371477604999939],[-72.42512710699998,-11.368487353999967],[-72.42359435699996,-11.355173978999971],[-72.40338398199998,-11.357112478999966],[-72.39932685699995,-11.343152979999957],[-72.39650185599999,-11.34976447899993],[-72.39343648299996,-11.342101103999937],[-72.38709535699996,-11.347660729999973],[-72.38116410699996,-11.334023478999939],[-72.36102348199995,-11.333863228999974],[-72.33829498099993,-11.317080103999956],[-72.31500198099997,-11.321775228999968],[-72.30770898199995,-11.306999978999954],[-72.28375198199996,-11.31689060499997],[-72.28006060699994,-11.339605478999943],[-72.26128323199998,-11.337173853999957],[-72.25717185699995,-11.329880854999942],[-72.24885548199995,-11.333318478999956],[-72.24782523199997,-11.344839729999933],[-72.23920548199999,-11.345953227999928],[-72.24789448199994,-11.385005853999928],[-72.27082135699999,-11.400189103999935],[-72.29255073199994,-11.433273104999955],[-72.28745673199995,-11.466647979999948],[-72.28962773299997,-11.482852479999963],[-72.30417348199995,-11.49711422799993],[-72.29803035699996,-11.504116103999934],[-72.31302485699996,-11.561518354999976],[-72.30789448199994,-11.587537104999967],[-72.34804198199998,-11.617858979999937],[-72.35562310699999,-11.635025353999936],[-72.37099073199994,-11.63078472899997],[-72.37818348199994,-11.64717922999995],[-72.39030173199995,-11.650684229999968],[-72.38771023199996,-11.660459229999958],[-72.40529385799994,-11.674796603999937],[-72.41007298199997,-11.693011353999964],[-72.42819760699996,-11.705184603999953],[-72.42506448199998,-11.733169228999941],[-72.38500648299998,-11.76172147899996],[-72.37076798199996,-11.784967354999935],[-72.39099898199999,-11.806610228999944],[-72.39075685699999,-11.827556854999955],[-72.33183973199993,-11.85608622999996],[-72.34751423199998,-11.891267479999954],[-72.33682148199995,-11.937336604999928],[-72.34048973199998,-11.965767728999936],[-72.28622172999997,-11.975316354999961],[-72.28154448199996,-11.995797229999937],[-72.25916460699995,-12.005723479999972],[-72.26960023199996,-12.022836479999967],[-72.26893285799997,-12.054375354999934],[-72.23042460699997,-12.061778104999973],[-72.17373298099994,-12.059810354999968],[-72.09444660699995,-12.085190978999947],[-72.08755860499997,-12.142690355999946],[-72.10043623099995,-12.169418729999961],[-72.09220498099995,-12.194417979999969],[-72.10561135699999,-12.238792979999971],[-72.07530010599999,-12.243264103999934],[-72.05643898099999,-12.257278479999968],[-72.04335885599994,-12.254884354999945],[-72.02893573099993,-12.287234354999953],[-71.97742960599999,-12.318754104999925],[-71.95383473199996,-12.32199710599997],[-71.94570885699994,-12.33258310499997],[-71.96717898199995,-12.347641979999935],[-71.96330248199996,-12.376902604999941],[-71.97664685699993,-12.399453729999948],[-72.00908973199995,-12.40367048099995],[-72.01747660699994,-12.41517897999995],[-72.04752923199999,-12.42300673099993],[-72.04989310699995,-12.434442479999973],[-72.06055760599997,-12.43836147899998],[-72.06495860699994,-12.471158479999929],[-72.07947810599995,-12.498664104999932],[-72.08648760699998,-12.491285731999938],[-72.10443210699998,-12.497397103999958],[-72.11440460699998,-12.474166605999926],[-72.12431935599994,-12.475780605999944],[-72.14094448199995,-12.458476979999944],[-72.17839585599995,-12.444075854999937],[-72.20670160699996,-12.419618729999968],[-72.22573760699999,-12.430957604999946],[-72.24270460599996,-12.419163480999941],[-72.26273373199996,-12.418211729999939],[-72.28239848199996,-12.396992104999981],[-72.29286035599995,-12.403148354999928],[-72.31516798199993,-12.393064480999954],[-72.33834010699996,-12.395368479999945],[-72.35890710699994,-12.37893947899994],[-72.40335210699999,-12.38175347999993],[-72.42859560799997,-12.375339230999941],[-72.43976898199998,-12.362882979999938],[-72.48636585699995,-12.351916604999928],[-72.51125135699994,-12.349730729999976],[-72.53393285699997,-12.360501979999981],[-72.56631260699999,-12.356967229999952],[-72.60083173199996,-12.344365104999952],[-72.61582923199995,-12.326318729999969],[-72.63707998199999,-12.326318729999969],[-72.65486385699995,-12.340997104999929],[-72.69278948199997,-12.327542229999949],[-72.75961910699993,-12.335968729999934],[-72.76991673199996,-12.384998604999964],[-72.76160160699999,-12.40313860599997],[-72.76577148199993,-12.415084104999949],[-72.75727767299998,-12.435132204999945],[-72.71113673199994,-12.463578105999943],[-72.70418160799994,-12.47779098199993],[-72.70706060699996,-12.520470729999943],[-72.68226948199998,-12.554476729999976],[-72.68296685799999,-12.585509730999945],[-72.69412698199994,-12.585388729999977],[-72.70257623399993,-12.57497847999997],[-72.71615235599995,-12.581404354999961],[-72.72319548099995,-12.576165979999928],[-72.73251423199997,-12.580320479999955],[-72.73346185699995,-12.593822854999928],[-72.70316885699998,-12.600348854999936],[-72.69465735699998,-12.621952854999961],[-72.67673273299994,-12.61823385599996],[-72.65725335799993,-12.624726979999934],[-72.63524123199994,-12.653928106999956],[-72.58987623199994,-12.648010229999954],[-72.57843248199998,-12.655728479999937],[-72.52381710699996,-12.628551104999929],[-72.47371285699995,-12.680312479999941],[-72.44398235799997,-12.689839854999946],[-72.43108185699998,-12.716895229999977],[-72.45340610599999,-12.760831980999967],[-72.45790285699997,-12.794125854999947],[-72.50548635699994,-12.81740898199996],[-72.49567910699994,-12.831393480999964],[-72.51028960699995,-12.868698104999964],[-72.53523735699997,-12.892301105999934],[-72.53598035599998,-12.904514480999978],[-72.56163523199996,-12.919237230999954],[-72.58926298199998,-12.891671230999975],[-72.62433873099997,-12.898587354999961],[-72.62480873099997,-12.873167981999927],[-72.63680648199994,-12.857234103999929],[-72.62381073099994,-12.798667980999937],[-72.65150548099996,-12.777996980999944],[-72.65307485699998,-12.741611853999927],[-72.66375748199994,-12.733428229999959],[-72.69075573199996,-12.763300103999939],[-72.70791785699998,-12.77003498099998],[-72.73523373299997,-12.81027385599998],[-72.76333585699996,-12.80463298099994],[-72.78179735699996,-12.814615730999947],[-72.79478860699999,-12.81191485599993],[-72.82118148199999,-12.828085605999945],[-72.82743785799994,-12.843606854999962],[-72.81755760899995,-12.862375855999971],[-72.83967698199996,-12.87396548099997],[-72.84634348299994,-12.901212979999968],[-72.86425785699998,-12.925588854999944],[-72.85489048299996,-12.936084480999966],[-72.85711273199996,-12.963981730999933],[-72.83977494299995,-12.983484110999939],[-72.83737227499995,-13.021600813999953],[-72.82177935699997,-13.03791010599997],[-72.83104885799997,-13.04921873099994],[-72.82426173299996,-13.070986355999935],[-72.83240035699998,-13.110447229999977],[-72.78977510799996,-13.149967730999947],[-72.77405523199997,-13.177228105999973],[-72.77966960699996,-13.191144979999933],[-72.79801573299994,-13.198863106999966],[-72.81727148199997,-13.242251855999939],[-72.84525635699998,-13.212483230999965],[-72.86331585599999,-13.243381730999943],[-72.87931448199998,-13.22264648099997],[-72.90396860799996,-13.225685605999956],[-72.91514598099997,-13.245636980999961],[-72.92861210699994,-13.241288105999956],[-72.93218748199996,-13.24950198099998],[-72.96283110799999,-13.260858106999933],[-72.95104098299998,-13.331738230999974],[-72.92932798199996,-13.360325230999933],[-72.90511423299995,-13.371020605999945],[-72.89813248299998,-13.387916855999947],[-72.97706473299996,-13.38817323099994],[-73.00722498299996,-13.42305310699993],[-73.01689010799998,-13.426712230999954],[-73.04405160699997,-13.411962480999932],[-73.06044423199995,-13.438020355999981],[-73.09728835799996,-13.448876105999943],[-73.11066485799995,-13.434543479999945],[-73.12609260799996,-13.440045354999938],[-73.14365860699996,-13.419063605999952],[-73.14864760799998,-13.435212730999979],[-73.17557298099996,-13.451510731999974],[-73.18612435799997,-13.441134229999932],[-73.18649460799998,-13.417021105999936],[-73.20482110899997,-13.41171985699998],[-73.22370748299994,-13.450617105999982],[-73.22063798299996,-13.46511010699993],[-73.23531773199994,-13.476693730999955],[-73.24543360699994,-13.465350230999945],[-73.26050785799998,-13.467937105999965],[-73.31167073199998,-13.446597104999967],[-73.33179310799994,-13.456377980999946],[-73.33322573299995,-13.443995980999944],[-73.34716335799999,-13.434832230999973],[-73.40397885799996,-13.444793730999947],[-73.41046035799997,-13.435949105999953],[-73.42892160699995,-13.43786810599994],[-73.43608435799996,-13.429960729999948],[-73.48091010699994,-13.431371105999972],[-73.50710748299997,-13.384124980999957],[-73.52158785899996,-13.387720729999955],[-73.54344135799994,-13.364277356999935],[-73.57130535799996,-13.36277997999997],[-73.57362885799995,-13.338900355999954],[-73.58779098299993,-13.339224355999932],[-73.59891410799997,-13.327956980999943],[-73.60808185799993,-13.331597355999975],[-73.66334573299997,-13.281898481999974],[-73.68697660799995,-13.28210160599997],[-73.69810348299995,-13.265496105999944],[-73.72764060999998,-13.268310605999943],[-73.72682810799995,-13.260537105999958],[-73.73636748199993,-13.257447481999975],[-73.73086335799997,-13.242649230999973],[-73.74009185799997,-13.211484355999971],[-73.72826173399994,-13.19802535499997],[-73.73063873299998,-13.183164105999936],[-73.75269910799994,-13.171174104999977],[-73.77260148399995,-13.17512460599994],[-73.80070123299998,-13.140673855999978],[-73.84833985699998,-13.13853910599994],[-73.86225385799997,-13.123695355999928],[-73.91780585699996,-13.115544980999971],[-73.94425510699995,-13.128558855999927],[-73.96347460799996,-13.15283910599993],[-73.96880260699999,-13.172860230999959],[-73.99015560799995,-13.165073230999951],[-73.99315435799997,-13.148523230999956],[-74.01798635799997,-13.117160980999927],[-74.02148435799995,-13.097535105999953],[-74.02641485799995,-13.092369979999944],[-74.03662785699998,-13.098211855999978],[-74.04991010899994,-13.066131605999942],[-74.05980323399996,-13.060133354999948],[-74.05200035899998,-13.040144104999968],[-74.06711873399996,-13.030506106999951]],[[-73.98730538399997,-11.932697590999965],[-73.98588748399999,-11.93382497999994],[-73.98786724399997,-11.932250843999952],[-73.98730538399997,-11.932697590999965]],[[-73.9810229851389,-12.24336232591236],[-73.9810229851389,-12.243362325912358],[-73.98107372299995,-12.24333033399995],[-73.9810229851389,-12.24336232591236]],[[-73.99601348299996,-12.837792228999945],[-73.99588572799996,-12.837521243999959],[-73.99570598399998,-12.83713998099995],[-73.99601348299996,-12.837792228999945]],[[-73.90006412299994,-12.860044399999936],[-73.89947110799994,-12.860108355999955],[-73.90056985899997,-12.85998985599997],[-73.90006412299994,-12.860044399999936]],[[-74.41212421299997,-12.101627059999942],[-74.41199460899998,-12.101882229999944],[-74.41237985899994,-12.101123729999927],[-74.41212421299997,-12.101627059999942]],[[-74.54545568099996,-11.98923766699994],[-74.54494810899996,-11.987257979999981],[-74.54573910799996,-11.990343104999965],[-74.54545568099996,-11.98923766699994]],[[-73.49812160799996,-12.826592855999934],[-73.49791398999997,-12.825762381999937],[-73.49798066099999,-12.826029065999933],[-73.49812160799996,-12.826592855999934]],[[-73.29738029899994,-12.988312521999944],[-73.29910160799994,-12.988848106999967],[-73.29898029099996,-12.988810359999945],[-73.29738029899994,-12.988312521999944]],[[-73.76179308999997,-12.252820208999935],[-73.76175073399997,-12.25294585499995],[-73.76214910799996,-12.25176410599994],[-73.76179308999997,-12.252820208999935]],[[-73.57899093099996,-12.860225219999961],[-73.57908354199998,-12.86016545299998],[-73.57914551999994,-12.860125455999935],[-73.57899093099996,-12.860225219999961]],[[-73.75175267899994,-12.406083777999982],[-73.75248145099994,-12.405838152999934],[-73.75165023199997,-12.406118306999929],[-73.75175267899994,-12.406083777999982]]]}},{"type":"Feature","properties":{"cod_regpol":"10R1","regionpol":"HUANCAVELICA","tipo":"REGION POLICIAL"},"geometry":{"type":"Polygon","coordinates":[[[-75.31034773399995,-13.450247106999939],[-75.34131935899995,-13.46172048099993],[-75.34891798399997,-13.45214935599995],[-75.37875798499994,-13.454519105999964],[-75.40380673499999,-13.467414731999952],[-75.43461135899997,-13.469640606999974],[-75.43569073499998,-13.495285355999954],[-75.48453285899996,-13.52630598099995],[-75.49492998499994,-13.524049980999962],[-75.47016210899994,-13.48383598099997],[-75.47343948499997,-13.463259730999937],[-75.46565998399996,-13.432579855999961],[-75.49981048399997,-13.389080105999938],[-75.49218860999997,-13.377531855999962],[-75.50324385999994,-13.352765105999936],[-75.50522985999999,-13.371848230999944],[-75.52234923499998,-13.391338480999934],[-75.53116960999995,-13.389380605999975],[-75.53806448399996,-13.404756480999936],[-75.58512210999999,-13.40266823199994],[-75.59897110999998,-13.389987980999933],[-75.61494548499996,-13.416796230999978],[-75.63342185999994,-13.411183105999953],[-75.65119848499995,-13.426845604999926],[-75.67741323599995,-13.429969355999958],[-75.68928098499998,-13.439670106999927],[-75.71882960999994,-13.412576480999974],[-75.74493810899997,-13.404794355999968],[-75.76252348499997,-13.41376585599994],[-75.80598523499998,-13.401433355999927],[-75.80965798499994,-13.388856480999948],[-75.78447935999998,-13.332447480999974],[-75.75415873499998,-13.308939230999954],[-75.73092773599996,-13.310306605999926],[-75.70648148499998,-13.288286855999957],[-75.70244135899998,-13.22688698199994],[-75.68894935999998,-13.214274105999948],[-75.70628985899998,-13.187651105999976],[-75.69399310999995,-13.146627730999967],[-75.70784960999998,-13.14272260599995],[-75.71876823399998,-13.109764729999938],[-75.70551548499998,-13.08043710499993],[-75.69496248499996,-13.074792480999974],[-75.68661835999995,-13.043071980999969],[-75.67631060899998,-13.042703855999946],[-75.67759898499997,-13.054483980999976],[-75.65251885899994,-13.07050385599996],[-75.62860823399996,-13.057066731999953],[-75.63898985999998,-13.030778230999942],[-75.60995023499999,-13.006763479999961],[-75.60260848599995,-12.98018335599994],[-75.63633748499996,-12.915582230999973],[-75.61271435999998,-12.859151854999936],[-75.57041111099994,-12.842858855999964],[-75.56033210999993,-12.817399729999977],[-75.53022860999994,-12.821619230999943],[-75.52022360899997,-12.788728728999956],[-75.50824260999997,-12.779827355999942],[-75.57711710999996,-12.715701230999969],[-75.55365398499998,-12.70424335599995],[-75.55145498499996,-12.683992604999958],[-75.56325935999996,-12.675728104999962],[-75.56133073399997,-12.663084105999928],[-75.57504885899993,-12.659453105999944],[-75.57961323499995,-12.641484355999978],[-75.55153698599997,-12.623474980999958],[-75.52538960999993,-12.61836723099998],[-75.49085423499997,-12.647937355999943],[-75.48421473499997,-12.676051480999945],[-75.46791248499994,-12.683699105999949],[-75.45256135999995,-12.657194230999949],[-75.46079398499995,-12.631385978999958],[-75.44264523399994,-12.617741480999939],[-75.41538273499998,-12.628417105999972],[-75.40944723599995,-12.584730479999962],[-75.39190798399994,-12.576212730999941],[-75.36703798499997,-12.542948728999932],[-75.31933910899994,-12.514502855999979],[-75.32473998399996,-12.485502104999966],[-75.30948748499998,-12.479127479999931],[-75.29766448299995,-12.485247603999937],[-75.27744148599999,-12.466796605999946],[-75.25187723399995,-12.462880354999982],[-75.22735985899999,-12.47491648099998],[-75.21322648299997,-12.458864355999935],[-75.22348810999995,-12.439077354999938],[-75.21393348499998,-12.413890729999935],[-75.22033173499995,-12.390785230999938],[-75.18236998599997,-12.360279979999973],[-75.16376985899996,-12.389799981999943],[-75.14342998399997,-12.392659979999962],[-75.13129757699994,-12.378338453999959],[-75.14062866599994,-12.34075867599995],[-75.12970960399997,-12.33513576699994],[-75.12045685899994,-12.308000229999948],[-75.09892848399994,-12.28531785499996],[-75.10522148299998,-12.271142229999953],[-75.10044710899996,-12.251100605999966],[-75.08550960999997,-12.236727730999974],[-75.07162785799994,-12.235202604999927],[-75.05905285999995,-12.205472979999968],[-75.04977123499998,-12.202557354999954],[-75.04892110899993,-12.167547728999978],[-75.07262060899996,-12.157799979999936],[-75.07694535799999,-12.147145729999977],[-75.06291973599997,-12.134715979999953],[-75.06884573399998,-12.106232854999973],[-75.04137335999997,-12.102554229999953],[-75.01316385999996,-12.121198229999948],[-74.97013211099994,-12.106180479999978],[-74.93655910999996,-12.12199035499998],[-74.92375285899993,-12.13941635499998],[-74.89748210899995,-12.136280479999982],[-74.88406035899999,-12.155110854999975],[-74.88672673399998,-12.164807979999978],[-74.84020723399993,-12.16643410499995],[-74.83432235899994,-12.18058548099998],[-74.84380285799995,-12.178958854999962],[-74.84523985999994,-12.194250730999954],[-74.83239248499996,-12.20974347999993],[-74.82502310999996,-12.24189535499994],[-74.83700785899998,-12.291574479999952],[-74.89377348399995,-12.272628854999937],[-74.90330860999995,-12.29854110499997],[-74.91743635999995,-12.29590197899995],[-74.93224285799994,-12.311076105999973],[-74.94033785999994,-12.339019478999944],[-74.95036635999998,-12.342019855999979],[-74.96925998499995,-12.328485604999969],[-74.99090135999995,-12.334270729999957],[-74.98620698399998,-12.368687479999949],[-74.97877360899997,-12.37614885399995],[-74.98964648499998,-12.392742354999939],[-74.96936135899995,-12.414373103999935],[-74.96367185899999,-12.439495354999963],[-74.93567660899998,-12.462925104999954],[-74.90112948399997,-12.45444047999996],[-74.89169500299994,-12.462083133999954],[-74.87263828999994,-12.447258468999962],[-74.85317586799994,-12.445324607999964],[-74.81497348399995,-12.416221729999961],[-74.76373280299998,-12.417954619999932],[-74.73993586199998,-12.427645893999966],[-74.73108345799994,-12.422234676999949],[-74.71187584499995,-12.445039804999965],[-74.69676419499996,-12.43906564699995],[-74.65955509699995,-12.487811608999948],[-74.63437973399994,-12.494693230999928],[-74.63027960899996,-12.513009479999937],[-74.61315635899996,-12.522461104999934],[-74.61158560899997,-12.53544560499995],[-74.60135910899999,-12.538754979999965],[-74.56875560899994,-12.583487481999953],[-74.53482485899997,-12.587553229999969],[-74.53277248299997,-12.608974355999976],[-74.50830273299994,-12.617301980999969],[-74.50244648399996,-12.62850672999997],[-74.50971610999994,-12.641471104999937],[-74.51093010799997,-12.690786229999958],[-74.52354998399994,-12.71746010499993],[-74.54161912099994,-12.73013816699995],[-74.54164236399998,-12.74630923199993],[-74.49908302599994,-12.771079838999981],[-74.49965740299996,-12.788623361999953],[-74.49069231399994,-12.786509234999926],[-74.46319365699998,-12.806195162999927],[-74.44695289199996,-12.799859477999973],[-74.44414485899995,-12.78273160499998],[-74.42922335799994,-12.774353230999964],[-74.42145935899998,-12.755379729999959],[-74.37998060799998,-12.775848105999955],[-74.37518210899998,-12.790357980999943],[-74.38171453399997,-12.813602067999966],[-74.36286206599993,-12.836925650999945],[-74.33099566999994,-12.83399488799995],[-74.33478390699997,-12.85985501999994],[-74.31900239699996,-12.891215673999966],[-74.32974718699995,-12.923640727999953],[-74.32675836699997,-12.93041352299997],[-74.29677801599996,-12.936887714999955],[-74.29535872099996,-12.97898496199997],[-74.27109483699996,-13.023554464999961],[-74.27181864999994,-13.069205632999967],[-74.27962431599997,-13.074463107999975],[-74.30496053799999,-13.062565509999956],[-74.34855354199993,-13.024951661999978],[-74.37983663099999,-13.02365599999996],[-74.40363780599995,-13.05679663199993],[-74.41281107699996,-13.093656744999976],[-74.41126399099994,-13.120018938999976],[-74.38903844499998,-13.129203406999977],[-74.39662353599994,-13.169089114999963],[-74.42042570799998,-13.159539105999954],[-74.45843883299995,-13.190038105999975],[-74.49417183299994,-13.186595730999954],[-74.51705870799998,-13.196691855999973],[-74.52561133299997,-13.189593730999945],[-74.54221283299995,-13.200501979999956],[-74.55779595799999,-13.18555848099993],[-74.57232695799996,-13.184734480999964],[-74.58595308199995,-13.210759731999929],[-74.59563470799998,-13.212845731999948],[-74.60068870899994,-13.227385480999942],[-74.64465420799996,-13.274136731999931],[-74.66349808299998,-13.271484355999974],[-74.68940908699994,-13.28646396199997],[-74.67724899299998,-13.292743930999961],[-74.66601229499997,-13.328472819999945],[-74.63401547399997,-13.345046818999947],[-74.71904268399999,-13.363734052999973],[-74.73435460999997,-13.357403980999948],[-74.73902923399999,-13.339572230999977],[-74.75962223399995,-13.325071105999939],[-74.77008785899994,-13.34632810599993],[-74.80887998399999,-13.357419979999975],[-74.84854998399999,-13.35335985599994],[-74.86918998599998,-13.360099980999962],[-74.89791455199997,-13.394460851999952],[-74.89265998499997,-13.414459981999926],[-74.90401998399994,-13.43046998099993],[-74.90209998299997,-13.46643998099995],[-74.86217998499995,-13.481789981999952],[-74.83185998499994,-13.53218998099993],[-74.81431998399995,-13.535889980999968],[-74.79530998399997,-13.552319980999926],[-74.77696285899998,-13.588669980999953],[-74.77111410899994,-13.610118855999929],[-74.78115135899998,-13.64818373099996],[-74.77539123399998,-13.710538480999958],[-74.75389060999998,-13.736976604999938],[-74.76534960899994,-13.784601605999967],[-74.78614648399997,-13.776557730999968],[-74.79462510899998,-13.754171105999944],[-74.80656873499998,-13.76198435599997],[-74.83328785899994,-13.736768230999928],[-74.87201973399993,-13.758088605999944],[-74.87617673299997,-13.750524355999971],[-74.90309485899996,-13.752023605999966],[-74.91842773399998,-13.743709605999982],[-74.92763085899998,-13.733802730999969],[-74.90930473499998,-13.722058604999972],[-74.90058010899997,-13.690097605999938],[-74.90945898399997,-13.666478480999956],[-74.92754098399996,-13.654886732999955],[-74.92358011099998,-13.633548855999948],[-74.95005273399994,-13.648193355999979],[-74.99166998399994,-13.638730480999982],[-75.00561235899994,-13.66157248099995],[-75.02433173499998,-13.669582230999936],[-75.02603035799996,-13.679708730999948],[-75.04961598399996,-13.68166348099993],[-75.05301285899998,-13.666345605999936],[-75.07262473399999,-13.650515105999943],[-75.07252860899996,-13.605875355999956],[-75.09184173599994,-13.591935605999936],[-75.08441760999995,-13.58416048099997],[-75.08529148399998,-13.55543810499995],[-75.06574548399993,-13.550733229999935],[-75.04734110899994,-13.556579730999943],[-75.03367635899997,-13.544692980999969],[-75.04662885999994,-13.52493623099997],[-75.03524560899996,-13.519725230999939],[-75.04971485899995,-13.493822230999967],[-75.04682423399998,-13.469283230999963],[-75.07512085899998,-13.457739355999934],[-75.13896773399995,-13.501506605999964],[-75.15070260799996,-13.502031355999975],[-75.15358860899994,-13.490007479999974],[-75.17060860999999,-13.480717605999928],[-75.17514860899996,-13.450862481999934],[-75.16625310999996,-13.434370856999976],[-75.17468960899998,-13.417393730999947],[-75.17565473399998,-13.377143606999937],[-75.18926485899993,-13.37477860599995],[-75.20538285899994,-13.38642585599996],[-75.22439660899994,-13.37841948099998],[-75.23703135999995,-13.40854398099998],[-75.25582735999996,-13.417471980999949],[-75.26972973499994,-13.40550148099993],[-75.29378423399999,-13.402281605999974],[-75.31034773399995,-13.450247106999939]]]}},{"type":"Feature","properties":{"cod_regpol":"08R1","regionpol":"HUANUCO","tipo":"REGION POLICIAL"},"geometry":{"type":"Polygon","coordinates":[[[-76.33665998499998,-10.28677997799997],[-76.36449998599994,-10.299469977999934],[-76.38721998699998,-10.289289977999942],[-76.40067998499995,-10.308429977999936],[-76.42493998599997,-10.319219977999978],[-76.49397611099994,-10.310531227999945],[-76.47280436099999,-10.337767602999975],[-76.48658173599995,-10.352435602999947],[-76.49094111099998,-10.378896477999945],[-76.52383998599998,-10.37721597899997],[-76.53189536099995,-10.386872977999928],[-76.55188048599996,-10.384644478999974],[-76.55824373599995,-10.39342972999998],[-76.57925361199995,-10.37587485299997],[-76.59338048599994,-10.387240228999929],[-76.59335898599994,-10.401493978999952],[-76.62039423599998,-10.415248102999954],[-76.64897623599995,-10.415835977999961],[-76.66524848599994,-10.438556603999928],[-76.69681998599998,-10.442486352999936],[-76.70087561099996,-10.461008727999968],[-76.71566373699994,-10.462464853999961],[-76.72739515799998,-10.478973458999974],[-76.73961523699995,-10.467060602999936],[-76.77234961099998,-10.464152352999974],[-76.78738673599997,-10.438652353999942],[-76.79985336099998,-10.43955847799998],[-76.80567573599996,-10.392298852999943],[-76.83167186099996,-10.393074228999978],[-76.84049798599995,-10.363331977999962],[-76.85639448499995,-10.377265603999945],[-76.86585161099998,-10.374843728999963],[-76.87466986099997,-10.32086135399993],[-76.88136723599996,-10.30850785299998],[-76.89450798599995,-10.304328103999978],[-76.89102348599994,-10.294744102999971],[-76.90621673599998,-10.274880853999946],[-76.90484173599998,-10.237697227999945],[-76.91600386199997,-10.225267602999963],[-76.90853511099994,-10.176783227999977],[-76.91569723699996,-10.120427727999981],[-76.90194336199994,-10.113341852999952],[-76.87988673599995,-10.116552727999931],[-76.87133786099997,-10.094300726999961],[-76.85358011099999,-10.101779352999927],[-76.84323823599993,-10.086785102999954],[-76.80718948599997,-10.084478477999937],[-76.81496486099996,-10.02343160199996],[-76.82502736099997,-10.009232476999955],[-76.82561511099993,-9.98929297799998],[-76.81375786199999,-9.960146477999956],[-76.84186148699996,-9.930621101999975],[-76.84198823599996,-9.91089260299998],[-76.89775786099995,-9.80928910299997],[-76.90158398599993,-9.769701226999928],[-76.93424998599994,-9.729474603999961],[-76.94136523599997,-9.705912102999946],[-76.97183986199997,-9.711812475999977],[-76.98104298699997,-9.724568352999938],[-76.96948236099996,-9.757808602999944],[-76.97427736099996,-9.760236351999936],[-77.02061136099996,-9.711314477999963],[-77.04730661099995,-9.653937476999943],[-77.04715036099998,-9.632531227999948],[-77.02923636299994,-9.612996101999954],[-77.01529686099997,-9.614269477999926],[-76.99516011099996,-9.603331977999972],[-76.98024411099993,-9.56403122699993],[-76.95511136099998,-9.56029885299995],[-76.95509573699997,-9.542689477999943],[-76.93755073599993,-9.525367227999936],[-76.93861911099998,-9.49169922699997],[-76.95329486199995,-9.46747847599994],[-76.93030473599998,-9.43318560199998],[-76.93523623599998,-9.398548851999976],[-76.92413286099998,-9.391531227999963],[-76.91790036099997,-9.36950785199997],[-76.90060335999993,-9.359066351999957],[-76.89291598699998,-9.331960976999937],[-76.87026360999994,-9.314427726999952],[-76.86872661099994,-9.292749976999971],[-76.85455673699994,-9.28852147699996],[-76.84670698599996,-9.264212852999947],[-76.83396486099997,-9.266007850999927],[-76.81406248599995,-9.326505851999968],[-76.79383973599994,-9.33292772699997],[-76.76510252999998,-9.366869630999929],[-76.74065426899995,-9.33032531799995],[-76.74545001899997,-9.296084312999938],[-76.74020234599999,-9.273639078999963],[-76.72656812499997,-9.257665538999959],[-76.72846679099996,-9.232780914999978],[-76.74086773299996,-9.197181642999965],[-76.79004517199996,-9.135916625999926],[-76.87074411199995,-9.11331635199997],[-76.92789648599995,-9.071078101999944],[-76.94496473599997,-9.074415976999944],[-76.96645311099996,-9.060412102999976],[-76.98010161099995,-9.06291810199997],[-77.00278711099998,-9.032619101999956],[-77.03262886199997,-9.01423435199996],[-77.03570898699996,-8.999958977999938],[-77.06601948599996,-8.99091597699993],[-77.09209761099999,-8.971566351999968],[-77.11003711099994,-8.96996685199997],[-77.10249023599994,-8.960947226999963],[-77.10572848599998,-8.949191351999957],[-77.12262886099995,-8.946257850999928],[-77.13102348599995,-8.916284976999975],[-77.14741798599994,-8.895753851999928],[-77.15516011099999,-8.90037885199996],[-77.16483598499997,-8.889097601999936],[-77.17266211199995,-8.876025352999932],[-77.17426361199995,-8.834494100999962],[-77.19573436199994,-8.814992225999958],[-77.20653711199998,-8.781624975999932],[-77.22581248699998,-8.766937475999953],[-77.22749023699998,-8.742826226999966],[-77.24816798499995,-8.727308602999926],[-77.24618948699998,-8.702732477999973],[-77.26115236099997,-8.667197225999928],[-77.26059573599997,-8.648521476999974],[-77.28577348699997,-8.64410935099994],[-77.29418361199998,-8.635277351999946],[-77.28871686199994,-8.589769351999962],[-77.31102564999998,-8.55668241199993],[-77.31096735599994,-8.532297717999938],[-77.31720940199995,-8.52986131199998],[-77.28278336099999,-8.505888725999966],[-77.26407811099995,-8.467531226999938],[-77.20267773699999,-8.485414101999936],[-77.18182811099996,-8.478951226999925],[-77.13384373499997,-8.44002147599997],[-77.13992773499996,-8.480455100999961],[-77.08193773599999,-8.487256351999974],[-77.09165073599996,-8.51698135199996],[-77.04980136099994,-8.553715226999941],[-77.01159761099996,-8.537687476999963],[-76.99484186099994,-8.555631725999945],[-76.97730086099995,-8.560598726999956],[-76.94888948499994,-8.545666101999927],[-76.93666798599997,-8.566581976999942],[-76.91917598699996,-8.570114975999957],[-76.89708423599996,-8.568750601999966],[-76.88735811099997,-8.55479810099996],[-76.86470161099999,-8.566349600999956],[-76.86254036099996,-8.552537351999945],[-76.84684236099997,-8.545789726999942],[-76.84265911199998,-8.525229975999935],[-76.80444986099997,-8.510572725999964],[-76.79631873599999,-8.511188226999934],[-76.79014986099997,-8.52364135099998],[-76.76842411099994,-8.52680935199993],[-76.75459373599995,-8.519644600999925],[-76.74098935999996,-8.524646851999933],[-76.72840398599999,-8.515004475999945],[-76.69727148599998,-8.532408224999926],[-76.67843548599996,-8.521066351999934],[-76.64348436099993,-8.523648476999938],[-76.63679486099994,-8.51456247699997],[-76.56629298499996,-8.508146476999968],[-76.54780661099994,-8.497640600999944],[-76.54007423599995,-8.512921852999966],[-76.49483786099995,-8.549587850999956],[-76.49909023599997,-8.563941101999944],[-76.49250385999994,-8.575760850999927],[-76.46616736099998,-8.569742976999976],[-76.44434461099996,-8.489558350999971],[-76.41749623499999,-8.443748226999958],[-76.36670998499994,-8.411540725999942],[-76.35609960999994,-8.425074226999925],[-76.33232598499995,-8.43178822599998],[-76.32171610999995,-8.469839476999937],[-76.32742685999995,-8.479908350999949],[-76.31143685999996,-8.505005351999955],[-76.32402535999995,-8.525023475999944],[-76.30096098499996,-8.558751976999929],[-76.30180861099996,-8.573615226999948],[-76.28035860999995,-8.573563976999935],[-76.28527148599994,-8.586589851999975],[-76.26212498499996,-8.61490435099995],[-76.26983011099998,-8.628953101999969],[-76.26251673499996,-8.637345851999953],[-76.26836611099998,-8.652732352999976],[-76.25277923499993,-8.66531247599994],[-76.24708598399997,-8.68586135199996],[-76.26299223499996,-8.68220897599997],[-76.26794335999995,-8.688087726999981],[-76.25488473399997,-8.690068351999969],[-76.25712698699994,-8.709371101999977],[-76.22742940699999,-8.748484622999968],[-76.23588674299998,-8.775087648999943],[-76.22198761399994,-8.78331590199997],[-76.19749390599998,-8.77327330099996],[-76.19028883299995,-8.753915056999972],[-76.16643948599994,-8.756414101999951],[-76.16285723499993,-8.73147847699994],[-76.15597848599998,-8.732755851999968],[-76.14526561099996,-8.711435601999938],[-76.15088086099996,-8.70865435099995],[-76.13948823499999,-8.666640601999973],[-76.13002923599998,-8.655287102999978],[-76.11549998599997,-8.657683601999963],[-76.10712886099998,-8.648800725999934],[-76.10761710999998,-8.640466850999928],[-76.12107423599997,-8.633755976999964],[-76.12016010999997,-8.589562476999959],[-76.13467973599995,-8.572556600999974],[-76.12639648499999,-8.545417975999953],[-76.13066798499995,-8.467876976999946],[-76.10778710999995,-8.399013727999943],[-76.10916598499995,-8.379613225999947],[-76.12909636099994,-8.36071097699994],[-76.10881100399996,-8.335827363999954],[-76.08701652099995,-8.32814286599995],[-76.07361822799999,-8.333794323999939],[-76.05519335999998,-8.32961522599993],[-76.04233785999998,-8.341521475999969],[-76.00603892299995,-8.30472442599995],[-75.99634599299998,-8.305633395999962],[-75.94598435999995,-8.400874975999955],[-75.94235935999995,-8.428634725999927],[-75.96755473499996,-8.459925725999938],[-75.95453123499993,-8.499486350999973],[-75.97072660999999,-8.51240035199993],[-75.96502348499996,-8.579974601999936],[-75.97933598499998,-8.652880851999953],[-75.96409573499994,-8.697357474999933],[-75.94646486099998,-8.713550726999927],[-75.92164396199996,-8.780812279999964],[-75.92788281899993,-8.844538026999942],[-75.91051489899996,-8.896324968999977],[-75.90127348599998,-8.89815111799993],[-75.90312072999996,-8.915495255999929],[-75.88376730599998,-8.972732544999928],[-75.89450417799998,-8.983714083999928],[-75.89186137999997,-9.00201825299996],[-75.86003596199998,-9.050056110999947],[-75.83787649599998,-9.061944494999977],[-75.83787356899995,-9.084892706999938],[-75.82501722299997,-9.090050847999976],[-75.82152005499995,-9.118965407999951],[-75.80245156599995,-9.151776091999977],[-75.79612726999994,-9.202670438999974],[-75.77506748599995,-9.219730187999971],[-75.76379026399997,-9.217098119999946],[-75.76396276699995,-9.237848216999964],[-75.72024249699996,-9.27722754599995],[-75.70569083699996,-9.336267221999947],[-75.68862268599997,-9.349366329999953],[-75.69501235899997,-9.363927067999953],[-75.67148785599994,-9.384863105999955],[-75.66896037999999,-9.418436897999982],[-75.61665987799995,-9.414075873999934],[-75.61137767399998,-9.406141085999934],[-75.60065949899996,-9.413812848999953],[-75.49364448499995,-9.377011725999978],[-75.45625460899998,-9.324999976999948],[-75.45196794399999,-9.296343673999957],[-75.41849402199995,-9.29260580099998],[-75.37215373199996,-9.310229776999961],[-75.34949079799998,-9.304544470999929],[-75.33405696799997,-9.288764749999928],[-75.31392881099998,-9.302088700999946],[-75.30428767999996,-9.29702365299994],[-75.27227169499997,-9.268044863999933],[-75.27191969399996,-9.233415226999966],[-75.25668595499997,-9.232475957999952],[-75.24220301699995,-9.220934119999981],[-75.22091095199994,-9.180077410999957],[-75.21193216199998,-9.176427108999974],[-75.21648107299995,-9.155075244999978],[-75.22875358199997,-9.147704344999966],[-75.24131268399998,-9.101101704999962],[-75.20645884799995,-9.101342457999976],[-75.20490205899995,-9.080286519999959],[-75.19467356799998,-9.073126938999962],[-75.20121497199995,-9.06383791199994],[-75.16240119399998,-9.03395345599995],[-75.17570913499998,-9.024734923999972],[-75.17386415599998,-9.011575217999962],[-75.15681117599996,-9.010308703999954],[-75.15434601499999,-8.999126328999978],[-75.13921485499998,-8.999503404999928],[-75.13755988099996,-8.988362861999974],[-75.11975539299993,-8.983559997999976],[-75.12010508999998,-8.960699137999939],[-75.13484527699995,-8.945969266999953],[-75.10841319199994,-8.92229144099997],[-75.11942769999996,-8.907176092999975],[-75.12250292699997,-8.880858763999981],[-75.07324552799997,-8.873098436999953],[-75.06471467799997,-8.882277260999956],[-75.02240396499997,-8.858526660999928],[-75.00500213599997,-8.869730510999943],[-74.97898057099997,-8.871653107999975],[-74.94071210899995,-8.857892600999946],[-74.85219873399996,-8.76309435199994],[-74.84797848399995,-8.691979601999947],[-74.84077610999998,-8.67906897599994],[-74.84728448499999,-8.661644725999963],[-74.66414760899994,-8.561908726999945],[-74.63032885899997,-8.550410350999925],[-74.58974623399996,-8.548719351999978],[-74.55694198399993,-8.573068851999949],[-74.54375273399995,-8.593698351999933],[-74.52535123399997,-8.749316225999962],[-74.53217810899997,-8.776133226999946],[-74.57287460899994,-8.792645851999964],[-74.58808985899998,-8.81264647699993],[-74.61830860899994,-8.832027350999965],[-74.62421498399993,-8.888726601999963],[-74.64431073399999,-8.918783226999949],[-74.65274023399996,-8.979581976999953],[-74.64787498299995,-8.995767601999944],[-74.66170960899996,-9.00382960199994],[-74.66916398399997,-9.020256726999946],[-74.65136610899998,-9.048768351999968],[-74.67809373399996,-9.098131351999939],[-74.67186498399997,-9.110542476999967],[-74.63653873299995,-9.125511227999937],[-74.63956448399995,-9.159681601999978],[-74.62446685899994,-9.215562476999935],[-74.58990423399996,-9.267171726999948],[-74.58715023399998,-9.296607476999952],[-74.62537460899995,-9.35020885199998],[-74.62737398299998,-9.364775476999966],[-74.65431748399999,-9.36877422699996],[-74.65783398299999,-9.382013352999934],[-74.67275135899996,-9.388882975999934],[-74.68474385899998,-9.408870602999968],[-74.70942010899995,-9.42221035199998],[-74.66260348499998,-9.454945726999938],[-74.58109248499994,-9.476601726999945],[-74.58317773399995,-9.498438976999978],[-74.59349435899998,-9.507361852999964],[-74.57444723299994,-9.545777976999943],[-74.57484998399997,-9.572717601999955],[-74.53165385899996,-9.592102851999925],[-74.49382935899996,-9.592224852999948],[-74.49072585799996,-9.618784478999942],[-74.49729073399999,-9.637597977999974],[-74.48946748399999,-9.65196397699998],[-74.49463648399995,-9.656154976999971],[-74.49014035799996,-9.68519572799994],[-74.47408960999996,-9.730123977999938],[-74.45536135899994,-9.745982477999974],[-74.44724023399993,-9.777149852999969],[-74.45330085899997,-9.863636227999962],[-74.43541435899994,-9.873596727999939],[-74.41482523399998,-9.90123110199994],[-74.41232623499997,-9.953955102999942],[-74.36081510899999,-9.901214977999928],[-74.35921523399998,-9.89291485299998],[-74.37591448499995,-9.871002476999934],[-74.37010973299994,-9.848035726999967],[-74.33830823399995,-9.865862727999968],[-74.33337998399998,-9.838188601999946],[-74.31990835899995,-9.827290477999952],[-74.31695898499999,-9.801581977999945],[-74.29546098399999,-9.806485101999954],[-74.28767373399995,-9.79006772799994],[-74.25341810899994,-9.771726602999934],[-74.21632098399994,-9.773342851999928],[-74.18599248399994,-9.765350352999974],[-74.14443160799993,-9.704640602999973],[-74.10379685899994,-9.712341852999941],[-74.06579498399998,-9.705536852999955],[-74.06945898299995,-9.686611353999979],[-74.04936948299996,-9.656862727999965],[-73.98577835899994,-9.635183602999973],[-73.95975385799994,-9.61078710199996],[-73.87554085899995,-9.59655860199996],[-73.81722073299994,-9.52957222699996],[-73.76475023299997,-9.530882102999954],[-73.74339060799997,-9.54034760299993],[-73.68630398299996,-9.528899102999958],[-73.66041910799999,-9.546081102999949],[-73.66531248399997,-9.57197260299995],[-73.64139585799995,-9.592282227999931],[-73.60918648299997,-9.64440835299996],[-73.56872848299997,-9.65834747699995],[-73.53626948299996,-9.709617227999956],[-73.51781448299994,-9.714996102999976],[-73.46937598299996,-9.750780102999954],[-73.45934873299996,-9.795609602999946],[-73.37255760799997,-9.825199726999926],[-73.37038048299996,-9.861618351999937],[-73.30922098199994,-9.89298985299996],[-73.26795310799997,-9.95226897799995],[-73.22142510799995,-9.972195727999974],[-73.21874273199995,-10.000166476999937],[-73.18715673199995,-10.018338352999933],[-73.19703123299996,-10.047646477999933],[-73.19430198299995,-10.081076226999926],[-73.16997298399997,-10.099393352999925],[-73.15194923199994,-10.126064477999932],[-73.12465948199997,-10.133775852999975],[-73.10671210699996,-10.122264101999974],[-73.06718060799994,-10.148445102999972],[-73.05617510699994,-10.146097102999931],[-73.05023098199996,-10.177383727999938],[-73.03773123299999,-10.192564728999969],[-73.02156835699998,-10.187605477999966],[-73.00946310799998,-10.200657477999926],[-72.97710285599999,-10.185497727999973],[-72.86327423199998,-10.166890602999956],[-72.85416210899996,-10.17602747799998],[-72.81962310799997,-10.177568354999948],[-72.79945635799999,-10.19910972799994],[-72.77042360899998,-10.18480147899993],[-72.72109698199995,-10.19252535399994],[-72.68211973199993,-10.223320476999959],[-72.64402910699994,-10.222531352999965],[-72.59007835599994,-10.270161727999948],[-72.56533723199993,-10.26372360299996],[-72.56087560699996,-10.282903601999976],[-72.54760648199994,-10.295077228999958],[-72.53965735699995,-10.335369727999932],[-72.52562010699995,-10.35079385299997],[-72.50573135699995,-10.344164228999944],[-72.47776760699998,-10.36611135499993],[-72.47716673199994,-10.378694226999926],[-72.46071523199998,-10.393963853999935],[-72.45196385599996,-10.416065352999965],[-72.42292260699998,-10.44474422899998],[-72.42039898199994,-10.479552851999927],[-72.46443010699994,-10.508999852999978],[-72.40942473199993,-10.516277852999963],[-72.38080235599995,-10.537832227999957],[-72.37884285699994,-10.547699602999955],[-72.39227923199996,-10.574502478999932],[-72.38794035599994,-10.594657102999975],[-72.40609710699994,-10.649462227999948],[-72.44580410599997,-10.638317351999945],[-72.46686010799993,-10.716273352999963],[-72.46678923199994,-10.750528729999928],[-72.48393498199994,-10.780903228999932],[-72.47232423099996,-10.817066354999952],[-72.43721098199995,-10.842589853999925],[-72.41903573199994,-10.90629185399996],[-72.40079960699995,-10.915946228999928],[-72.39804698199998,-10.93265822899997],[-72.36041510699994,-10.962101978999954],[-72.33157685699996,-10.968353728999944],[-72.31263435699998,-10.98351447999994],[-72.26212623199996,-10.971675853999955],[-72.23997685699999,-10.983531853999978],[-72.21628960599998,-11.013110353999934],[-72.19417810699997,-11.004493353999976],[-72.18519084699994,-11.008932294999966],[-72.17443160799996,-11.032357478999927],[-72.19306129599994,-11.049676616999932],[-72.18250860699999,-11.057798852999952],[-72.18329946099993,-11.092591849999963],[-72.17877059699998,-11.09755090599998],[-72.14815084599996,-11.087776177999956],[-72.12324610699994,-11.103591853999944],[-72.12046873199995,-11.11949022899995],[-72.13501622099994,-11.135555754999928],[-72.16928045999998,-11.143741100999932],[-72.17647958799995,-11.15911162599997],[-72.18431865299993,-11.155543226999953],[-72.18793543399994,-11.163728572999958],[-72.19385560599994,-11.156662320999942],[-72.20678076499996,-11.172294631999932],[-72.18652347999995,-11.184888728999965],[-72.19940773199994,-11.197810853999954],[-72.19706060599998,-11.22786135399997],[-72.20517898699995,-11.239896391999935],[-72.19941285699997,-11.26423522999994],[-72.21888468299994,-11.29686068899997],[-72.20462335699995,-11.347432728999934],[-72.24602110799998,-11.346160603999977],[-72.25504285699998,-11.329861353999945],[-72.28006060699994,-11.339605478999943],[-72.28375198199996,-11.31689060499997],[-72.30770898199995,-11.306999978999954],[-72.31500198099997,-11.321775228999968],[-72.33829498099993,-11.317080103999956],[-72.36102348199995,-11.333863228999974],[-72.38116410699996,-11.334023478999939],[-72.38709535699996,-11.347660729999973],[-72.39343648299996,-11.342101103999937],[-72.39650185599999,-11.34976447899993],[-72.39932685699995,-11.343152979999957],[-72.40338398199998,-11.357112478999966],[-72.42359435699996,-11.355173978999971],[-72.42512710699998,-11.368487353999967],[-72.44984548199994,-11.371477604999939],[-72.44903398299994,-11.385767728999951],[-72.46485685599998,-11.390606228999957],[-72.46936473199997,-11.385256978999962],[-72.47433848199995,-11.392349227999944],[-72.48111535799995,-11.38755585399997],[-72.48751660699998,-11.393340979999948],[-72.48221223199994,-11.398119354999949],[-72.49306135699999,-11.404009728999938],[-72.49895160699998,-11.395023978999973],[-72.50121498199996,-11.409018603999925],[-72.50982198299994,-11.411509353999975],[-72.50742748199997,-11.42110698099998],[-72.51805410699995,-11.41801997999994],[-72.51666923199997,-11.43196447899993],[-72.53363335799997,-11.43920598099993],[-72.53506635699995,-11.425396228999944],[-72.53631648199996,-11.43480147899993],[-72.54884735699994,-11.436888354999951],[-72.54712598199995,-11.44831322999994],[-72.55366535599995,-11.432079853999937],[-72.58181798199996,-11.43912397899993],[-72.58082085699994,-11.430797603999963],[-72.59614373199997,-11.440037979999943],[-72.59104173199995,-11.43209410399993],[-72.60031510699997,-11.418532853999977],[-72.60953885699996,-11.439938353999935],[-72.60751123199998,-11.429252228999928],[-72.62432985699996,-11.42561260499997],[-72.61716698199996,-11.417784978999975],[-72.63189160699994,-11.415674354999965],[-72.63421823299996,-11.405054728999971],[-72.64556910699997,-11.41276585299994],[-72.66569498299998,-11.385909355999956],[-72.69230223199997,-11.395698103999962],[-72.69861748199997,-11.380408478999982],[-72.70973560599998,-11.378812979999964],[-72.71237823199993,-11.347352978999936],[-72.71767973199997,-11.362110729999927],[-72.72326373199996,-11.350753103999978],[-72.73823760699997,-11.347429353999928],[-72.76334923199994,-11.371610228999941],[-72.79497548199998,-11.384556603999954],[-72.78945785699995,-11.368602228999976],[-72.79703623299997,-11.364430728999935],[-72.79972860699996,-11.38557035399998],[-72.81619810699993,-11.37508360399994],[-72.82267960799999,-11.389608854999949],[-72.84246373199994,-11.386840478999943],[-72.83396898299998,-11.37430072899997],[-72.84441485599996,-11.373348978999957],[-72.84443860699997,-11.363283853999974],[-72.85286198199998,-11.365282603999958],[-72.85916748299996,-11.355431602999943],[-72.87706110699997,-11.364306978999934],[-72.87618060899996,-11.355288978999965],[-72.88723435699995,-11.356499354999926],[-72.89036610699998,-11.343175353999982],[-72.89468385699996,-11.358259854999972],[-72.91988648099993,-11.343638603999977],[-72.92637248299997,-11.348252978999938],[-72.92092423199995,-11.35544310499995],[-72.93283985699998,-11.350383979999947],[-72.92079448199996,-11.333835603999944],[-72.92435260699995,-11.327405228999964],[-72.94473698199994,-11.339913852999928],[-72.94951810799995,-11.330499853999981],[-72.96167460799995,-11.334854728999971],[-72.96490010699995,-11.329498477999948],[-72.95092760799997,-11.324632478999945],[-72.95951248299997,-11.314196478999975],[-72.94442535699994,-11.309869103999972],[-72.94044510699996,-11.322688727999946],[-72.93246185799995,-11.307346853999945],[-72.95553137799999,-11.304616185999976],[-72.95280075399995,-11.293277561999957],[-72.93563198199996,-11.290824853999936],[-72.94518885799994,-11.275436728999978],[-72.95627285799998,-11.27286810499993],[-72.95587948299993,-11.263380728999948],[-72.96793548399995,-11.266226978999953],[-72.97548323199999,-11.224351603999935],[-72.96618048299996,-11.21732372899993],[-72.97706160799999,-11.212293478999982],[-73.01572210799998,-11.231369151999957],[-73.02555072499996,-11.26416099599993],[-73.06504098299996,-11.284354978999943],[-73.08213729099998,-11.273284212999954],[-73.13166198299996,-11.293927477999944],[-73.18496793399999,-11.285903090999966],[-73.19372823299994,-11.29315547899995],[-73.20599523299995,-11.290195728999947],[-73.21318798099998,-11.299082373999966],[-73.23713173299996,-11.299513478999927],[-73.25599885799994,-11.312535228999934],[-73.34170460799999,-11.310995850999973],[-73.35295523299999,-11.33417835399996],[-73.37866048399997,-11.350740728999938],[-73.38626248399999,-11.371270228999947],[-73.41391073299997,-11.387229478999927],[-73.44975860899996,-11.36808297999994],[-73.46786885799997,-11.343651228999931],[-73.47953410799994,-11.353973103999977],[-73.48456148299994,-11.350264102999972],[-73.48412885799996,-11.318531229999962],[-73.45919423299995,-11.300924102999943],[-73.46323060799995,-11.284408978999977],[-73.44981160799995,-11.236767978999978],[-73.47518648299996,-11.128355853999949],[-73.46678060799997,-11.119072478999954],[-73.47108098299998,-11.088492603999953],[-73.48260348399998,-11.065242228999978],[-73.54257873299997,-11.047424477999925],[-73.54099285799998,-11.022098103999951],[-73.55301160799996,-11.014051603999974],[-73.55877910699996,-10.97496272899997],[-73.57257710799996,-10.954499977999944],[-73.56425898299995,-10.934033478999936],[-73.56089835799997,-10.859255977999965],[-73.61039623299996,-10.846573852999938],[-73.66656835799995,-10.802639603999978],[-73.66802948199995,-10.791113228999961],[-73.73174248199996,-10.75381847899996],[-73.74211610699996,-10.734008229999972],[-73.78198635799998,-10.750624976999973],[-73.77836810999997,-10.774528603999954],[-73.78693948299997,-10.79413872899994],[-73.81421685799995,-10.799896478999926],[-73.82215773299998,-10.836072103999982],[-73.81601235799997,-10.857368228999974],[-73.82077435899998,-10.87901372899995],[-73.81300498299998,-10.88924110399995],[-73.82674860999998,-10.911353603999942],[-73.82366023299994,-10.921578603999933],[-73.85574810799994,-10.956965603999947],[-73.86220173399994,-10.97877497899998],[-73.86564698299998,-11.098680478999938],[-73.85270698299996,-11.164326228999926],[-73.88874848199998,-11.170081853999932],[-73.91648723299994,-11.143101977999947],[-73.95455148299999,-11.150398853999945],[-73.97592673299994,-11.12549847899993],[-73.98371773399998,-11.092441228999974],[-73.97883798299995,-11.069038478999971],[-74.00720185799997,-10.99130847899994],[-74.06135835799995,-10.995744978999937],[-74.10290623399999,-10.98640447899993],[-74.13738448399994,-10.988693978999947],[-74.15565273399994,-10.998760979999929],[-74.19086998299997,-10.985997103999978],[-74.20276735799996,-11.021013479999965],[-74.25643598399995,-11.018222728999945],[-74.28150685899993,-11.033125979999966],[-74.31645023499993,-11.036712978999958],[-74.34163423499996,-11.054772853999964],[-74.37365473399996,-11.05652235399998],[-74.45030973399997,-11.001866977999953],[-74.49647160899997,-11.000238728999932],[-74.50838373299996,-10.950299727999948],[-74.56236348399995,-10.913682477999942],[-74.61410248399994,-10.904625478999947],[-74.64018298499997,-10.869121228999973],[-74.67918085899998,-10.879071478999947],[-74.68134685899997,-10.889157103999935],[-74.69084560899995,-10.886795353999958],[-74.73316898399997,-10.833917979999967],[-74.76036310899997,-10.825142228999937],[-74.79482685999994,-10.829872353999974],[-74.83131098399997,-10.780536478999977],[-74.85113548399994,-10.732970103999946],[-74.87816485799993,-10.700699353999937],[-74.88753935999995,-10.710735978999935],[-74.86593623299996,-10.758972103999952],[-74.88523873399998,-10.770597603999931],[-74.91328473499993,-10.748385352999946],[-74.91800973499994,-10.75512985499995],[-74.93828985899995,-10.749601978999976],[-74.95648161099996,-10.732823726999982],[-74.98281760899994,-10.74978710399995],[-74.98734160899994,-10.734156728999949],[-75.00648960899997,-10.718802227999959],[-75.01172948499999,-10.679525603999934],[-75.02070060999995,-10.673694477999959],[-75.03563923399997,-10.682317728999976],[-75.06507285899994,-10.65289447799995],[-75.07431648499994,-10.665810478999958],[-75.07162273299997,-10.67784960299997],[-75.08844723399994,-10.683537103999981],[-75.10963985999996,-10.723993352999969],[-75.14232998499995,-10.741249978999974],[-75.15708310899998,-10.761979478999933],[-75.17469898399997,-10.745437476999939],[-75.18994898399995,-10.78040197799993],[-75.20418398399994,-10.764676228999974],[-75.24389998399994,-10.763879978999967],[-75.24795998499997,-10.803099978999967],[-75.28307998399998,-10.841029978999927],[-75.30427460999994,-10.838236353999946],[-75.34541998599997,-10.79948997899993],[-75.36188635899998,-10.819174102999966],[-75.35472848499995,-10.828539853999928],[-75.36273773499994,-10.850112477999971],[-75.38572735999998,-10.86493685399995],[-75.39629223399999,-10.85322985299996],[-75.41072198499995,-10.861700602999974],[-75.40933985999999,-10.845208979999938],[-75.39075998499999,-10.832259978999957],[-75.38688998399994,-10.800289978999956],[-75.39502460999995,-10.759018477999973],[-75.43590998499997,-10.747459978999927],[-75.46078998499996,-10.74976997799996],[-75.47011998499994,-10.776849977999973],[-75.48008998499995,-10.78015985299993],[-75.49024998499993,-10.756829977999928],[-75.53040998499995,-10.747579979999955],[-75.51687998599994,-10.728529978999973],[-75.51138148499996,-10.684552478999933],[-75.54851685999995,-10.673149602999956],[-75.53842761099997,-10.65973435199993],[-75.53952148499997,-10.641062603999956],[-75.55684510999998,-10.637050101999932],[-75.58118148499995,-10.649152103999938],[-75.59436236099998,-10.628399102999936],[-75.60112373499999,-10.63164872699997],[-75.61236648399995,-10.620555227999944],[-75.62033298499995,-10.628270352999948],[-75.63425498499998,-10.620063852999976],[-75.64005036099996,-10.62987235299994],[-75.65242448399994,-10.630697353999949],[-75.67836810999995,-10.611930602999962],[-75.66700748399995,-10.578437852999969],[-75.67074373499997,-10.566314104999947],[-75.66098373499995,-10.552245853999977],[-75.67653786099999,-10.518432977999964],[-75.66487835999999,-10.472576351999976],[-75.66910410999998,-10.457540352999956],[-75.72618873499994,-10.429257727999982],[-75.74524973499996,-10.44029072799998],[-75.75875973599994,-10.432820852999953],[-75.77820710999998,-10.441406852999933],[-75.79798735999998,-10.437441728999943],[-75.80821510999994,-10.45737685399996],[-75.81916235999995,-10.439646728999946],[-75.85221873399996,-10.443701228999942],[-75.86989635999998,-10.455373351999981],[-75.85893998499995,-10.441549977999955],[-75.85536998599997,-10.40592997799996],[-75.85946998499998,-10.30297997799994],[-75.89353998599995,-10.324279977999936],[-75.92440998399996,-10.356029976999935],[-75.93453985999997,-10.374979978999932],[-75.92458998499995,-10.404039978999947],[-75.92953998499996,-10.41517997799997],[-75.97581010999994,-10.479336352999951],[-76.00279098499993,-10.48889072999998],[-76.01133473599998,-10.454897477999964],[-76.02493985899997,-10.467438978999951],[-76.03922260999997,-10.454577977999975],[-76.05703710999995,-10.465419976999954],[-76.07828323599995,-10.451988228999937],[-76.07826873499994,-10.434153729999935],[-76.09289248599998,-10.42928122799998],[-76.10418748499995,-10.435546852999948],[-76.11880473499997,-10.426373101999957],[-76.12963085899997,-10.430800726999962],[-76.14448048499997,-10.408116478999943],[-76.17194923599999,-10.411546853999937],[-76.18539673599997,-10.39546310299994],[-76.20716998599994,-10.388709978999941],[-76.20416985999998,-10.376865228999975],[-76.23088861099995,-10.371790976999932],[-76.22632998599994,-10.396929976999957],[-76.26947686099999,-10.368988228999967],[-76.27470536099997,-10.402464727999927],[-76.28528748599996,-10.416419977999965],[-76.30551711099997,-10.41254472999998],[-76.32340998599994,-10.359579978999932],[-76.31694010999996,-10.340229977999968],[-76.33665998499998,-10.28677997799997]]]}},{"type":"Feature","properties":{"cod_regpol":"09R1","regionpol":"ICA","tipo":"REGION POLICIAL"},"geometry":{"type":"Polygon","coordinates":[[[-75.85580473499994,-14.715460982999957],[-75.84890823499995,-14.709960981999927],[-75.85453510999997,-14.69563085699997],[-75.91646485999996,-14.659175731999937],[-75.92746098499998,-14.643123106999951],[-75.92954885999995,-14.57386723299993],[-75.97473248499995,-14.524605356999928],[-75.96478323499997,-14.505892606999964],[-75.97386910999995,-14.468296856999928],[-76.03910935999994,-14.424527356999931],[-76.06619523499995,-14.38694335699995],[-76.13651761099999,-14.348810606999962],[-76.14524023599995,-14.330156232999968],[-76.11095511099995,-14.329220731999953],[-76.10530473599994,-14.314058606999936],[-76.13986523599993,-14.231859356999962],[-76.19048048499997,-14.19825785699993],[-76.19804298499997,-14.172765606999974],[-76.21785548499997,-14.167915981999954],[-76.21643748599996,-14.157634731999963],[-76.22580073499995,-14.150474606999978],[-76.25198248599997,-14.15439448099994],[-76.25991410999995,-14.142162106999933],[-76.27092573599998,-14.142156356999976],[-76.25657823599994,-14.167486356999973],[-76.25493360999997,-14.154912107999962],[-76.25321286099995,-14.160456980999982],[-76.27214648599994,-14.200199231999932],[-76.27548636099993,-14.182898481999928],[-76.29338086199994,-14.163251981999963],[-76.27872460999998,-14.152429731999973],[-76.28576360999995,-14.13822073199998],[-76.27989061099998,-14.127537106999966],[-76.28444336099994,-14.10001373199998],[-76.29216010999994,-14.08900373199998],[-76.27613086099996,-14.082490231999941],[-76.27636523499996,-14.061872981999954],[-76.26063286099998,-14.05576760799994],[-76.27051373599994,-14.036146481999936],[-76.26262498699998,-14.02023235699994],[-76.28578323499994,-13.996789106999927],[-76.27023423599996,-13.980869105999943],[-76.27303710999996,-13.951873106999926],[-76.29536136099995,-13.928367231999971],[-76.28251561099995,-13.918048730999942],[-76.28287298599997,-13.909042855999928],[-76.29557223599994,-13.904626981999968],[-76.29839648599994,-13.89328510699994],[-76.31210548499996,-13.892453106999938],[-76.31632623599995,-13.915445356999953],[-76.32775198599995,-13.924658229999977],[-76.34111723599995,-13.915083980999952],[-76.35600586099997,-13.92280485799995],[-76.37265436099995,-13.91022660799996],[-76.39632810999996,-13.908898481999927],[-76.39836323499998,-13.89207423199997],[-76.38594723499995,-13.84385348099994],[-76.36763673599995,-13.827919981999969],[-76.37099798399998,-13.806197231999931],[-76.35799598499995,-13.800574230999928],[-76.34465235999994,-13.804273481999928],[-76.32547073499995,-13.793292981999969],[-76.29641798499995,-13.793277355999976],[-76.28888473599994,-13.797863230999951],[-76.31164848499998,-13.847074231999954],[-76.29763673499997,-13.83803698099996],[-76.26140823499998,-13.865826106999975],[-76.25088286099998,-13.854208980999942],[-76.25815423599994,-13.838568356999929],[-76.24803123599997,-13.831388730999947],[-76.25030073599999,-13.813042981999956],[-76.22281636099996,-13.725761730999977],[-76.21844511699999,-13.681443602999934],[-76.19766010999996,-13.640876980999963],[-76.18506636099994,-13.526835980999977],[-76.19089648699997,-13.425833980999926],[-76.21364648599996,-13.370785105999971],[-76.24479285999996,-13.323513730999935],[-76.20287998499998,-13.301679855999964],[-76.16267998699993,-13.226069981999956],[-76.15525261099998,-13.192200855999943],[-76.01193673499995,-13.085499356999946],[-75.96861386099994,-13.040836356999932],[-75.96140235999997,-13.001378855999974],[-75.94289685999996,-12.992233105999958],[-75.87878123499996,-13.015994105999937],[-75.84965323499995,-13.036180731999934],[-75.82429423599996,-13.030513104999955],[-75.81792348499994,-13.05214898099996],[-75.80084173499995,-13.060333980999928],[-75.77248435999996,-13.03786135599995],[-75.76458773499996,-13.018236356999978],[-75.72323048499999,-13.038745479999932],[-75.69054923499993,-13.035105105999946],[-75.68607211099999,-13.025318356999946],[-75.66572798499999,-13.01648923099998],[-75.66704860999994,-12.996556230999943],[-75.63650585999994,-12.987575730999936],[-75.63750135999999,-12.97323623099993],[-75.61439310999998,-12.96493335599996],[-75.60266760999997,-12.979355104999968],[-75.60864310999995,-13.004055480999966],[-75.63926785999996,-13.032014480999976],[-75.62860823399996,-13.057066731999953],[-75.65251885899994,-13.07050385599996],[-75.67759898499997,-13.054483980999976],[-75.67631060899998,-13.042703855999946],[-75.68661835999995,-13.043071980999969],[-75.69496248499996,-13.074792480999974],[-75.70551548499998,-13.08043710499993],[-75.71876823399998,-13.109764729999938],[-75.70784960999998,-13.14272260599995],[-75.69399310999995,-13.146627730999967],[-75.70628985899998,-13.187651105999976],[-75.68894935999998,-13.214274105999948],[-75.70244135899998,-13.22688698199994],[-75.70648148499998,-13.288286855999957],[-75.73092773599996,-13.310306605999926],[-75.75415873499998,-13.308939230999954],[-75.78510211099996,-13.33307035599995],[-75.80965798499994,-13.388856480999948],[-75.80680110999998,-13.400805730999934],[-75.76252348499997,-13.41376585599994],[-75.74051960999998,-13.405246105999936],[-75.70321873499995,-13.421665980999933],[-75.68928098499998,-13.439670106999927],[-75.67741323599995,-13.429969355999958],[-75.65119848499995,-13.426845604999926],[-75.63342185999994,-13.411183105999953],[-75.61494548499996,-13.416796230999978],[-75.59897110999998,-13.389987980999933],[-75.58512210999999,-13.40266823199994],[-75.53806448399996,-13.404756480999936],[-75.53116960999995,-13.389380605999975],[-75.52234923499998,-13.391338480999934],[-75.50522985999999,-13.371848230999944],[-75.50324385999994,-13.352765105999936],[-75.49218860999997,-13.377531855999962],[-75.49981048399997,-13.389080105999938],[-75.46565998399996,-13.432579855999961],[-75.47343948499997,-13.463259730999937],[-75.47016210899994,-13.48383598099997],[-75.49492998499994,-13.524049980999962],[-75.48295223399998,-13.526274730999944],[-75.45839160999998,-13.504107980999947],[-75.43569073499998,-13.495285355999954],[-75.43461135899997,-13.469640606999974],[-75.40380673499999,-13.467414731999952],[-75.37875798499994,-13.454519105999964],[-75.34891798399997,-13.45214935599995],[-75.34234061099994,-13.461338355999942],[-75.32811398499996,-13.459986980999929],[-75.31034773399995,-13.450247106999939],[-75.29378423399999,-13.402281605999974],[-75.26972973499994,-13.40550148099993],[-75.25582735999996,-13.417471980999949],[-75.23703135999995,-13.40854398099998],[-75.22439660899994,-13.37841948099998],[-75.20538285899994,-13.38642585599996],[-75.18926485899993,-13.37477860599995],[-75.17565473399998,-13.377143606999937],[-75.17468960899998,-13.417393730999947],[-75.16625310999996,-13.434370856999976],[-75.17514860899996,-13.450862481999934],[-75.17060860999999,-13.480717605999928],[-75.15358860899994,-13.490007479999974],[-75.15070260799996,-13.502031355999975],[-75.13896773399995,-13.501506605999964],[-75.07512085899998,-13.457739355999934],[-75.04682423399998,-13.469283230999963],[-75.04971485899995,-13.493822230999967],[-75.03524560899996,-13.519725230999939],[-75.04662885999994,-13.52493623099997],[-75.03367635899997,-13.544692980999969],[-75.04734110899994,-13.556579730999943],[-75.06574548399993,-13.550733229999935],[-75.08529148399998,-13.55543810499995],[-75.08441760999995,-13.58416048099997],[-75.09184173599994,-13.591935605999936],[-75.07252860899996,-13.605875355999956],[-75.07262473399999,-13.650515105999943],[-75.05301285899998,-13.666345605999936],[-75.04961598399996,-13.68166348099993],[-75.02603035799996,-13.679708730999948],[-75.02433173499998,-13.669582230999936],[-75.00561235899994,-13.66157248099995],[-74.99166998399994,-13.638730480999982],[-74.95005273399994,-13.648193355999979],[-74.92358011099998,-13.633548855999948],[-74.92754098399996,-13.654886732999955],[-74.90945898399997,-13.666478480999956],[-74.90058010899997,-13.690097605999938],[-74.90930473499998,-13.722058604999972],[-74.92763085899998,-13.733802730999969],[-74.91842773399998,-13.743709605999982],[-74.90309485899996,-13.752023605999966],[-74.87617673299997,-13.750524355999971],[-74.87201973399993,-13.758088605999944],[-74.83328785899994,-13.736768230999928],[-74.80656873499998,-13.76198435599997],[-74.79462510899998,-13.754171105999944],[-74.77759573399999,-13.782804730999942],[-74.76036373399995,-13.831487230999926],[-74.76738673399996,-13.866587855999967],[-74.78515523499993,-13.88831023199998],[-74.77700785999997,-13.897503855999958],[-74.78592310799996,-13.928788356999974],[-74.76795473399994,-13.978552356999955],[-74.78533073399996,-13.990267980999931],[-74.77859098399995,-13.998345981999933],[-74.78357048399994,-14.019214856999952],[-74.75871285899996,-14.07859573199994],[-74.77270210799998,-14.09107785699996],[-74.76086523399994,-14.120435606999933],[-74.72049598299998,-14.114276355999948],[-74.71679273399997,-14.09619510799996],[-74.70982173399995,-14.101060356999938],[-74.69842098399994,-14.094670106999956],[-74.69834835899997,-14.078622106999944],[-74.67767173399994,-14.06806648199995],[-74.67267485799994,-14.079987606999964],[-74.63952885899994,-14.095120982999958],[-74.62134985899996,-14.091123481999944],[-74.63567435999994,-14.118320731999972],[-74.62319535899996,-14.13714260699993],[-74.57265173299999,-14.135317231999977],[-74.57063998399997,-14.14966435699995],[-74.54129273399997,-14.16406423199993],[-74.52757348399996,-14.146079481999948],[-74.43023435799995,-14.149601606999965],[-74.41956635899999,-14.15628123099998],[-74.40297073299996,-14.195755856999938],[-74.38071873399997,-14.21604873299998],[-74.36689448399994,-14.21491998199997],[-74.34689860699996,-14.23033198099995],[-74.34758010899998,-14.243294982999942],[-74.31791635899998,-14.272059231999947],[-74.32758185899996,-14.274944356999981],[-74.34037798399999,-14.300784607999958],[-74.35375228199996,-14.297594784999944],[-74.36189771299996,-14.306373993999955],[-74.37154025099994,-14.300062943999933],[-74.42259773799998,-14.30099151199994],[-74.44305685799998,-14.347248731999969],[-74.47504485999997,-14.37730073199998],[-74.46809748399994,-14.403119731999936],[-74.44730123399995,-14.380589980999957],[-74.42748573299997,-14.40393923199997],[-74.40462848399994,-14.407070356999952],[-74.45937835899997,-14.46088085699995],[-74.44685348399997,-14.487912107999932],[-74.46873060899998,-14.520388106999974],[-74.50463573399998,-14.525464732999978],[-74.53675085799995,-14.54514435599998],[-74.56937448399998,-14.548855731999936],[-74.57693473399996,-14.52420473199993],[-74.59265085899995,-14.523288356999956],[-74.59553748499997,-14.53625535599997],[-74.61177735899997,-14.544126982999956],[-74.66406510899998,-14.548739731999945],[-74.69325573399993,-14.565722731999927],[-74.70878323399995,-14.563677106999933],[-74.75164135899996,-14.586949732999926],[-74.84658135899997,-14.666147232999947],[-74.84651610999998,-14.688017607999939],[-74.83779823299994,-14.695791106999934],[-74.84531385899999,-14.709147732999952],[-74.80419260899998,-14.751787606999926],[-74.77641898399997,-14.728927733999967],[-74.75080735899996,-14.72938923299995],[-74.71569710899996,-14.709776730999977],[-74.73434035799994,-14.72979073199997],[-74.73852660899996,-14.75373448099998],[-74.75269248399997,-14.76404135699994],[-74.75576348399994,-14.783091982999963],[-74.76470210899998,-14.790456481999968],[-74.74775548399998,-14.81310435699993],[-74.71439685899998,-14.817800981999937],[-74.75150423399998,-14.827554481999982],[-74.75049410899999,-14.842498106999926],[-74.73340435899996,-14.83791598199997],[-74.73250973399996,-14.846660106999934],[-74.72079510999998,-14.836728482999945],[-74.69384035999997,-14.838155231999963],[-74.67582173399995,-14.862072482999963],[-74.68040598499994,-14.874592356999926],[-74.66391773399994,-14.892342981999946],[-74.66345098299996,-14.907934482999963],[-74.68548423399994,-14.929469856999958],[-74.65938523399996,-14.970336108999959],[-74.64624123399994,-14.977177858999937],[-74.66569373299996,-14.997902357999976],[-74.66426698399994,-15.047209232999933],[-74.72960748399998,-15.085396482999954],[-74.75799998299993,-15.09283598199994],[-74.81591798299996,-15.139497732999928],[-74.85520935899996,-15.153830482999979],[-74.87734985899993,-15.153679857999975],[-74.92930598499998,-15.192401857999982],[-74.96363835999995,-15.25389860699994],[-74.96820073399994,-15.299422233999962],[-75.00387973499994,-15.330230357999937],[-75.01655573399995,-15.351096232999964],[-75.01848598399994,-15.38241385799995],[-75.04554748299995,-15.43033023299995],[-75.07025950299999,-15.442223441999943],[-75.08191210999996,-15.424009732999934],[-75.09964448299996,-15.42348435799994],[-75.12219135999999,-15.405861357999981],[-75.14040423299997,-15.40716598299997],[-75.14468360999996,-15.393810482999982],[-75.15857035999994,-15.392873107999947],[-75.16150973299995,-15.378128857999968],[-75.19420898399994,-15.368535107999946],[-75.18627923499997,-15.354421858999956],[-75.15587298399998,-15.355384732999937],[-75.15135160899996,-15.335113232999959],[-75.16915623499995,-15.307083982999927],[-75.19592560999996,-15.291152357999977],[-75.22913473399996,-15.285740232999956],[-75.24864848499999,-15.255295107999927],[-75.26381248399997,-15.251183607999963],[-75.22280873399995,-15.256380857999943],[-75.21623048399994,-15.233300732999965],[-75.23136910999995,-15.203951232999941],[-75.27467985999994,-15.168320355999981],[-75.31556848399998,-15.15040823299995],[-75.33622260899995,-15.146218732999955],[-75.34949610999996,-15.158331983999972],[-75.34812498399998,-15.14841598299995],[-75.35792386099996,-15.13994723199994],[-75.37174410999995,-15.15154498399994],[-75.37133985999998,-15.128148481999972],[-75.38413473599996,-15.116406231999974],[-75.39478510799995,-15.08066998299995],[-75.40921485899997,-15.067990232999932],[-75.41357423499994,-15.043123106999928],[-75.43316410999995,-15.026576107999972],[-75.44269335999996,-15.00059185799995],[-75.48632223599998,-14.979081982999958],[-75.50314260999994,-14.962382857999955],[-75.50186310999999,-14.941808606999928],[-75.49164848399994,-14.934203106999973],[-75.50979098499994,-14.910771482999962],[-75.57452148499993,-14.867796981999959],[-75.68202535999995,-14.817708981999942],[-75.76030860999998,-14.76141010699996],[-75.85580473499994,-14.715460982999957]]]}},{"type":"Feature","properties":{"cod_regpol":"10R2","regionpol":"JUNIN","tipo":"REGION POLICIAL"},"geometry":{"type":"Polygon","coordinates":[[[-75.22033173499995,-12.390785230999938],[-75.21393348499998,-12.413890729999935],[-75.22348810999995,-12.439077354999938],[-75.21551535999998,-12.463421103999963],[-75.22964898499998,-12.475571854999941],[-75.25187723399995,-12.462880354999982],[-75.27744148599999,-12.466796605999946],[-75.29766448299995,-12.485247603999937],[-75.30948748499998,-12.479127479999931],[-75.32473998399996,-12.485502104999966],[-75.31933910899994,-12.514502855999979],[-75.36703798499997,-12.542948728999932],[-75.39190798399994,-12.576212730999941],[-75.40944723599995,-12.584730479999962],[-75.41538273499998,-12.628417105999972],[-75.44264523399994,-12.617741480999939],[-75.46079398499995,-12.631385978999958],[-75.45256135999995,-12.657194230999949],[-75.46720073499995,-12.68333060599997],[-75.48330086099998,-12.677087229999927],[-75.49085423499997,-12.647937355999943],[-75.52538960999993,-12.61836723099998],[-75.55153698599997,-12.623474980999958],[-75.57961323499995,-12.641484355999978],[-75.57937873499998,-12.595081230999938],[-75.56621160999998,-12.57246235499997],[-75.57184060999998,-12.564067853999973],[-75.53597398599999,-12.518548106999958],[-75.55740760899994,-12.456590479999932],[-75.55886948499995,-12.412102230999949],[-75.56694003999996,-12.412200018999954],[-75.54870110999997,-12.36424397999997],[-75.56821648499994,-12.331638729999952],[-75.58859648499998,-12.325003230999926],[-75.58669985899996,-12.299252979999949],[-75.64213585999994,-12.229623104999973],[-75.65272710999994,-12.205669729999954],[-75.67126214599995,-12.192455465999956],[-75.66870039399998,-12.183417841999926],[-75.64846623499994,-12.174208355999951],[-75.64142160899996,-12.149221979999936],[-75.62752348499998,-12.141740229999982],[-75.63870310999994,-12.121531854999944],[-75.63447073499998,-12.11478535499998],[-75.66176048399996,-12.092032604999929],[-75.68822186099999,-12.082133479999982],[-75.67388998599995,-12.057919979999951],[-75.69430473499995,-12.042691353999942],[-75.71673436099996,-12.046519479999972],[-75.74203948499996,-12.036547104999954],[-75.75112335999995,-12.054857105999929],[-75.76566298499995,-12.059627354999975],[-75.81893686099994,-12.013737229999947],[-75.83236723499994,-12.02505272999997],[-75.84254936099995,-12.006452854999964],[-75.88629911099997,-11.993168854999965],[-75.90414711199998,-11.998396603999936],[-75.92333661099997,-11.984252104999939],[-75.94858410999996,-11.994402230999981],[-75.95426011099994,-11.986176102999934],[-75.97530548599997,-11.98394060499993],[-75.99317973499996,-11.994679727999937],[-76.05258535999997,-11.948236229999964],[-76.05822073599995,-11.912808604999952],[-76.04976835899998,-11.901086605999978],[-76.05817948599997,-11.879958228999953],[-76.09443548599995,-11.848468355999955],[-76.13732760999994,-11.780511353999941],[-76.15438086099994,-11.781388603999972],[-76.17538011099998,-11.75037535499996],[-76.20232773499998,-11.728049230999943],[-76.20750285999998,-11.69978610499993],[-76.19668586099993,-11.692565103999982],[-76.19329748499996,-11.67348697999995],[-76.20488273499996,-11.659531103999939],[-76.18829235999993,-11.642386728999952],[-76.19890623599997,-11.625938103999943],[-76.17955073499996,-11.61287310299997],[-76.18941835999993,-11.590400603999967],[-76.19939398599996,-11.58843147999994],[-76.22874386099994,-11.553810603999978],[-76.23741360999998,-11.569009103999974],[-76.26472948599996,-11.567194478999966],[-76.27308598499997,-11.58200585399993],[-76.29765036099997,-11.596173854999961],[-76.30436960999998,-11.567527978999976],[-76.31751448499995,-11.562699604999978],[-76.32785986099998,-11.544322730999966],[-76.35000248499995,-11.542297977999965],[-76.35064585999999,-11.520413603999941],[-76.35939948499998,-11.522867479999945],[-76.37683911099998,-11.501488603999974],[-76.38098973499996,-11.486045353999941],[-76.37148498699997,-11.476480102999972],[-76.37740823499996,-11.444220728999937],[-76.39614848599996,-11.44229497899994],[-76.41164848599993,-11.41588472999996],[-76.40141798599996,-11.402851728999963],[-76.42005748499997,-11.375092604999963],[-76.42268361099997,-11.35485547899998],[-76.43035160999995,-11.345864229999961],[-76.45097261199999,-11.343904355999939],[-76.47847010999999,-11.292045979999955],[-76.46342198499997,-11.270660603999943],[-76.45693248499998,-11.272520603999965],[-76.47709098599995,-11.263912853999955],[-76.49071485999997,-11.246595728999978],[-76.48319923599996,-11.236943352999958],[-76.49420860999999,-11.209739603999935],[-76.49207723599994,-11.189313979999952],[-76.50556323499995,-11.173665478999965],[-76.50517461099997,-11.143788103999952],[-76.51840236099997,-11.11607810399994],[-76.49565911099995,-11.109552979999933],[-76.49095560999996,-11.089096853999934],[-76.46119723499999,-11.084128853999971],[-76.44680661099994,-11.07124735399998],[-76.43366210999994,-11.080093728999941],[-76.39234961199998,-11.07042185399996],[-76.35095898599997,-11.09419335399997],[-76.33673823399994,-11.082482478999964],[-76.31907035999996,-11.09056247899997],[-76.30790035999996,-11.132664103999957],[-76.25776998499998,-11.151749979999977],[-76.24152998499994,-11.143099978999942],[-76.22715998599995,-11.155769979999945],[-76.21462998599998,-11.150309978999928],[-76.25014998599994,-11.105199978999963],[-76.23957035999996,-11.049199103999968],[-76.25966785999998,-11.027401853999947],[-76.25344311099997,-11.022878478999928],[-76.25995148499999,-11.015006478999965],[-76.25567111099997,-11.00239510299997],[-76.26374560999994,-10.998587354999927],[-76.27294773499995,-10.971019228999978],[-76.26552585999997,-10.959014353999976],[-76.27660436099995,-10.95072735399998],[-76.28054298499995,-10.913191353999935],[-76.27003510999998,-10.916535103999934],[-76.26222660999997,-10.908970728999975],[-76.26589648599997,-10.920122977999938],[-76.24946486099998,-10.924531228999967],[-76.22919723499996,-10.91558985499995],[-76.20979685999998,-10.918966728999976],[-76.21284373499998,-10.932372978999979],[-76.19090423499995,-10.96031047899993],[-76.14623823499994,-10.945814477999932],[-76.12252535899995,-10.95233997899993],[-76.12009573499995,-10.955640603999939],[-76.12460935999997,-10.961292853999964],[-76.12292998499998,-10.96263997899996],[-76.08213998499997,-10.895139977999975],[-76.04550998499997,-10.88073997899994],[-75.99571073499999,-10.82124222799996],[-75.93714648499997,-10.871507852999969],[-75.93592385999995,-10.889722603999928],[-75.91316023599995,-10.872001102999945],[-75.87606998499996,-10.867495229999975],[-75.86478185999994,-10.87658597899997],[-75.85825935899999,-10.867856977999963],[-75.83696798499994,-10.886036728999954],[-75.81557886099995,-10.87249322699995],[-75.81544748499994,-10.84698160499994],[-75.78913998499996,-10.825269977999938],[-75.75856998399996,-10.830089978999979],[-75.73280685999998,-10.809264477999932],[-75.69325260999994,-10.817219353999974],[-75.69296286099996,-10.835138728999937],[-75.67854998599995,-10.84017997899997],[-75.64976998499998,-10.82337997999997],[-75.60662173499998,-10.823115977999976],[-75.58409585999993,-10.801567103999957],[-75.56776998499998,-10.727119978999951],[-75.55691998499998,-10.74406997999995],[-75.54247998499994,-10.740969977999953],[-75.51446998499995,-10.756369977999952],[-75.49024998499993,-10.756829977999928],[-75.47788998399994,-10.780959977999942],[-75.46078998499996,-10.74976997799996],[-75.43590998499997,-10.747459978999927],[-75.39502460999995,-10.759018477999973],[-75.38688998399994,-10.800289978999956],[-75.39075998499999,-10.832259978999957],[-75.40933985999999,-10.845208979999938],[-75.41072198499995,-10.861700602999974],[-75.39629223399999,-10.85322985299996],[-75.38572735999998,-10.86493685399995],[-75.36273773499994,-10.850112477999971],[-75.35472848499995,-10.828539853999928],[-75.36188635899998,-10.819174102999966],[-75.34788998399995,-10.800289978999956],[-75.33781585999998,-10.801276228999939],[-75.30427460999994,-10.838236353999946],[-75.28452998499995,-10.841649978999953],[-75.26424998399995,-10.828049978999957],[-75.24795998499997,-10.803099978999967],[-75.24389998399994,-10.763879978999967],[-75.20418398399994,-10.764676228999974],[-75.18994898399995,-10.78040197799993],[-75.17469898399997,-10.745437476999939],[-75.15708310899998,-10.761979478999933],[-75.14232998499995,-10.741249978999974],[-75.10963985999996,-10.723993352999969],[-75.08844723399994,-10.683537103999981],[-75.07162273299997,-10.67784960299997],[-75.07431648499994,-10.665810478999958],[-75.06507285899994,-10.65289447799995],[-75.03563923399997,-10.682317728999976],[-75.02070060999995,-10.673694477999959],[-75.01172948499999,-10.679525603999934],[-75.00648960899997,-10.718802227999959],[-74.98734160899994,-10.734156728999949],[-74.98281760899994,-10.74978710399995],[-74.95648161099996,-10.732823726999982],[-74.93828985899995,-10.749601978999976],[-74.91800973499994,-10.75512985499995],[-74.91328473499993,-10.748385352999946],[-74.88523873399998,-10.770597603999931],[-74.86593623299996,-10.758972103999952],[-74.88753935999995,-10.710735978999935],[-74.87816485799993,-10.700699353999937],[-74.85113548399994,-10.732970103999946],[-74.83131098399997,-10.780536478999977],[-74.79482685999994,-10.829872353999974],[-74.76036310899997,-10.825142228999937],[-74.73431335899994,-10.833332476999942],[-74.70794660899998,-10.858164727999963],[-74.69533998299994,-10.893940103999967],[-74.70201998399995,-10.914999978999958],[-74.69374998399996,-10.933069978999981],[-74.69874985899997,-10.95654997899993],[-74.65990273399996,-10.952929978999975],[-74.62877560899994,-10.964112727999975],[-74.62176785899999,-10.976621228999932],[-74.59526023399997,-10.97004560399995],[-74.58232510799996,-10.982307227999968],[-74.56361285899999,-10.983389228999954],[-74.55599873399996,-10.996623602999932],[-74.54846673399999,-10.992239603999963],[-74.53573473399996,-11.005694603999927],[-74.50998585999997,-11.013260977999948],[-74.50407010899994,-11.033723478999946],[-74.48230523299998,-11.032608728999946],[-74.45846548399999,-11.04530122899996],[-74.41405260899995,-11.085983478999935],[-74.40597373199995,-11.102583103999962],[-74.38013135899996,-11.115012103999959],[-74.38422673299993,-11.139855228999977],[-74.41775885899995,-11.152253228999939],[-74.40629585999994,-11.188626228999965],[-74.42628160899994,-11.22115847899994],[-74.47927960899995,-11.222774103999939],[-74.48653123399998,-11.25124610499995],[-74.49297748399994,-11.252655729999958],[-74.51499535899995,-11.252546478999932],[-74.53166835899998,-11.232903227999941],[-74.54679248299993,-11.232065103999958],[-74.54325335899995,-11.275508103999925],[-74.56352148399998,-11.29141210499995],[-74.59331723399998,-11.29055335299995],[-74.59412323399994,-11.302535104999947],[-74.61088748399999,-11.322309728999926],[-74.61210110999997,-11.357548103999932],[-74.63271798399995,-11.375247978999937],[-74.66212310899994,-11.358165977999931],[-74.67262473399995,-11.383212104999927],[-74.68457585899995,-11.383149353999954],[-74.69125348499995,-11.399486728999932],[-74.68253360899996,-11.424262978999934],[-74.69749910899998,-11.434312228999943],[-74.69606598399997,-11.451094479999938],[-74.70921098399998,-11.45833010399997],[-74.71493123399995,-11.498741104999965],[-74.73953598499997,-11.524022727999977],[-74.73826998399994,-11.55137297999994],[-74.75355235799998,-11.566953728999977],[-74.75465660999998,-11.58744872899996],[-74.76600948399994,-11.598400479999952],[-74.78626748499994,-11.603459727999962],[-74.81000260899998,-11.587255478999964],[-74.82024623399997,-11.588361977999966],[-74.84969210899999,-11.562574603999963],[-74.91063685899996,-11.528548978999936],[-74.91827923599999,-11.52904897999997],[-74.93268160999997,-11.55589447899996],[-74.94166385899996,-11.556527854999956],[-74.94186173299994,-11.565347728999939],[-74.97094898399996,-11.571098105999965],[-74.97496173399998,-11.55076172799994],[-74.96304198399997,-11.52826547899997],[-74.94781348499998,-11.517867229999979],[-74.95414285799995,-11.503947353999934],[-74.91790023399994,-11.490533103999951],[-74.91494923399995,-11.480023478999954],[-74.99983560899994,-11.426740603999974],[-75.01233248399996,-11.446327229999952],[-75.03278323399996,-11.455054728999926],[-75.03595073399998,-11.473196604999941],[-75.05535510799996,-11.470813603999943],[-75.06195710899993,-11.486892603999934],[-75.10010548399998,-11.497445353999979],[-75.13201998399995,-11.524049979999972],[-75.16294573299996,-11.534943103999979],[-75.17321498399997,-11.565113728999961],[-75.18760998499994,-11.574896854999963],[-75.18737035899994,-11.588628853999978],[-75.20263410799998,-11.599202103999971],[-75.19491598399998,-11.625310604999981],[-75.21156048399996,-11.624857479999946],[-75.21734335999997,-11.637092979999977],[-75.21220098399994,-11.650838354999962],[-75.22434960999993,-11.662548853999965],[-75.19161273499998,-11.708911354999941],[-75.20131998499994,-11.74943997899993],[-75.18692998499995,-11.77611997799994],[-75.23262998399997,-11.765789978999976],[-75.23757073499996,-11.780839477999962],[-75.26922998399994,-11.79903010399994],[-75.26623498399994,-11.812497977999953],[-75.17950098399996,-11.79330310399996],[-75.15978310999998,-11.821564978999959],[-75.12928173399996,-11.842238854999948],[-75.09218698399997,-11.834144229999936],[-75.04633535999994,-11.917743603999952],[-75.01106823299995,-11.921005479999963],[-74.95519510899999,-11.976501104999954],[-74.94656173299995,-11.993779605999976],[-74.95262898399994,-12.01581122999994],[-74.96703523499997,-12.02464585499996],[-74.99853885899995,-12.020836604999943],[-75.02194223399994,-12.013071604999936],[-75.02681473399997,-12.002196354999967],[-75.04754235899998,-11.998558979999927],[-75.04705260999998,-12.011563604999935],[-75.08627485999995,-12.052059104999955],[-75.07383035999999,-12.061311105999948],[-75.06516410999996,-12.091917103999947],[-75.07094685999994,-12.112932980999972],[-75.06291973599997,-12.134715979999953],[-75.07694535799999,-12.147145729999977],[-75.07262060899996,-12.157799979999936],[-75.04892110899993,-12.167547728999978],[-75.04977123499998,-12.202557354999954],[-75.05905285999995,-12.205472979999968],[-75.07162785799994,-12.235202604999927],[-75.08550960999997,-12.236727730999974],[-75.10044710899996,-12.251100605999966],[-75.10522148299998,-12.271142229999953],[-75.09892848399994,-12.28531785499996],[-75.12045685899994,-12.308000229999948],[-75.12970960399997,-12.33513576699994],[-75.14062866599994,-12.34075867599995],[-75.13129757699994,-12.378338453999959],[-75.14342998399997,-12.392659979999962],[-75.16376985899996,-12.389799981999943],[-75.18236998599997,-12.360279979999973],[-75.22033173499995,-12.390785230999938]]]}},{"type":"Feature","properties":{"cod_regpol":"11R1","regionpol":"LA LIBERTAD","tipo":"REGION POLICIAL"},"geometry":{"type":"Polygon","coordinates":[[[-78.98413082399998,-8.213155379999932],[-79.11707738699994,-8.095861831999969],[-79.11994756999997,-8.072799980999946],[-79.13007811299997,-8.05984960099994],[-79.30785548799997,-7.925431600999957],[-79.31109961299995,-7.9123944759999745],[-79.37448436399995,-7.84443560099993],[-79.38956836299997,-7.79121484999996],[-79.46545511299996,-7.716572225999926],[-79.43770111299995,-7.6983144759999504],[-79.43771873899993,-7.671349599999928],[-79.57661136299998,-7.461509724999928],[-79.58863673799993,-7.4149023509999665],[-79.56978726699998,-7.3893955699999765],[-79.58854086299993,-7.350931599999967],[-79.58762111399994,-7.318382850999967],[-79.59918548799999,-7.286630849999938],[-79.62134373799995,-7.250273475999961],[-79.69062111399995,-7.177126974999965],[-79.52876761299996,-7.0052850999999805],[-79.50801636199998,-6.97043597499993],[-79.46878748899996,-6.966504848999932],[-79.45500536299994,-6.9463135999999395],[-79.40076173799997,-6.956927725999947],[-79.35960648799994,-7.0049664749999465],[-79.32258598799996,-7.025683599999979],[-79.33048836399996,-7.07597334999997],[-79.31291623799996,-7.090386224999975],[-79.31370448699994,-7.120663099999945],[-79.29619136399998,-7.129617225999937],[-79.30530123799997,-7.147146225999961],[-79.28095636399996,-7.1570789749999335],[-79.27454898799994,-7.182782975999942],[-79.25180373799998,-7.198348599999974],[-79.27555298799996,-7.215539349999972],[-79.26902536299997,-7.228054725999925],[-79.27932198799994,-7.247702474999926],[-79.26918269099997,-7.2781585369999675],[-79.28451522099994,-7.274899031999951],[-79.30887773299997,-7.283423415999948],[-79.32669906899997,-7.307533543999966],[-79.36488850399996,-7.325941953999973],[-79.36477868199995,-7.337074092999956],[-79.34713098799995,-7.336636599999963],[-79.33250473699997,-7.3543492249999645],[-79.31491861299997,-7.359683350999944],[-79.28290211299998,-7.348743474999935],[-79.26087461399999,-7.3789950999999405],[-79.23147236299997,-7.390929725999968],[-79.19444273799996,-7.373373724999965],[-79.18649848799998,-7.377347225999927],[-79.18779011299995,-7.396876475999932],[-79.16176961299999,-7.418381224999962],[-79.15449223899998,-7.439134850999949],[-79.12276173899994,-7.4416444749999755],[-79.06536165899996,-7.4727030739999805],[-79.07155186199998,-7.505345725999973],[-79.05700561199995,-7.527702100999932],[-79.05984723699999,-7.546675475999962],[-79.03860423799995,-7.562062475999937],[-79.04123248799993,-7.599887475999935],[-78.99339861299995,-7.660539850999953],[-78.95048746499998,-7.6551228789999755],[-78.94137311099996,-7.627908299999945],[-78.94449223799995,-7.598822476999942],[-78.93649411299998,-7.594904350999968],[-78.93093798799998,-7.574899724999966],[-78.89590836299999,-7.537437349999948],[-78.86149698799994,-7.531857850999927],[-78.85108798799996,-7.522117224999931],[-78.86105836299998,-7.497857225999951],[-78.88464048799995,-7.480561100999978],[-78.84775648799996,-7.452768850999973],[-78.84161936299995,-7.437617350999972],[-78.80368961299996,-7.4193778499999326],[-78.79435473699994,-7.397224975999961],[-78.78518036299994,-7.399606474999928],[-78.78202922799994,-7.425828683999953],[-78.76013577699996,-7.402036640999938],[-78.73372461199995,-7.420677725999951],[-78.71332623699999,-7.409636725999974],[-78.68863861199998,-7.414081975999977],[-78.66399373699994,-7.40362135099997],[-78.65493523699996,-7.426032849999956],[-78.63910898799998,-7.432537099999934],[-78.62779473699999,-7.452641850999953],[-78.62731723799999,-7.478857349999942],[-78.65024236199997,-7.527798600999972],[-78.62457223699994,-7.548558600999968],[-78.49139261099998,-7.5548731009999415],[-78.41563286199994,-7.485070349999944],[-78.40308448699994,-7.483492600999966],[-78.36816986299993,-7.500316350999981],[-78.32778711199995,-7.497468724999976],[-78.32574998799998,-7.509904350999932],[-78.34900198699995,-7.5112461009999265],[-78.36082723899995,-7.52996135099994],[-78.35679223599999,-7.574006100999952],[-78.36615061299995,-7.590236225999945],[-78.37816598799998,-7.5940351009999745],[-78.37689223799998,-7.624650724999981],[-78.38281923799997,-7.630107099999975],[-78.37186323799995,-7.64460159999993],[-78.36023623699998,-7.64489010099993],[-78.35946273699994,-7.66800534999993],[-78.34796498699995,-7.685716475999925],[-78.33013886299995,-7.699628225999959],[-78.31235136299995,-7.7028714759999275],[-78.30280273799997,-7.696462725999936],[-78.27620698799996,-7.71955797499993],[-78.28115611199996,-7.747277600999951],[-78.22182036399994,-7.76346097499993],[-78.21278611299994,-7.7568637269999385],[-78.21126298699994,-7.7425066009999455],[-78.21935073599997,-7.724458099999936],[-78.19808736399995,-7.729085850999979],[-78.19028773599996,-7.717504475999931],[-78.17134511199998,-7.713393850999978],[-78.15886273799998,-7.69335072399997],[-78.14100386299998,-7.682720851999932],[-78.14230386299994,-7.664832475999958],[-78.12838423699998,-7.653224224999974],[-78.11469065399996,-7.652266088999966],[-78.08111123999998,-7.696149163999962],[-78.04916264699995,-7.678131565999934],[-77.99766037399996,-7.679986381999981],[-77.97384623699998,-7.667036850999978],[-77.96280223699995,-7.6743136009999375],[-77.96013898699994,-7.655261225999936],[-77.93658423699998,-7.657477225999969],[-77.93195248599994,-7.652493099999958],[-77.94050323699997,-7.6406273499999315],[-77.91313786199999,-7.625865850999958],[-77.92241598699997,-7.599736350999933],[-77.86794136199995,-7.583025349999957],[-77.85685548599997,-7.523531225999932],[-77.79119536199994,-7.5000019759999645],[-77.76487298699999,-7.479449225999929],[-77.74598273699996,-7.479159726999967],[-77.74137161199997,-7.466694724999968],[-77.75542136099995,-7.441045975999941],[-77.76801248699996,-7.440147349999961],[-77.77163073699995,-7.418814099999963],[-77.82499573699994,-7.378663849999953],[-77.82079773699996,-7.368649350999931],[-77.82892536099996,-7.344413350999957],[-77.83837173699999,-7.3411193499999285],[-77.83282786199999,-7.304550974999927],[-77.84148898699993,-7.288769599999966],[-77.85681086099999,-7.282620974999929],[-77.85942773599999,-7.25402347499994],[-77.84923961199996,-7.235571473999926],[-77.88200973699998,-7.220549601999949],[-77.88106861299997,-7.1946159749999765],[-77.89778011199996,-7.182487100999936],[-77.89786898699998,-7.166807224999957],[-77.92561248699997,-7.154573099999936],[-77.92974023699998,-7.105546724999954],[-77.94928711199998,-7.0784247239999445],[-77.94836536299994,-7.06680472499994],[-77.96592111199999,-7.05077397499997],[-77.97112223699997,-7.025887349999948],[-77.98719511199994,-7.012597850999953],[-77.98489198699997,-7.001248724999925],[-78.00118048599995,-6.986547849999965],[-77.98855473699996,-6.97662272499997],[-77.99955655199994,-6.9679899879999425],[-77.98715957199994,-6.962739952999925],[-77.96094668599994,-6.975599845999966],[-77.93911739899994,-6.976051949999942],[-77.92939705499998,-6.988416967999967],[-77.89866536199997,-6.9801242249999405],[-77.88034173699998,-6.962503850999951],[-77.84219498699997,-6.976884849999976],[-77.83434598699995,-6.9572057249999375],[-77.80193198599994,-6.966144474999965],[-77.77878486199995,-6.9414527249999765],[-77.74718873699999,-6.986061849999942],[-77.73916098699993,-7.036966724999957],[-77.72383098699999,-7.059598974999972],[-77.70700598699995,-7.06852484999996],[-77.71804711199997,-7.087552848999962],[-77.71337861099994,-7.10788710199995],[-77.64242948599997,-7.149756474999947],[-77.63426636199995,-7.169414851999932],[-77.61550423599994,-7.177997224999956],[-77.62104873599998,-7.191630724999925],[-77.60553023699998,-7.219161849999978],[-77.63381248699994,-7.233097599999951],[-77.63813923699996,-7.24340347499998],[-77.64735061199997,-7.241514350999978],[-77.64512548599998,-7.253454724999926],[-77.63720048799996,-7.253509976999965],[-77.64692023699996,-7.270050225999967],[-77.62841923699995,-7.320808726999928],[-77.63921161099995,-7.343701224999961],[-77.62167836199995,-7.396994100999962],[-77.63091773699995,-7.413874599999929],[-77.61364998699997,-7.4199494759999425],[-77.59896823699995,-7.448510350999925],[-77.59186723699997,-7.443507099999977],[-77.55965998699997,-7.46418747599995],[-77.53907686199994,-7.507385349999936],[-77.52138873699994,-7.509552600999939],[-77.52912773699995,-7.516192350999972],[-77.54006723699996,-7.577413599999943],[-77.49694473599999,-7.582741475999967],[-77.48576361199997,-7.603992225999946],[-77.49524711299995,-7.614134975999946],[-77.52838873599995,-7.615950099999964],[-77.52270423699997,-7.633407225999974],[-77.53839136199997,-7.65022797599994],[-77.51160248699995,-7.657404976999942],[-77.50947461199996,-7.676536226999929],[-77.49788961199994,-7.686354850999976],[-77.46716836099995,-7.674677849999966],[-77.45923748599995,-7.686904225999967],[-77.48340623699994,-7.6976559759999645],[-77.48327623599994,-7.720247350999955],[-77.49736048599993,-7.738974225999925],[-77.52618211199996,-7.753889225999956],[-77.52546873699998,-7.768341850999946],[-77.50655011199996,-7.770380725999928],[-77.47859023799998,-7.804240474999972],[-77.44286111199995,-7.8136417259999575],[-77.43157311099998,-7.841736350999952],[-77.43838473699998,-7.850150350999968],[-77.41078448699994,-7.900524725999958],[-77.37690923699995,-7.908821351999961],[-77.37536736199996,-7.920064225999965],[-77.39052236199996,-7.947312975999978],[-77.38744548599993,-7.962887850999948],[-77.40712961099996,-7.991985599999964],[-77.37493636199997,-8.03152722599998],[-77.38547261299993,-8.055386725999938],[-77.37244423699997,-8.064925725999956],[-77.34929911099994,-8.054384350999953],[-77.29666423599997,-8.062565725999946],[-77.28134161099996,-8.048783225999955],[-77.26007811099998,-8.048439475999942],[-77.25131273599999,-8.028003599999977],[-77.23186523699997,-8.011748100999966],[-77.16622848599997,-8.02163672699993],[-77.15053511199994,-8.032042975999957],[-77.11052736099998,-8.025226601999975],[-77.02854886199998,-8.047058600999947],[-76.99487036099998,-8.085210726999946],[-76.98491486099994,-8.113853475999974],[-76.94703361099994,-8.139919475999932],[-76.93223661099995,-8.137142850999965],[-76.91176936099998,-8.158901225999955],[-76.90701136099995,-8.171364725999979],[-76.92559673599999,-8.218497351999929],[-76.91307898599996,-8.23698785099998],[-76.90124323599997,-8.283466351999948],[-76.91051511099994,-8.295073599999967],[-76.91374523599995,-8.326089851999939],[-76.93193023599997,-8.342595102999951],[-76.92700473599996,-8.359257101999958],[-76.94267923599995,-8.35994547599995],[-76.95124736199995,-8.375705226999969],[-76.96837261299999,-8.371241476999955],[-76.97648148599995,-8.395943725999928],[-76.99168473599997,-8.396296350999933],[-77.00042923599995,-8.382403475999979],[-77.03401173599997,-8.404706976999933],[-77.06761910999995,-8.396587851999925],[-77.08663861099996,-8.407138725999971],[-77.09319598599996,-8.434469601999979],[-77.10458898699994,-8.44476347699998],[-77.11978011099995,-8.447651225999948],[-77.13384373499997,-8.44002147599997],[-77.18182811099996,-8.478951226999925],[-77.20267773699999,-8.485414101999936],[-77.26383586099996,-8.467417976999968],[-77.29338086199994,-8.517115226999977],[-77.33454712599996,-8.53348323199998],[-77.36822534999999,-8.500838809999948],[-77.39980528299998,-8.48386729699996],[-77.40558827799998,-8.441656193999961],[-77.43883225699994,-8.422028974999932],[-77.43883548499997,-8.397888214999966],[-77.44917006799994,-8.381237994999935],[-77.44725789199998,-8.369719975999942],[-77.45965841399999,-8.356137673999967],[-77.45910347799997,-8.336048050999977],[-77.47578909699996,-8.328457827999955],[-77.49164496199995,-8.282781772999954],[-77.52925325299998,-8.266841892999935],[-77.53496725299993,-8.242112583999926],[-77.57490963599997,-8.233146404999957],[-77.57442100599997,-8.212088932999961],[-77.55788871499993,-8.194652319999932],[-77.57661623599995,-8.16810424299996],[-77.60635411299995,-8.155778606999945],[-77.60352321199997,-8.13585214699998],[-77.61839337699996,-8.131354900999952],[-77.63726003999994,-8.109150556999964],[-77.61961283899996,-8.081177526999966],[-77.64494331499998,-8.066650282999944],[-77.64760523499996,-8.050890178999964],[-77.71796054599997,-8.074008548999927],[-77.74338811199993,-8.07018472599998],[-77.75127173599998,-8.077438850999954],[-77.78578486199996,-8.079198850999944],[-77.81044136199995,-8.06773497599994],[-77.85220811199997,-8.074779475999946],[-77.86791086199997,-8.05589034999997],[-77.88539486199994,-8.063920475999964],[-77.90608183799998,-8.057512386999974],[-77.89848213699997,-8.076432698999952],[-77.93442813399997,-8.198139527999956],[-78.01715506999994,-8.223738959999935],[-78.03897581399997,-8.257096789999935],[-78.06487907899998,-8.27044275399993],[-78.06734304299994,-8.278736271999946],[-78.08558277199995,-8.282721828999968],[-78.10119029899994,-8.304314053999974],[-78.12051579299998,-8.31396558299997],[-78.10836294699999,-8.336696638999967],[-78.12226020599996,-8.360264381999968],[-78.13860375399997,-8.369537098999956],[-78.13975424699998,-8.427978135999979],[-78.15757542699998,-8.479525128999967],[-78.17358380999997,-8.503544413999975],[-78.19460087599998,-8.515331697999954],[-78.21764482399999,-8.556916755999964],[-78.20252022499994,-8.574248593999926],[-78.19423748099996,-8.600601997999945],[-78.20548821599994,-8.630170397999962],[-78.24749432399994,-8.658958587999962],[-78.29781856399995,-8.659491042999946],[-78.31250422499994,-8.66759799099998],[-78.33489506099994,-8.666468927999972],[-78.34018367199997,-8.676428992999945],[-78.35541060899999,-8.673347965999938],[-78.37889837099993,-8.69845578099995],[-78.41700742899997,-8.713096243999928],[-78.43048897999995,-8.728775258999974],[-78.52900967799997,-8.758057476999966],[-78.55148921699998,-8.773611503999973],[-78.57621913599996,-8.816099518999977],[-78.58855064799997,-8.85822355099998],[-78.57685291299998,-8.888719158999947],[-78.59189317999994,-8.924063760999957],[-78.59156832799994,-8.945176453999977],[-78.63579937699996,-8.969398611999964],[-78.64520826799998,-8.967283226999939],[-78.64369336299995,-8.935081975999935],[-78.65166211299999,-8.914355476999958],[-78.76115823899994,-8.773956977999944],[-78.76101561299998,-8.756999976999964],[-78.74277148599998,-8.740324225999927],[-78.73735936299994,-8.711523351999972],[-78.74864277699999,-8.68211770499994],[-78.74073526799998,-8.668140795999932],[-78.74418422199994,-8.643888008999966],[-78.76241214799995,-8.598915596999973],[-78.80876062199997,-8.540708758999926],[-78.91730756099997,-8.46130433199994],[-78.93700688699994,-8.438507683999944],[-78.93850041599995,-8.428649514999961],[-78.91723638699995,-8.429792887999952],[-78.90523839999997,-8.416395192999971],[-78.89850524699995,-8.395551378999926],[-78.90248462099999,-8.370100854999976],[-78.95831250599997,-8.292451220999965],[-78.96121733299998,-8.266000212999927],[-78.98901436799997,-8.233131063999963],[-78.99354843099997,-8.235825208999927],[-78.98650879499996,-8.229372110999975],[-78.99075613299993,-8.225510245999942],[-78.98134961299996,-8.22745310199997],[-78.98413082399998,-8.213155379999932]],[[-78.96807917299998,-8.217269359999932],[-78.96809537583194,-8.217583368743961],[-78.96809537499996,-8.217583368999954],[-78.96807917299998,-8.217269359999932]]]}},{"type":"Feature","properties":{"cod_regpol":"12R1","regionpol":"LAMBAYEQUE","tipo":"REGION POLICIAL"},"geometry":{"type":"Polygon","coordinates":[[[-79.87147848899997,-6.9248280999999565],[-79.93208198899998,-6.872835975999976],[-79.94249798799996,-6.82018359999995],[-79.97797123899994,-6.755434349999973],[-80.07488673899996,-6.675523474999977],[-80.17994536299994,-6.604384724999932],[-80.28864261399997,-6.54308197499995],[-80.62713286499996,-6.372080099999948],[-80.33471286399998,-5.95390434899997],[-80.27875198899994,-5.919992223999941],[-80.19617773899995,-5.8920878489999495],[-80.12384761399994,-5.89131059999994],[-80.12010161399996,-5.872218723999936],[-80.10607223999995,-5.867449223999927],[-80.05779298899995,-5.818806599999959],[-80.05298436499999,-5.811244098999964],[-80.09236894099996,-5.79509126399995],[-80.10293466299998,-5.761498074999963],[-80.09114738899996,-5.726861246999931],[-80.09517055199996,-5.702607987999954],[-80.06637196199995,-5.6982112389999315],[-80.06106673899995,-5.684399607999978],[-80.07105335299997,-5.673253921999958],[-80.06995891999998,-5.646170674999951],[-80.05697460699997,-5.618486059999952],[-80.05283694799994,-5.563572663999935],[-80.00100386399998,-5.585341848999974],[-79.96052348899997,-5.581623098999955],[-79.94587298899995,-5.514996097999926],[-79.90484586399998,-5.493414098999949],[-79.89835173899996,-5.48038672399997],[-79.85399611399998,-5.530744098999946],[-79.86441986399996,-5.563419972999952],[-79.85233986299994,-5.603581973999951],[-79.81900961399998,-5.664822223999977],[-79.80500973899996,-5.646414098999969],[-79.79025973899996,-5.645726598999943],[-79.74444911399996,-5.677113223999925],[-79.76641611399998,-5.70825197399995],[-79.74819336399997,-5.710181598999952],[-79.71662298999996,-5.741556598999978],[-79.73931636399999,-5.7995878479999305],[-79.73687698899994,-5.838197222999952],[-79.68271098899999,-5.846445347999975],[-79.63536723799996,-5.809001972999965],[-79.63097261399997,-5.796380848999945],[-79.62258398899996,-5.797572223999964],[-79.62320898999997,-5.82140034899993],[-79.63224998899994,-5.829929723999953],[-79.62874998899997,-5.851609349999933],[-79.63741011399998,-5.8594199729999445],[-79.62993948999997,-5.8630194749999305],[-79.62622061399998,-5.888119098999937],[-79.61324023899994,-5.895539098999961],[-79.61110736399996,-5.923462848999975],[-79.60132023899996,-5.939539098999944],[-79.59583011399997,-5.933619098999941],[-79.55380073899994,-5.938310598999976],[-79.52717973799997,-5.912820348999958],[-79.51396098999999,-5.920980473999975],[-79.49764061499997,-5.91528909799996],[-79.47005073799994,-5.928080098999942],[-79.46250961399994,-5.944849599999941],[-79.41860936299997,-5.97009959899998],[-79.42060336299994,-6.015402473999927],[-79.40308373899995,-6.034022474999972],[-79.40968436299994,-6.050146348999931],[-79.40756436199996,-6.083048848999965],[-79.39143398899995,-6.084601348999968],[-79.38060523899998,-6.074031472999934],[-79.34833773699995,-6.080350847999966],[-79.34759048899997,-6.091723723999962],[-79.33889223899996,-6.096578723999926],[-79.33975661199997,-6.138030225999955],[-79.33141561299999,-6.145206349999967],[-79.31232098899994,-6.138654224999925],[-79.30167123799998,-6.156188848999932],[-79.27466461299997,-6.15846047499997],[-79.24910286299996,-6.224439348999965],[-79.27904836299996,-6.229257724999968],[-79.27699598899994,-6.241553597999939],[-79.30048748799999,-6.267469723999966],[-79.32903486199996,-6.266270223999925],[-79.34482148999996,-6.281345223999949],[-79.35277298799997,-6.303981723999925],[-79.38618061299996,-6.298128349999956],[-79.40562073799998,-6.3120719739999345],[-79.42265773799994,-6.310430097999927],[-79.44289061399996,-6.359671849999927],[-79.45804775499994,-6.372010086999978],[-79.44667186299995,-6.3767177239999455],[-79.45315586399994,-6.399085599999978],[-79.42288823799998,-6.451881974999935],[-79.42269548899998,-6.467488848999949],[-79.43388948799998,-6.48116022399995],[-79.41713598799998,-6.505321349999974],[-79.42194373899997,-6.5333634749999305],[-79.40442648799996,-6.541321224999933],[-79.36961336299998,-6.520802848999949],[-79.36066411399997,-6.568835974999956],[-79.34792673699997,-6.573687723999967],[-79.33573611299994,-6.602429474999951],[-79.35943738299994,-6.627886626999953],[-79.35731801999998,-6.634941187999971],[-79.34475198799998,-6.646464849999973],[-79.32588861399995,-6.640496098999961],[-79.30402336299994,-6.651605349999954],[-79.29641586399998,-6.675671725999962],[-79.27187223899995,-6.680265598999938],[-79.22906036299997,-6.671405973999981],[-79.21844923799995,-6.692679349999935],[-79.19644711399997,-6.695170474999941],[-79.18842773799997,-6.71654097499993],[-79.17104686299996,-6.701703099999975],[-79.14197123799994,-6.700406473999976],[-79.13874736399998,-6.739241724999943],[-79.12084773799995,-6.776969974999929],[-79.20708786299997,-6.821439474999977],[-79.22479361199998,-6.85837609999993],[-79.26274036399997,-6.859156224999936],[-79.27307598799996,-6.876653849999968],[-79.29564161399998,-6.883502349999958],[-79.31100886199994,-6.901341724999952],[-79.31014148799994,-6.925395973999969],[-79.29922998999996,-6.940722348999941],[-79.30729298899996,-6.968615599999964],[-79.29665223799998,-7.000738224999964],[-79.32090723899995,-7.025193974999979],[-79.35960648799994,-7.0049664749999465],[-79.40076173799997,-6.956927725999947],[-79.45500536299994,-6.9463135999999395],[-79.46878748899996,-6.966504848999932],[-79.50801636199998,-6.97043597499993],[-79.52876761299996,-7.0052850999999805],[-79.69062111399995,-7.177126974999965],[-79.68189648799995,-7.135861348999981],[-79.69206636399997,-7.112720724999974],[-79.75364448799996,-7.043406224999956],[-79.86611911399996,-6.948601598999971],[-79.87147848899997,-6.9248280999999565]]]}},{"type":"Feature","properties":{"cod_regpol":"13R1","regionpol":"LIMA CENTRO","tipo":"REGION POLICIAL"},"geometry":{"type":"Polygon","coordinates":[[[-77.05645779299994,-12.111043815999949],[-77.11186363699994,-12.08007222699996],[-77.10457660899993,-12.06323738499998],[-77.08699627899995,-12.061491728999954],[-77.08174479399997,-12.04492318399997],[-77.08303348899994,-12.036238356999945],[-77.09619420899998,-12.03368299899995],[-77.08927598399998,-12.011616849999939],[-77.11841010699999,-11.994878936999953],[-77.10505512599997,-11.98176763899994],[-77.11762434399998,-11.970331493999936],[-77.12853812299994,-11.938166183999954],[-77.09523153399994,-11.949646056999939],[-77.10413095499996,-11.935626347999971],[-77.08925804799998,-11.899077683999963],[-77.09244833399998,-11.88288382199994],[-77.10731016499994,-11.866486881999947],[-77.11477941799996,-11.834809980999978],[-77.12683996199996,-11.818483112999957],[-77.18810936199998,-11.828519479999954],[-77.17670898699998,-11.815781228999981],[-77.17798798399997,-11.802198737999959],[-77.19018373599994,-11.783699229999968],[-77.19814836199998,-11.783482478999929],[-77.19826761099995,-11.768205103999946],[-77.17750157799998,-11.774505069999975],[-77.16957678299997,-11.739382440999975],[-77.19632811099996,-11.697953104999954],[-77.18211247199997,-11.685908554999969],[-77.15453205099999,-11.701700144999961],[-77.15828145699999,-11.68174003699994],[-77.15216441399997,-11.670634534999976],[-77.12206854599998,-11.657363853999982],[-77.13695985499999,-11.637527612999975],[-77.13470482499997,-11.626640906999967],[-77.10739307199998,-11.626841872999933],[-77.08526534199996,-11.604236352999976],[-77.07725698199994,-11.576782090999927],[-77.04581442899996,-11.57872784999995],[-77.00476011899997,-11.614269538999963],[-77.00126886099997,-11.598965478999958],[-76.98079923599994,-11.597233728999981],[-76.94619848599996,-11.57856510399995],[-76.93757411299998,-11.550233354999932],[-76.92378923599995,-11.558649854999942],[-76.89604623599996,-11.535132228999942],[-76.87471073599994,-11.537799228999972],[-76.85952311099999,-11.50405122899997],[-76.89225361099994,-11.492188603999978],[-76.89348998599996,-11.461339978999945],[-76.85610998599998,-11.467819979999945],[-76.80569998599998,-11.433359977999942],[-76.77157823599998,-11.420320604999972],[-76.72344961099998,-11.434843229999956],[-76.70601561099994,-11.42373822899998],[-76.69457060999997,-11.42932710499997],[-76.66740923599997,-11.389292477999959],[-76.66795311099997,-11.346013728999935],[-76.64053035999996,-11.344082602999947],[-76.63104586199995,-11.353660103999971],[-76.60298910999995,-11.348494228999925],[-76.59817673599997,-11.326581978999968],[-76.57982561099999,-11.312529853999933],[-76.56814761099997,-11.318914229999962],[-76.54459911199996,-11.31647597999995],[-76.53276073699999,-11.33354385399997],[-76.51373585999994,-11.326966978999963],[-76.48348211099994,-11.34441972899998],[-76.45702348599997,-11.33442772799998],[-76.44756360999997,-11.346333603999938],[-76.42978185999993,-11.346280604999947],[-76.40177148499998,-11.401261230999978],[-76.41164848599993,-11.41588472999996],[-76.39434060899998,-11.445007478999969],[-76.37740823499996,-11.444220728999937],[-76.37148498699997,-11.476480102999972],[-76.38098973499996,-11.486045353999941],[-76.37683911099998,-11.501488603999974],[-76.35939948499998,-11.522867479999945],[-76.35064585999999,-11.520413603999941],[-76.35000248499995,-11.542297977999965],[-76.32785986099998,-11.544322730999966],[-76.31751448499995,-11.562699604999978],[-76.30436960999998,-11.567527978999976],[-76.29765036099997,-11.596173854999961],[-76.27308598499997,-11.58200585399993],[-76.26472948599996,-11.567194478999966],[-76.23741360999998,-11.569009103999974],[-76.22874386099994,-11.553810603999978],[-76.19939398599996,-11.58843147999994],[-76.19070961099999,-11.588883479999936],[-76.17955073499996,-11.61287310299997],[-76.19726410999994,-11.622312854999961],[-76.18837423599996,-11.643062229999941],[-76.20488273499996,-11.659531103999939],[-76.19329748499996,-11.67348697999995],[-76.19668586099993,-11.692565103999982],[-76.20750285999998,-11.69978610499993],[-76.19871448499998,-11.736986229999957],[-76.18506311099998,-11.739909353999963],[-76.16353973499997,-11.772745354999927],[-76.15058960999994,-11.783765852999977],[-76.14237636099995,-11.776802353999926],[-76.11813986099997,-11.804038103999972],[-76.09443548599995,-11.848468355999955],[-76.05174723599998,-11.89086022999993],[-76.05033898499994,-11.909600729999966],[-76.05824998399999,-11.913794979999977],[-76.05258535999997,-11.948236229999964],[-75.99317973499996,-11.994679727999937],[-76.00095210899997,-11.998242353999956],[-75.99756435999996,-12.01789135499996],[-76.00969573599997,-12.023698854999964],[-76.02034285999997,-12.063964604999967],[-76.04421835999995,-12.084484603999954],[-76.06135073499996,-12.088517603999946],[-76.07254635999993,-12.108940729999972],[-76.05679298499996,-12.132732479999959],[-76.08622323499998,-12.160400979999963],[-76.06835198499994,-12.185955479999961],[-76.06946923599997,-12.207410979999963],[-76.09927560999995,-12.207410979999963],[-76.11269810899995,-12.225748604999978],[-76.15321748499997,-12.240116229999956],[-76.17123235999998,-12.259267604999934],[-76.21547661099999,-12.262784979999935],[-76.24595698599995,-12.297294980999936],[-76.26902311099997,-12.303703479999967],[-76.29103123499993,-12.280304729999955],[-76.30046460999995,-12.257350979999956],[-76.29294648499996,-12.235736355999961],[-76.29821585999997,-12.222478979999948],[-76.32667736099995,-12.199353979999955],[-76.39470973599998,-12.199186104999967],[-76.40927923399994,-12.184884729999965],[-76.49873098699999,-12.182789354999954],[-76.54349823599995,-12.145270479999965],[-76.55115973599999,-12.128257479999945],[-76.58562373499996,-12.130866604999937],[-76.59108223499999,-12.139223854999955],[-76.61252686099994,-12.144068729999958],[-76.67929985999996,-12.130974229999936],[-76.69155836099998,-12.141357854999967],[-76.68791998499995,-12.151829979999945],[-76.67174011099996,-12.172369979999928],[-76.66033986099995,-12.17345510499996],[-76.64770960999994,-12.209711854999966],[-76.62210886099996,-12.225323354999944],[-76.62096198699999,-12.238168229999928],[-76.63678885999997,-12.279363979999971],[-76.65041361099998,-12.284777104999932],[-76.65416998599994,-12.305059979999953],[-76.67398998599998,-12.31951997899995],[-76.68191748599997,-12.353254230999937],[-76.66804661099997,-12.361573979999946],[-76.67647886099996,-12.377640354999926],[-76.72185198599993,-12.39623697999997],[-76.75548361099999,-12.398213354999939],[-76.75149051699998,-12.464494164999962],[-76.77288735999997,-12.495022854999945],[-76.79080048599997,-12.503120104999937],[-76.78416423599998,-12.519931605999943],[-76.80369136099995,-12.508960979999927],[-76.79867186099995,-12.499603479999962],[-76.80564848699998,-12.49559185499993],[-76.79804685999994,-12.48937710599995],[-76.80298436099997,-12.479888854999956],[-76.79092757299998,-12.477614337999967],[-76.78505073699995,-12.443435604999934],[-76.77539061099998,-12.439271480999935],[-76.78174634399994,-12.40916180599993],[-76.77619081099994,-12.404442704999951],[-76.78340036099996,-12.398132853999925],[-76.77804486099996,-12.392464855999947],[-76.78955073599997,-12.385705103999953],[-76.80045123499997,-12.360904354999946],[-76.81724611099997,-12.352267604999952],[-76.81807423599997,-12.340488229999949],[-76.82703111099994,-12.342894479999927],[-76.83661136099994,-12.316169979999927],[-76.85381273499996,-12.301598935999948],[-76.94478252299996,-12.24508644599996],[-77.03784373599996,-12.205646479999928],[-77.03850656499998,-12.167472318999955],[-77.02785781599994,-12.16520481599997],[-77.02508918099994,-12.147897970999963],[-77.05645779299994,-12.111043815999949]],[[-77.08207551299995,-12.01293712699993],[-77.08209874399995,-12.012938119999944],[-77.08208712799996,-12.012937631999932],[-77.08207551299995,-12.01293712699993]],[[-76.98039302499996,-12.170467395999935],[-76.97977932299995,-12.169208454999932],[-76.98064668999996,-12.170987754999942],[-76.98039302499996,-12.170467395999935]],[[-76.97973182899995,-12.169359761999942],[-76.97966460899994,-12.169243380999944],[-76.97973409799994,-12.169363689999955],[-76.97973182899995,-12.169359761999942]],[[-76.96987088999998,-12.19284644299995],[-76.96800999999994,-12.193167999999957],[-76.97007599999995,-12.19281099999995],[-76.96987088999998,-12.19284644299995]],[[-76.97469994599999,-12.222508054999935],[-76.97435550799997,-12.222858913999971],[-76.97447818299997,-12.222733951999942],[-76.97469994599999,-12.222508054999935]],[[-76.86457525699996,-12.147252352999942],[-76.86498348099997,-12.147457789999976],[-76.86470749599994,-12.147318901999938],[-76.86457525699996,-12.147252352999942]],[[-76.88156248499996,-12.168406328999936],[-76.88124023499995,-12.167859479999947],[-76.88199386099996,-12.169138354999973],[-76.88156248499996,-12.168406328999936]],[[-76.88005509299995,-12.166509038999948],[-76.88004794399995,-12.16650329099997],[-76.88030892299997,-12.166713111999968],[-76.88005509299995,-12.166509038999948]]]}},{"type":"Feature","properties":{"cod_regpol":"13R1","regionpol":"LIMA NORTE","tipo":"REGION POLICIAL"},"geometry":{"type":"Polygon","coordinates":[[[-77.34292186199997,-11.474183603999961],[-77.49814261099993,-11.37715435399997],[-77.64834573599995,-11.302738228999942],[-77.64587111199995,-11.296400353999957],[-77.65422661199995,-11.29123822899993],[-77.64329098699994,-11.290523478999944],[-77.64008786199997,-11.275609353999926],[-77.64990036199998,-11.244640603999926],[-77.64714848699998,-11.221734353999977],[-77.63098823699994,-11.21183022899993],[-77.62549611099996,-11.21776947799998],[-77.60203173699995,-11.213389273999951],[-77.59326244599998,-11.187145310999938],[-77.60233598699995,-11.150533228999961],[-77.62012886199994,-11.126904353999976],[-77.61259662799995,-11.119563218999929],[-77.61533706499995,-11.109283898999934],[-77.63454579799998,-11.093338849999952],[-77.62831061099996,-11.083876978999967],[-77.63738086199999,-11.071296853999968],[-77.63309191599996,-11.060684962999972],[-77.64092606099996,-11.039639773999966],[-77.66187498599999,-11.013476603999948],[-77.64839448699996,-11.003068353999936],[-77.64849023699998,-10.987255853999955],[-77.67688676999995,-10.92046430399995],[-77.70358353299997,-10.885945565999975],[-77.70785656199996,-10.855403121999927],[-77.75158335199995,-10.819002567999974],[-77.75491422099998,-10.804231909999942],[-77.74514206999999,-10.793851631999928],[-77.76585045699994,-10.772042977999945],[-77.76308038199994,-10.762642054999958],[-77.80510256199995,-10.725287393999963],[-77.81051519099998,-10.701805472999979],[-77.88659211099997,-10.612055273999943],[-77.83968843599996,-10.567918824999936],[-77.79968336199994,-10.585323227999936],[-77.78499611199999,-10.572039102999952],[-77.77137648699994,-10.571614603999933],[-77.77066986299997,-10.515671852999958],[-77.79884086199996,-10.477335352999944],[-77.78756636199995,-10.457097602999966],[-77.76460311199997,-10.43948110399998],[-77.76786198799994,-10.42879047799994],[-77.76002236199997,-10.43007997799998],[-77.74987161199994,-10.406796102999976],[-77.75719536199995,-10.34536322699995],[-77.75250745399995,-10.321895452999968],[-77.69239061199994,-10.320902477999937],[-77.65125361099996,-10.344611227999962],[-77.63062873799998,-10.322069602999932],[-77.61942723699997,-10.32782535299998],[-77.60036323699995,-10.360013727999956],[-77.59775773699994,-10.381049229999974],[-77.63455586199996,-10.41226560399997],[-77.64529936199995,-10.40866035299996],[-77.66577673699999,-10.427118851999978],[-77.68673611199995,-10.43402072899994],[-77.68818111199994,-10.453771851999932],[-77.71240683699995,-10.491654169999947],[-77.71059423699995,-10.503848603999927],[-77.72063586199994,-10.503028227999948],[-77.74313936099998,-10.528971726999941],[-77.74479473799994,-10.56078124399994],[-77.73574118499994,-10.568482867999933],[-77.72755691699996,-10.552705247999938],[-77.71008343699998,-10.56017040699993],[-77.70882086199998,-10.548063727999931],[-77.69400061199997,-10.539501728999937],[-77.66924298599997,-10.540567603999932],[-77.62474190299997,-10.502034568999932],[-77.60132286299995,-10.509303709999926],[-77.60091904799998,-10.518774020999956],[-77.61633303899998,-10.524671531999957],[-77.61458367499995,-10.546392890999925],[-77.63820857999997,-10.563026334999961],[-77.64533670899993,-10.58285621899995],[-77.63816305599994,-10.60290161499995],[-77.61950846299999,-10.614245597999968],[-77.61931005999998,-10.602294189999952],[-77.60494036199998,-10.590129352999952],[-77.58462136199995,-10.583833227999946],[-77.57425136099994,-10.588413351999975],[-77.57411523599995,-10.614662102999944],[-77.59058111399997,-10.645564024999942],[-77.57535448699997,-10.65886635399994],[-77.57453714699994,-10.694307930999969],[-77.56314382899996,-10.70942811599997],[-77.57843986199998,-10.722718103999966],[-77.59119183399997,-10.786449562999962],[-77.52394711199997,-10.734982102999936],[-77.50679686099994,-10.734619227999929],[-77.49147548699995,-10.746037978999937],[-77.43613923599997,-10.72364010299998],[-77.41542998699998,-10.72997997899995],[-77.38565755699994,-10.707792955999935],[-77.40379398699997,-10.690967727999976],[-77.39530998599997,-10.66153997799995],[-77.38011248599997,-10.639444228999935],[-77.36730473699998,-10.638301352999974],[-77.33959995199996,-10.596442631999935],[-77.32539217399994,-10.591872947999946],[-77.31143219999996,-10.567313063999961],[-77.29169266599996,-10.556124636999925],[-77.27105057499995,-10.560630840999977],[-77.26853222199998,-10.551025204999974],[-77.25413526099999,-10.545688520999931],[-77.22678236999997,-10.545996466999952],[-77.20962091399997,-10.555563172999939],[-77.19158384399998,-10.551692791999926],[-77.16941152699997,-10.509161647999974],[-77.17462485999994,-10.464601727999934],[-77.15001773699998,-10.451093727999933],[-77.13824498599996,-10.426469353999948],[-77.11213411099999,-10.404844727999944],[-77.11088473599995,-10.39208985199997],[-77.09020011099994,-10.372630227999935],[-77.07161161099998,-10.338103977999936],[-77.05171561099996,-10.33994047699997],[-77.02471161199998,-10.327526727999953],[-77.00910086099998,-10.307766852999976],[-77.00362523599995,-10.282123102999947],[-76.99815423599995,-10.291392602999963],[-76.96545148599995,-10.305378602999951],[-76.93600923599996,-10.278506102999927],[-76.90624611099997,-10.274185602999978],[-76.89102348599994,-10.294744102999971],[-76.89450798599995,-10.304328103999978],[-76.88136723599996,-10.30850785299998],[-76.87466986099997,-10.32086135399993],[-76.86585161099998,-10.374843728999963],[-76.85639448499995,-10.377265603999945],[-76.84049798599995,-10.363331977999962],[-76.83167186099996,-10.393074228999978],[-76.80567573599996,-10.392298852999943],[-76.79985336099998,-10.43955847799998],[-76.78738673599997,-10.438652353999942],[-76.77234961099998,-10.464152352999974],[-76.73961523699995,-10.467060602999936],[-76.72956636099997,-10.475218728999948],[-76.73024061099994,-10.508402603999969],[-76.71018798599994,-10.54074060299996],[-76.70371969999997,-10.588593548999938],[-76.68586230799997,-10.581457150999938],[-76.67270311099998,-10.609890227999927],[-76.67557361199994,-10.621372478999945],[-76.65883536099994,-10.638956978999943],[-76.65543636099994,-10.650864228999978],[-76.67067286099996,-10.67871660399993],[-76.65943298599996,-10.687925478999944],[-76.64224086099995,-10.74639835399995],[-76.62784886099996,-10.765960477999954],[-76.63360348599997,-10.783930853999948],[-76.62653923599999,-10.799721603999956],[-76.61523048599997,-10.816729228999975],[-76.60157673599997,-10.815868353999974],[-76.58058298599997,-10.866905977999977],[-76.56499411099998,-10.96524610399996],[-76.58160348599995,-10.984984352999959],[-76.57894598599995,-11.014776978999976],[-76.53299023599999,-11.03412697899995],[-76.51467973499996,-11.068712853999955],[-76.49121286099995,-11.089441353999973],[-76.49565911099995,-11.109552979999933],[-76.51922661099997,-11.118089853999948],[-76.50517461099997,-11.143788103999952],[-76.50556323499995,-11.173665478999965],[-76.49207723599994,-11.189313979999952],[-76.49420860999999,-11.209739603999935],[-76.48319923599996,-11.236943352999958],[-76.49071485999997,-11.246595728999978],[-76.47709098599995,-11.263912853999955],[-76.46354698599998,-11.265193228999976],[-76.45693248499998,-11.272520603999965],[-76.46342198499997,-11.270660603999943],[-76.47859498599996,-11.29127597799993],[-76.45702348599997,-11.33442772799998],[-76.48348211099994,-11.34441972899998],[-76.50876311099995,-11.328153978999978],[-76.53276073699999,-11.33354385399997],[-76.54459911199996,-11.31647597999995],[-76.56814761099997,-11.318914229999962],[-76.57982561099999,-11.312529853999933],[-76.59817673599997,-11.326581978999968],[-76.60298910999995,-11.348494228999925],[-76.63104586199995,-11.353660103999971],[-76.64053035999996,-11.344082602999947],[-76.66795311099997,-11.346013728999935],[-76.66740923599997,-11.389292477999959],[-76.69457060999997,-11.42932710499997],[-76.70601561099994,-11.42373822899998],[-76.72344961099998,-11.434843229999956],[-76.77157823599998,-11.420320604999972],[-76.80569998599998,-11.433359977999942],[-76.85610998599998,-11.467819979999945],[-76.89348998599996,-11.461339978999945],[-76.89225361099994,-11.492188603999978],[-76.85952311099999,-11.50405122899997],[-76.87471073599994,-11.537799228999972],[-76.89604623599996,-11.535132228999942],[-76.92378923599995,-11.558649854999942],[-76.93757411299998,-11.550233354999932],[-76.94619848599996,-11.57856510399995],[-76.98079923599994,-11.597233728999981],[-77.00126886099997,-11.598965478999958],[-77.00476011899997,-11.614269538999963],[-77.04581442899996,-11.57872784999995],[-77.06708697499994,-11.57240696499997],[-77.07769528199998,-11.57701807999996],[-77.08526534199996,-11.604236352999976],[-77.10739307199998,-11.626841872999933],[-77.13470482499997,-11.626640906999967],[-77.13695985499999,-11.637527612999975],[-77.12206854599998,-11.657363853999982],[-77.15216441399997,-11.670634534999976],[-77.15552112099994,-11.702090604999967],[-77.18211247199997,-11.685908554999969],[-77.19815236099998,-11.696115228999929],[-77.19219136099997,-11.680769478999935],[-77.20896845599998,-11.64751017499998],[-77.28270021099996,-11.586823931999959],[-77.27275001699996,-11.584427558999948],[-77.27152251099994,-11.572063442999934],[-77.29641104099994,-11.537364545999935],[-77.30148466999998,-11.517275623999979],[-77.34370162299996,-11.485951583999963],[-77.34292186199997,-11.474183603999961]]]}},{"type":"Feature","properties":{"cod_regpol":"13R1","regionpol":"LIMA SUR","tipo":"REGION POLICIAL"},"geometry":{"type":"Polygon","coordinates":[[[-76.24479285999996,-13.323513730999935],[-76.48978323499995,-13.031845730999976],[-76.48289448699995,-13.015929730999972],[-76.51646286099998,-12.95540235599998],[-76.50662698599996,-12.947314480999978],[-76.50578711099996,-12.925814480999975],[-76.51947848599997,-12.850451230999965],[-76.55897670699994,-12.82081990499995],[-76.56616533699997,-12.804015609999965],[-76.60918361099993,-12.777742229999944],[-76.61846286099995,-12.759435605999954],[-76.63785736099999,-12.745160105999958],[-76.63011606399994,-12.722143246999963],[-76.65644486499997,-12.69855038199995],[-76.65930861099997,-12.676421855999934],[-76.67249223599998,-12.66071485599997],[-76.67231391599995,-12.628407808999953],[-76.70471686099995,-12.59633985599993],[-76.70918594699998,-12.575453337999932],[-76.73644867299998,-12.54848592199994],[-76.78416423599998,-12.519931605999943],[-76.79094136099997,-12.506248480999943],[-76.77288735999997,-12.495022854999945],[-76.75149051699998,-12.464494164999962],[-76.75548361099999,-12.398213354999939],[-76.72185198599993,-12.39623697999997],[-76.67533848599999,-12.37621497999993],[-76.66799223599998,-12.360230479999927],[-76.68191748599997,-12.353254230999937],[-76.67398998599998,-12.31951997899995],[-76.65416998599994,-12.305059979999953],[-76.65041361099998,-12.284777104999932],[-76.63678885999997,-12.279363979999971],[-76.62096198699999,-12.238168229999928],[-76.62210886099996,-12.225323354999944],[-76.64770960999994,-12.209711854999966],[-76.66033986099995,-12.17345510499996],[-76.67191998499999,-12.17219997999996],[-76.69155836099998,-12.141357854999967],[-76.67929985999996,-12.130974229999936],[-76.66199398599997,-12.138617730999954],[-76.64961536199996,-12.131911729999956],[-76.61252686099994,-12.144068729999958],[-76.59108223499999,-12.139223854999955],[-76.58562373499996,-12.130866604999937],[-76.55307511099994,-12.127919479999946],[-76.54349823599995,-12.145270479999965],[-76.49873098699999,-12.182789354999954],[-76.40927923399994,-12.184884729999965],[-76.39470973599998,-12.199186104999967],[-76.32667736099995,-12.199353979999955],[-76.29821585999997,-12.222478979999948],[-76.29294648499996,-12.235736355999961],[-76.30046460999995,-12.257350979999956],[-76.29103123499993,-12.280304729999955],[-76.26902311099997,-12.303703479999967],[-76.24595698599995,-12.297294980999936],[-76.21547661099999,-12.262784979999935],[-76.17123235999998,-12.259267604999934],[-76.15321748499997,-12.240116229999956],[-76.11269810899995,-12.225748604999978],[-76.09927560999995,-12.207410979999963],[-76.06946923599997,-12.207410979999963],[-76.06835198499994,-12.185955479999961],[-76.08622323499998,-12.160400979999963],[-76.05679298499996,-12.132732479999959],[-76.07254635999993,-12.108940729999972],[-76.06135073499996,-12.088517603999946],[-76.04421835999995,-12.084484603999954],[-76.02034285999997,-12.063964604999967],[-76.00969573599997,-12.023698854999964],[-75.99756435999996,-12.01789135499996],[-76.00017773499997,-11.996564729999932],[-75.97606886199998,-11.984240478999936],[-75.95535048599999,-11.98576710499998],[-75.94858410999996,-11.994402230999981],[-75.92405286099995,-11.984252104999939],[-75.90414711199998,-11.998396603999936],[-75.88502698499997,-11.993411228999946],[-75.84254936099995,-12.006452854999964],[-75.83236723499994,-12.02505272999997],[-75.81893686099994,-12.013737229999947],[-75.76566298499995,-12.059627354999975],[-75.75112335999995,-12.054857105999929],[-75.74203948499996,-12.036547104999954],[-75.71673436099996,-12.046519479999972],[-75.69430473499995,-12.042691353999942],[-75.67388998599995,-12.057919979999951],[-75.68822186099999,-12.082133479999982],[-75.66358185999997,-12.090926729999978],[-75.63456323499997,-12.11463910499998],[-75.63870310999994,-12.121531854999944],[-75.62701498499996,-12.134827729999927],[-75.64192398599994,-12.149952854999981],[-75.64846623499994,-12.174208355999951],[-75.66870039399998,-12.183417841999926],[-75.67126214599995,-12.192455465999956],[-75.65272710999994,-12.205669729999954],[-75.64213585999994,-12.229623104999973],[-75.58669985899996,-12.299252979999949],[-75.58859648499998,-12.325003230999926],[-75.56821648499994,-12.331638729999952],[-75.54870110999997,-12.36424397999997],[-75.56694003999996,-12.412200018999954],[-75.55886948499995,-12.412102230999949],[-75.55740760899994,-12.456590479999932],[-75.53597398599999,-12.518548106999958],[-75.55198998499998,-12.544929980999939],[-75.56643935999995,-12.552694104999944],[-75.57184060999998,-12.564067853999973],[-75.56651236099998,-12.574225229999968],[-75.57937873499998,-12.595081230999938],[-75.57802673499998,-12.653549104999968],[-75.56133073399997,-12.663084105999928],[-75.56325935999996,-12.675728104999962],[-75.55145498499996,-12.683992604999958],[-75.55365398499998,-12.70424335599995],[-75.57711710999996,-12.715701230999969],[-75.50749998499998,-12.777154855999981],[-75.52022360899997,-12.788728728999956],[-75.53022860999994,-12.821619230999943],[-75.56033210999993,-12.817399729999977],[-75.57041111099994,-12.842858855999964],[-75.61271435999998,-12.859151854999936],[-75.63633635899998,-12.915031480999971],[-75.61788785899995,-12.942735854999967],[-75.62266210899998,-12.94937310499995],[-75.61407536099995,-12.964552105999928],[-75.63750135999999,-12.97323623099993],[-75.63650585999994,-12.987575730999936],[-75.66704860999994,-12.996556230999943],[-75.66572798499999,-13.01648923099998],[-75.68607211099999,-13.025318356999946],[-75.69054923499993,-13.035105105999946],[-75.72323048499999,-13.038745479999932],[-75.76458773499996,-13.018236356999978],[-75.77248435999996,-13.03786135599995],[-75.80084173499995,-13.060333980999928],[-75.81792348499994,-13.05214898099996],[-75.82688860999997,-13.029410105999943],[-75.85221810999997,-13.03531198099995],[-75.87878123499996,-13.015994105999937],[-75.91386635999999,-13.00686610699995],[-75.93768285999994,-12.991324855999949],[-75.95752986099995,-12.999129105999941],[-75.96861386099994,-13.040836356999932],[-76.01193673499995,-13.085499356999946],[-76.15525261099998,-13.192200855999943],[-76.16267998699993,-13.226069981999956],[-76.20287998499998,-13.301679855999964],[-76.24479285999996,-13.323513730999935]]]}},{"type":"Feature","properties":{"cod_regpol":"14R1","regionpol":"LORETO","tipo":"REGION POLICIAL"},"geometry":{"type":"Polygon","coordinates":[[[-73.79910223199994,-7.114272598999946],[-73.79462473299998,-7.130019975999971],[-73.78263660799996,-7.130616849999967],[-73.78932373499998,-7.1444865999999365],[-73.76903423299996,-7.154948224999941],[-73.76983798299995,-7.169147224999961],[-73.75610610799998,-7.174129974999971],[-73.75207585799996,-7.206423475999941],[-73.74252498199996,-7.210690849999935],[-73.74148935899996,-7.2203188499999555],[-73.71661910799997,-7.227558224999939],[-73.72107323199998,-7.237050225999951],[-73.70911860799998,-7.246310100999949],[-73.71599673399999,-7.273710975999961],[-73.69735685799998,-7.2930357249999815],[-73.69562498199997,-7.3114755999999375],[-73.72288735799998,-7.3417185989999325],[-73.75463998299995,-7.353785976999973],[-73.75290335899996,-7.340390099999979],[-73.76162623299996,-7.336904349999941],[-73.78136185799997,-7.3387474759999805],[-73.78902285799995,-7.347742351999955],[-73.82252848399997,-7.3392045999999596],[-73.82998085899999,-7.351907599999947],[-73.85366248399998,-7.3543096009999545],[-73.86354785799995,-7.389246974999935],[-73.88732860799996,-7.378916225999944],[-73.90386585699997,-7.385697725999933],[-73.90670085899995,-7.373418349999952],[-73.92175948399995,-7.361760475999972],[-73.93496573399995,-7.377257974999964],[-73.95117223199998,-7.35748347599997],[-73.95555048399996,-7.370832350999933],[-73.93876848499997,-7.408177350999949],[-73.92174198299995,-7.419884975999935],[-73.92509498399994,-7.42812885099994],[-73.90971498299996,-7.468818474999978],[-73.92404635899999,-7.48097760099995],[-73.91882135799995,-7.50493634999998],[-73.94216073399997,-7.533654225999953],[-73.98303323299996,-7.5343613499999265],[-74.01046598399995,-7.5150808509999365],[-74.01837310799993,-7.491445350999925],[-74.03647385799997,-7.481244474999926],[-74.03910948299995,-7.448879475999945],[-74.13293685899998,-7.400802350999925],[-74.14163648299996,-7.377771726999981],[-74.18085685899996,-7.358747224999945],[-74.23372660899997,-7.36001560099993],[-74.25526260899994,-7.34349734999995],[-74.28195523499994,-7.354095474999951],[-74.32935685799998,-7.348479724999947],[-74.36156685899994,-7.336606725999957],[-74.37017798399995,-7.317272100999958],[-74.41382723399994,-7.314896850999958],[-74.43132135899998,-7.301594849999958],[-74.44444723399994,-7.307129224999926],[-74.46352085699993,-7.298596850999957],[-74.47204498399998,-7.275466475999963],[-74.50009123399997,-7.262049474999969],[-74.51206148399996,-7.242804974999956],[-74.51451710899994,-7.217849099999967],[-74.53930173399993,-7.2021447249999255],[-74.53798810899997,-7.178959225999961],[-74.55038035899997,-7.166110099999969],[-74.59737698399994,-7.177675724999972],[-74.62299060899994,-7.173321349999981],[-74.64031948399997,-7.184397598999965],[-74.64880710899996,-7.24119185099994],[-74.62396173399998,-7.24667734999997],[-74.62510385899998,-7.270490974999973],[-74.64987298399996,-7.304322100999968],[-74.70762360799995,-7.321544724999967],[-74.83445835899994,-7.2932767249999415],[-74.84106248399996,-7.271732474999965],[-74.88128710999996,-7.234177726999974],[-74.87629635899998,-7.205522849999966],[-74.85236323399994,-7.158140599999967],[-74.85488873399999,-7.1379257249999455],[-74.87686923399997,-7.119341598999938],[-74.83660698399996,-7.07166559999996],[-74.82981435899995,-7.036315100999957],[-74.79849285899996,-6.980200225999965],[-74.88958010899995,-6.852550725999947],[-74.90075660999997,-6.733874974999935],[-74.95603123399997,-6.685486348999973],[-74.97378710899994,-6.5807265999999345],[-74.97356636099994,-6.527970724999932],[-74.96423148399998,-6.50092372499995],[-74.91212273399998,-6.435918475999927],[-74.89852585899996,-6.406403973999943],[-74.89360748399997,-6.338287098999956],[-74.86505860899996,-6.27285934899993],[-74.86957823499995,-6.225687473999926],[-74.79336823399996,-6.1615428499999325],[-74.77571448399993,-6.10513597399995],[-74.72912698399995,-6.080794973999957],[-74.70805485899996,-6.032381598999962],[-74.69232710899996,-6.033964224999977],[-74.69996823399998,-6.018493473999968],[-74.68956173499998,-5.957589473999974],[-74.69655423399996,-5.950303973999951],[-74.73140435899995,-5.947438348999981],[-74.76131298399997,-5.926060973999938],[-74.77524610899997,-5.924479973999951],[-74.78351373399994,-5.932615848999944],[-74.78456773399995,-5.951621472999932],[-74.76082610899994,-5.999326223999958],[-74.77201798299996,-6.014139347999958],[-74.78687348499994,-6.012953598999957],[-74.80033773399998,-6.000024223999958],[-74.80680148399995,-5.973361098999931],[-74.82923273499995,-5.958011598999974],[-74.81108348399994,-5.9381494739999425],[-74.80963435899997,-5.923327099999938],[-74.83518048499997,-5.919875349999927],[-74.84783198399998,-5.890019348999942],[-74.88426936099995,-5.866853473999981],[-74.90125148499999,-5.868256598999949],[-74.96169135899999,-5.901494099999979],[-75.04113810899997,-6.004480723999961],[-75.13830523399997,-6.034528848999969],[-75.18481223299995,-6.072297848999938],[-75.22999810899995,-6.072419973999956],[-75.32030910899994,-6.09975022499998],[-75.39307948499999,-6.081711349999978],[-75.52937335999997,-6.122162597999932],[-75.53279373499998,-6.0955994739999255],[-75.57110510999996,-6.003987724999945],[-75.56700973499994,-5.9583652239999765],[-75.54671018099998,-5.9360767719999785],[-75.51283242299996,-5.868673262999948],[-75.53936346099994,-5.794655724999927],[-75.50061527999998,-5.739847993999945],[-75.45439122199997,-5.574191765999956],[-75.49732223499996,-5.588177723999934],[-75.51825336599995,-5.587350208999965],[-75.61077957099997,-5.560767518999967],[-75.60028262599997,-5.534640076999949],[-75.63898698499997,-5.503847223999969],[-75.61812582099998,-5.454355226999951],[-75.65227051299996,-5.40185573499997],[-75.65318840299994,-5.366853553999931],[-75.62305202599998,-5.319782421999946],[-75.63257495699997,-5.276244320999979],[-75.59749157199997,-5.2755450479999695],[-75.59004183799993,-5.258447009999941],[-75.59288599099995,-5.2362331399999675],[-75.61815154999994,-5.208482275999927],[-75.61355392399997,-5.194221871999957],[-75.51162582199998,-5.113149648999979],[-75.46957268999995,-5.057652517999941],[-75.44283266899998,-5.047810054999957],[-75.38680920299998,-5.050078853999935],[-75.42389840199996,-4.988093718999949],[-75.49011157099994,-4.951190781999969],[-75.53275242699993,-4.939068973999952],[-75.58107778599998,-4.939028411999971],[-75.60409183899998,-4.922492957999964],[-75.64216227299994,-4.930954057999941],[-75.67344134499996,-4.924807880999936],[-75.68748444499994,-4.889370808999956],[-75.66429102099994,-4.8412381759999334],[-75.72570148099999,-4.813172184999928],[-75.72159685599996,-4.789661231999958],[-75.74028214399993,-4.73784789299998],[-75.84305312299995,-4.687086852999926],[-75.85217887499994,-4.658738512999946],[-75.84547962199997,-4.6258148299999675],[-75.85188886699996,-4.599958913999956],[-75.89169387999993,-4.584175194999943],[-75.87719809799995,-4.544131266999955],[-75.87890920199999,-4.490446003999978],[-75.86333136099995,-4.455236234999973],[-75.86785159299995,-4.429948458999945],[-75.95235342899997,-4.375050880999936],[-75.97495279999998,-4.372006228999965],[-76.02524309499995,-4.323403867999957],[-76.03021394599995,-4.2968320189999645],[-76.00958582899995,-4.273884256999963],[-76.00941231999997,-4.257849573999977],[-76.02185484099994,-4.220402501999956],[-76.07030766599996,-4.179696917999934],[-76.06127122399994,-4.122204799999963],[-76.06537468499994,-4.089196553999955],[-76.07946501599997,-4.07485180499998],[-76.07847787699995,-4.04938916499998],[-76.12002233799996,-4.035595680999961],[-76.13870830199994,-4.00268730099998],[-76.14451125099998,-3.959035427999936],[-76.20430777899998,-3.9238835359999484],[-76.21182919199998,-3.8345610559999272],[-76.24764231299997,-3.7878439479999315],[-76.24886737499997,-3.7447663419999344],[-76.25744155199999,-3.7434617649999495],[-76.27583497199998,-3.7617421379999314],[-76.28031598799998,-3.74701814499997],[-76.27278573199999,-3.7305022609999696],[-76.28872989399997,-3.6983927169999333],[-76.31403152599995,-3.695551519999981],[-76.32513738499995,-3.68152917499998],[-76.23408300299997,-3.63482339899997],[-76.23753035999994,-3.60243634699998],[-76.26053448599998,-3.5729217219999327],[-76.22204073599994,-3.553723346999959],[-76.20617973499998,-3.5280565969999316],[-76.22453686099993,-3.5161858469999743],[-76.24892660999996,-3.4766839719999325],[-76.26146285999994,-3.4752187219999655],[-76.25671086099999,-3.4360468469999432],[-76.26372073499994,-3.4030370959999345],[-76.27430161099994,-3.3998104709999666],[-76.27002673499999,-3.3611340949999544],[-76.28219385999995,-3.333401472999981],[-76.31065560999997,-3.305426595999961],[-76.31396036099994,-3.2861617219999744],[-76.32646511099995,-3.2747088469999426],[-76.32598286099994,-3.2580620959999465],[-76.33765836099997,-3.251548846999981],[-76.32803211199996,-3.219306721999942],[-76.33732460999994,-3.218880221999939],[-76.35427348599995,-3.236361345999967],[-76.36729098399996,-3.2178300969999327],[-76.35182673599996,-3.205981721999933],[-76.36405460999998,-3.1932412229999727],[-76.36388086099998,-3.180980470999941],[-76.34878123699997,-3.1664999709999506],[-76.38926561099998,-3.1276777199999515],[-76.35347073499997,-3.0904199709999602],[-76.35247036099997,-3.021069971999964],[-76.33792823499994,-2.988613596999926],[-76.34841111099996,-2.977534096999932],[-76.35123111099995,-2.9464275969999676],[-76.34031023599994,-2.9135455969999384],[-76.31686523499997,-2.8975605979999273],[-76.30734235999995,-2.834851470999979],[-76.31783598699997,-2.807718720999958],[-76.34420685999999,-2.800070345999927],[-76.36531148599994,-2.740104720999966],[-76.39547460999995,-2.726033220999966],[-76.38434398599998,-2.716769345999978],[-76.38636910999998,-2.697529220999968],[-76.40796623599994,-2.68778984599993],[-76.47064298499998,-2.6043148459999657],[-76.50637536199997,-2.5828353459999676],[-76.50333160999998,-2.532156845999964],[-76.53432435999997,-2.512278470999945],[-76.04342573699995,-2.127093469999977],[-75.58267098499994,-1.54746109499996],[-75.55835548499994,-1.5607204699999784],[-75.55036135999995,-1.5019860939999603],[-75.53804698399995,-1.4807692199999565],[-75.38400285999995,-0.9265308449999452],[-75.36980673399995,-0.929006468999944],[-75.30006060999995,-0.9871480939999628],[-75.28852735899994,-0.9856559709999715],[-75.27436710999996,-0.9695965939999382],[-75.21144735999997,-0.9695680949999428],[-75.20322273499994,-0.9756618449999337],[-75.18833148399995,-0.97019959499994],[-75.22891023499994,-0.94149334399998],[-75.23350023499995,-0.9220135949999531],[-75.21939548499995,-0.8995493449999685],[-75.22117185999997,-0.865763344999948],[-75.24847473399996,-0.8340998439999794],[-75.23979148399997,-0.7992934689999629],[-75.26497035999995,-0.7839384689999633],[-75.25093973499997,-0.7625220939999622],[-75.26578760999996,-0.7511578439999766],[-75.27343985999994,-0.7289432189999729],[-75.27218360999996,-0.7139240939999354],[-75.24785548499995,-0.6944977179999796],[-75.27138410899994,-0.663612718999957],[-75.25791210999995,-0.6550632189999419],[-75.25646998599996,-0.6434999709999261],[-75.24790998499998,-0.6474599689999536],[-75.24472985999995,-0.6393699689999721],[-75.23130998499994,-0.6469399689999591],[-75.23335998399995,-0.6339699699999528],[-75.22309998499998,-0.6284999699999503],[-75.23222998499995,-0.614399968999976],[-75.22596998399996,-0.6057199689999493],[-75.23992998399996,-0.6010499689999733],[-75.23894998399999,-0.5788999699999522],[-75.22448998599998,-0.5710900929999525],[-75.22748985899995,-0.5507599699999446],[-75.24407998399994,-0.5469498439999256],[-75.23795748399993,-0.5390007189999437],[-75.24692398399998,-0.5189132189999555],[-75.26193473499995,-0.5332010929999456],[-75.26759285799994,-0.5300165939999602],[-75.26965348499994,-0.5025912189999531],[-75.28612398399997,-0.49732809499994346],[-75.29469610899997,-0.5057667189999506],[-75.30072898399999,-0.492779718999941],[-75.31275760999995,-0.4942412189999459],[-75.31094998399993,-0.4744199689999391],[-75.32644998399996,-0.4606499699999631],[-75.32484998499996,-0.4531400939999344],[-75.34909998499995,-0.46353996799996366],[-75.35645998399997,-0.44677996999996594],[-75.38784998399996,-0.4341198439999516],[-75.38970998399998,-0.41515984299996944],[-75.40097998499994,-0.3996598439999275],[-75.41500998499998,-0.39621984399997245],[-75.46272998399996,-0.31842996799997536],[-75.46436010999997,-0.2985899689999769],[-75.47370998499997,-0.2967499689999613],[-75.48221998499997,-0.23695996899994043],[-75.51081985899998,-0.21202009299997826],[-75.51416998599996,-0.1973799689999396],[-75.53076998399996,-0.18089996799994879],[-75.56870998499994,-0.18526984399994717],[-75.57879998499999,-0.17834984399996756],[-75.59051998499996,-0.19062996999997495],[-75.61061885999999,-0.19244921899996825],[-75.60564010999997,-0.10962996899996824],[-75.56875998499999,-0.13107996899992713],[-75.55264998499996,-0.13067996999996012],[-75.54243998499999,-0.1156799689999275],[-75.53708998499997,-0.12126996799997869],[-75.53489548499994,-0.11503684399997383],[-75.51607123499997,-0.11447484399997165],[-75.49680210999998,-0.1320248449999326],[-75.48506285999997,-0.1301840939999579],[-75.46702235999999,-0.14078384499993035],[-75.46067623599998,-0.1516705929999489],[-75.43108385999994,-0.1537948439999468],[-75.40625610899997,-0.1701454689999764],[-75.36821323399994,-0.16323271899995007],[-75.36402211099994,-0.14611021899997922],[-75.35284335999995,-0.14731421899995212],[-75.35912385999995,-0.1579923429999326],[-75.35217210999997,-0.1638162189999548],[-75.33956898499997,-0.1553895939999279],[-75.31214148399994,-0.16033959399993591],[-75.29577935899994,-0.14807259399992745],[-75.28794860999994,-0.15396359399994708],[-75.27674123299994,-0.13424296899995625],[-75.25879610999993,-0.12716259399996943],[-75.25545510999996,-0.11148834399995167],[-75.21958973399995,-0.07657059399997479],[-75.21548798299995,-0.04868646899996065],[-75.17981060899996,-0.0388462189999359],[-75.13702010899993,-0.06843721799992863],[-75.07736335899995,-0.08420484399994166],[-75.01689060899997,-0.14568559399992864],[-74.97280073499996,-0.15352534299995568],[-74.96966810899994,-0.1800177189999772],[-74.95861598399995,-0.19384221899997556],[-74.93845310899997,-0.20365821799993],[-74.92825885899998,-0.22021471799996561],[-74.91819723399993,-0.21529684499995483],[-74.91730098399995,-0.2024607179999407],[-74.91067648399996,-0.20354584399996156],[-74.89228810799995,-0.23689634399994475],[-74.84808723499998,-0.2335840939999798],[-74.83176360999994,-0.20619334499997422],[-74.80898235899997,-0.18902146899995387],[-74.78245735899998,-0.20135746799996923],[-74.74802210899998,-0.2503257189999317],[-74.73147460799998,-0.29006296899996187],[-74.73251360899997,-0.33491796899994597],[-74.72667973399996,-0.3435605949999285],[-74.71064848399999,-0.35024421899993285],[-74.68958985899997,-0.32926959399992484],[-74.68191598399994,-0.3304218439999431],[-74.68386548399997,-0.35926034499993875],[-74.66130873399999,-0.37433009399995854],[-74.60933598299994,-0.35139459399994166],[-74.61514523399995,-0.3788170939999418],[-74.57622223299995,-0.39227596899996797],[-74.57342273399996,-0.41063396899994586],[-74.55318048399994,-0.4208089689999497],[-74.52794723399995,-0.4667460939999728],[-74.49896798399999,-0.46161634399993545],[-74.49756398399995,-0.4883387199999447],[-74.47640235899996,-0.4741034689999424],[-74.46505148399996,-0.4879420939999477],[-74.42505160899998,-0.4968787189999375],[-74.42397485899994,-0.553460093999945],[-74.41476898399998,-0.5580899699999691],[-74.40056623399994,-0.5400449699999399],[-74.39450560799997,-0.5419827189999751],[-74.38772335899995,-0.5907098439999459],[-74.36093323399996,-0.6238233429999696],[-74.37282610799997,-0.6528867199999695],[-74.33756860899996,-0.6829348429999413],[-74.34537473399996,-0.7054382189999728],[-74.37555660899994,-0.716988343999958],[-74.37258985899996,-0.734794969999939],[-74.34428323399999,-0.759029342999952],[-74.31255273399995,-0.7562675949999402],[-74.31665823399999,-0.7930273439999382],[-74.30350948299997,-0.7923013449999416],[-74.29007035799998,-0.7749882199999547],[-74.28334185899996,-0.7778593449999676],[-74.28025785899996,-0.7872773439999605],[-74.29235160799993,-0.8132422199999496],[-74.28492773399995,-0.8248437179999542],[-74.24533010899995,-0.8184023449999245],[-74.26815035899995,-0.8470097189999706],[-74.26917185899998,-0.8792909689999533],[-74.30546485899998,-0.8651679689999696],[-74.31995310899998,-0.8796464699999547],[-74.31287310899995,-0.8953828459999613],[-74.28742185899995,-0.8935390939999479],[-74.27829685899997,-0.899855468999931],[-74.26310748299994,-0.9440802199999325],[-74.27134898199995,-0.9671137199999293],[-74.26721773399998,-0.9823557189999406],[-74.21862110899997,-1.009423844999958],[-74.16835760899994,-1.006329343999937],[-74.09426098399996,-1.0480119699999477],[-74.06391685799997,-1.052953094999964],[-74.04620148399994,-1.0448202199999628],[-74.03826173399995,-1.0136190949999673],[-74.02276873299996,-1.0048798439999587],[-74.01518460899996,-1.0182389699999703],[-74.02265798399998,-1.0629195949999257],[-74.01096898299994,-1.0928117199999292],[-73.98803698299997,-1.1031622199999447],[-73.96166985799994,-1.0826269689999322],[-73.95059173399994,-1.0979120939999802],[-73.96656235799998,-1.1177757199999405],[-73.96165435799998,-1.1290683449999506],[-73.90947023299998,-1.121640968999941],[-73.89706935799995,-1.1371822199999428],[-73.89540823299996,-1.1685839689999398],[-73.87142185799996,-1.1973027189999357],[-73.86752348299996,-1.2231620959999532],[-73.85713285799994,-1.2317793439999605],[-73.82355473299998,-1.2363593449999257],[-73.80961523299999,-1.2491152199999647],[-73.78815423299994,-1.2396797199999696],[-73.78391998299998,-1.2576054699999304],[-73.77433010899995,-1.2590918449999435],[-73.75401360899997,-1.2383984689999465],[-73.75368548299997,-1.2059902199999328],[-73.74512498299998,-1.199662094999951],[-73.74099810799999,-1.234257844999945],[-73.73231448299998,-1.2456328439999425],[-73.70839960799998,-1.2517692199999715],[-73.68093160799998,-1.2380214699999783],[-73.64701173299994,-1.267189468999959],[-73.62109373299995,-1.2595957189999467],[-73.61080110799998,-1.319025844999942],[-73.59582585799996,-1.328750968999941],[-73.57653123299997,-1.3180624699999726],[-73.56978510799996,-1.3224257199999556],[-73.57915660799995,-1.359577594999962],[-73.56148160799995,-1.3771750939999379],[-73.55021685799994,-1.4068808449999324],[-73.55386310799997,-1.4167675949999534],[-73.58140473299994,-1.4139204699999368],[-73.58535835899994,-1.4230679699999769],[-73.53432423199996,-1.4328457209999783],[-73.52630660799997,-1.4680038449999415],[-73.51100198299997,-1.4821308439999257],[-73.48901073299999,-1.4830418449999456],[-73.48565360799995,-1.4977760949999492],[-73.49510335799994,-1.5101477199999636],[-73.47856835899995,-1.5220937199999298],[-73.47841398199995,-1.5304250949999414],[-73.49029898299995,-1.5692965949999689],[-73.47961985799998,-1.57552134499997],[-73.46374410799996,-1.5672978449999277],[-73.45734810799996,-1.5743219699999713],[-73.46522898399996,-1.5911687199999278],[-73.50366198299997,-1.6225774709999428],[-73.51659310799994,-1.662711594999962],[-73.53666985799998,-1.6859092199999282],[-73.52953148299997,-1.7072672199999488],[-73.49994998299996,-1.7311950949999755],[-73.45928160799997,-1.7363965949999738],[-73.43565748299994,-1.7624849699999459],[-73.43159285799999,-1.7887019699999769],[-73.38333735799995,-1.7747107209999626],[-73.32697285799998,-1.8048632199999588],[-73.31738285799997,-1.8261895949999598],[-73.30373010799997,-1.8181120949999467],[-73.30883735799995,-1.7879265949999308],[-73.29459298199998,-1.776538094999978],[-73.24986198199997,-1.7803877189999753],[-73.24416748299996,-1.7884163449999733],[-73.25678810799997,-1.8025218459999337],[-73.23434510799996,-1.801722343999927],[-73.23207123199995,-1.7610573449999265],[-73.22086785899995,-1.748669844999938],[-73.20379285799999,-1.7639174699999671],[-73.18602923299994,-1.8079184709999367],[-73.14728535699999,-1.8026859709999599],[-73.15028348199996,-1.861363469999958],[-73.13325585699994,-1.8724102209999387],[-73.11276535799993,-1.8728147199999512],[-73.10745323199995,-1.8860623459999601],[-73.11841710799996,-1.9120829699999717],[-73.11230723299997,-1.9461674719999564],[-73.12337173299994,-1.9812169709999807],[-73.12031535799997,-2.013163719999966],[-73.09373073199998,-2.0354575949999685],[-73.10674998199994,-2.074951219999946],[-73.10063085699994,-2.0825839709999627],[-73.07367773199996,-2.081628845999944],[-73.06978510799996,-2.087880845999962],[-73.07672848299995,-2.1081930949999332],[-73.11418823199995,-2.1308742209999423],[-73.13003510699997,-2.181597594999971],[-73.17046248299994,-2.1916077209999685],[-73.16766623299998,-2.229018094999958],[-73.15163285799997,-2.2601562209999315],[-73.11767573199995,-2.2870058459999427],[-73.12292835799997,-2.3239435959999355],[-73.09997135699996,-2.324571720999927],[-73.08215385699998,-2.311151595999945],[-73.06829885699995,-2.3151405949999457],[-73.07002523399996,-2.345247345999951],[-73.06235548299998,-2.3589687209999397],[-73.05230110799994,-2.360856094999974],[-73.04423473199995,-2.352789720999965],[-73.04241210699996,-2.3232617209999376],[-73.03379660699994,-2.31465009599998],[-73.02403310799997,-2.318811094999944],[-73.00488460699995,-2.357609095999976],[-72.99412310699995,-2.3572155959999463],[-72.97846285699995,-2.3386503459999517],[-72.96449898299994,-2.341154220999954],[-72.95173435699996,-2.400958970999966],[-72.92263085799993,-2.419496095999932],[-72.93741598199995,-2.4444062209999515],[-72.93380398299996,-2.454868595999926],[-72.89512698299995,-2.4336738459999765],[-72.85179885699995,-2.4357832209999515],[-72.80281048199998,-2.4107050959999583],[-72.77645123199994,-2.384367220999934],[-72.76008598299995,-2.3958475959999532],[-72.75529260699994,-2.419672845999969],[-72.74579498199995,-2.426765595999939],[-72.73377860899996,-2.419615470999929],[-72.72692885699996,-2.390906093999945],[-72.70775410699997,-2.3890728459999764],[-72.68914060799995,-2.4138339719999635],[-72.69102535799993,-2.4484804709999253],[-72.68128760699994,-2.4516642209999304],[-72.66709185699995,-2.4399512209999443],[-72.65821635699996,-2.4072350959999653],[-72.63731523199993,-2.3887894709999387],[-72.64079873099996,-2.36326259599997],[-72.61969723399994,-2.3562812209999606],[-72.59551948199999,-2.3665527199999588],[-72.56878710699993,-2.397582095999951],[-72.53526373199998,-2.4054297209999618],[-72.51699060699997,-2.426365970999939],[-72.49797385699998,-2.4182567209999775],[-72.47159048199995,-2.4200328459999696],[-72.42815435699998,-2.4374335959999485],[-72.40865860699995,-2.414493345999972],[-72.37941760699994,-2.454981345999954],[-72.38087798199996,-2.4782055959999525],[-72.37176735699995,-2.4891894709999747],[-72.29752823099994,-2.473599220999972],[-72.28627810599994,-2.45418284699997],[-72.25955198199995,-2.4585229709999794],[-72.26216460699999,-2.4355015959999378],[-72.24854460699999,-2.430661845999964],[-72.22036223199996,-2.4483507209999402],[-72.18445723299999,-2.429700220999962],[-72.16946810699994,-2.431901969999956],[-72.16635323199995,-2.4644120959999327],[-72.14982073099998,-2.4700228459999494],[-72.13714298199994,-2.449421470999937],[-72.14528073199995,-2.406248595999955],[-72.09782635599998,-2.370270970999968],[-72.08206323199994,-2.3679582199999345],[-72.04874123199994,-2.334936096999968],[-72.03720123099998,-2.338000595999972],[-72.01010935599999,-2.368951220999975],[-71.94978210599999,-2.35635859599995],[-71.93997673099994,-2.3623202199999582],[-71.93482223199999,-2.3796699709999416],[-71.92243748099997,-2.3781523449999327],[-71.91922073199999,-2.365419969999948],[-71.93831635699996,-2.3283515949999583],[-71.93491423099994,-2.312349595999933],[-71.88475585499998,-2.311593719999962],[-71.83276948099996,-2.1904159709999362],[-71.82283785499999,-2.1881405959999256],[-71.80974610599998,-2.204177718999972],[-71.79913285699996,-2.2043690959999367],[-71.76693198099997,-2.1584997209999415],[-71.73248248199997,-2.1401425959999756],[-71.71892285699994,-2.159935970999925],[-71.73122448099997,-2.2014530949999767],[-71.72299998199998,-2.226552720999962],[-71.70850385599994,-2.227330095999946],[-71.64768160699998,-2.200056594999978],[-71.58716272999999,-2.2382817209999644],[-71.51889185499994,-2.248969345999967],[-71.51983310599996,-2.302075595999952],[-71.50046310599998,-2.3522093459999383],[-71.48751448099995,-2.3533777209999585],[-71.47938398099996,-2.3400642209999774],[-71.49615010599996,-2.2933438449999244],[-71.49480598099996,-2.2779957189999323],[-71.47731673099997,-2.2693647209999313],[-71.45825497999994,-2.274149720999958],[-71.42891710599997,-2.3206667209999523],[-71.39639573099998,-2.3471147209999685],[-71.40656247999993,-2.388251845999946],[-71.39471573099996,-2.407033096999953],[-71.35784723099994,-2.382637096999929],[-71.32074348099997,-2.377773470999955],[-71.30709435599994,-2.3474159719999648],[-71.27218698099995,-2.3334530969999605],[-71.26634098099998,-2.3364760959999558],[-71.26810785599997,-2.357770721999941],[-71.24865385599998,-2.3390225959999498],[-71.23476935599996,-2.3367477199999485],[-71.20017573099994,-2.3745573459999605],[-71.17577985599996,-2.37902872199993],[-71.16683735599997,-2.33776746999996],[-71.15358035699995,-2.3336099709999303],[-71.13787860599996,-2.343349345999968],[-71.13032248099995,-2.33749484599997],[-71.14337685699996,-2.301594844999954],[-71.13679348099998,-2.2871713449999334],[-71.11992810599997,-2.2805037209999455],[-71.05332948099993,-2.2706198459999314],[-71.03034560699996,-2.2770522209999626],[-71.01690748099998,-2.295531720999975],[-70.99614422999997,-2.303487595999968],[-70.99041785599997,-2.287092970999936],[-71.01843747999999,-2.237441470999954],[-71.01740235599993,-2.2218279699999357],[-71.00461610499997,-2.2088063459999603],[-70.97270110499994,-2.214222594999967],[-70.95571872999994,-2.2430839689999402],[-70.93734760499996,-2.2544843449999803],[-70.92066210499996,-2.250138720999928],[-70.89961323099993,-2.2253477209999346],[-70.87184960499997,-2.2233144709999806],[-70.85496485599998,-2.2370117209999307],[-70.83595310499999,-2.2908145959999615],[-70.77776185599998,-2.2929902199999788],[-70.75123635599994,-2.3282695959999273],[-70.69389260599996,-2.3392578449999633],[-70.66592385399997,-2.353773470999954],[-70.66273435499994,-2.3637734699999555],[-70.67726948099994,-2.386048846999927],[-70.67843548099995,-2.4021387209999716],[-70.66487722999995,-2.4104060959999742],[-70.62785060599998,-2.3950297209999576],[-70.62829685499997,-2.421623095999962],[-70.64136523099995,-2.4555097209999417],[-70.62722647999993,-2.4763820949999626],[-70.59930435499996,-2.484436470999981],[-70.55435023099994,-2.4677483459999507],[-70.55759372999995,-2.4430819709999696],[-70.59641998099994,-2.425912094999944],[-70.59310160399997,-2.419021470999951],[-70.57413473099996,-2.417433720999952],[-70.54466210499999,-2.4288455959999737],[-70.51055272999997,-2.4717558469999403],[-70.46928072999998,-2.4558848459999467],[-70.45148310499997,-2.481574344999956],[-70.44629347999995,-2.510787470999958],[-70.42861910599999,-2.5248749709999743],[-70.40774610499994,-2.5232909709999376],[-70.36200672999996,-2.489869470999963],[-70.31988260599996,-2.504146220999928],[-70.30364472899998,-2.5014005959999395],[-70.29550972999994,-2.5110195949999365],[-70.29802735499999,-2.5234062209999593],[-70.31229497999993,-2.5344044709999594],[-70.35449610499995,-2.5452660959999776],[-70.35894747899994,-2.5597625959999277],[-70.35190622899995,-2.5685429709999426],[-70.33457997999994,-2.5778887209999652],[-70.31145185499997,-2.577012469999943],[-70.27108547999995,-2.54491196999993],[-70.25564785499995,-2.5453818449999517],[-70.23100597999996,-2.571215345999974],[-70.21933010499998,-2.643587846999935],[-70.21066997999998,-2.6550683459999505],[-70.19630472999995,-2.658982470999945],[-70.18216185499995,-2.634609095999963],[-70.16615960499996,-2.6363910959999544],[-70.15420985499998,-2.656875720999949],[-70.16206185499993,-2.6878490959999795],[-70.13535185499995,-2.7027019709999536],[-70.11843160499996,-2.6986328459999527],[-70.09328510499995,-2.647720720999928],[-70.08180647999995,-2.651933721999967],[-70.06737285499997,-2.677820095999948],[-70.07125485499995,-2.724320845999955],[-70.06005960499994,-2.7589174719999505],[-70.07360860499995,-2.7906620959999486],[-70.71347460499999,-3.7942265959999304],[-70.68519073099998,-3.793339597999932],[-70.65251747999997,-3.8288787219999563],[-70.62716235599999,-3.83202197199995],[-70.61901998199994,-3.840059971999949],[-70.57727473099999,-3.8280103469999744],[-70.54091597999997,-3.8630370969999603],[-70.51063072999995,-3.8754663469999286],[-70.44981172999996,-3.8566780969999286],[-70.41375785499997,-3.822033221999959],[-70.38759572999999,-3.828503846999979],[-70.35406447999998,-3.799287096999933],[-70.29227535499996,-3.821191346999967],[-70.27630660499995,-3.837630846999957],[-70.25351947999997,-3.884499972999947],[-70.18669923099998,-3.9183457219999696],[-70.17428110499998,-3.9700560959999507],[-70.11440410499995,-4.049547847999975],[-70.06778160499994,-4.07598209799994],[-70.03407947999995,-4.1344127229999685],[-69.95568947999993,-4.20764259799995],[-69.94959185499994,-4.279382722999969],[-69.98036297899995,-4.340416221999931],[-70.01513872899994,-4.350518972999964],[-70.02931060499998,-4.372376097999961],[-70.04441497999994,-4.373742222999965],[-70.05143910499999,-4.362503595999954],[-70.04026160499996,-4.346968597999933],[-70.04295560599996,-4.33218534699995],[-70.07409447999999,-4.320645972999955],[-70.07907648099996,-4.312057597999967],[-70.07323935499994,-4.303915347999975],[-70.04859710399995,-4.305078972999979],[-70.04026898099994,-4.294787971999938],[-70.06135697899998,-4.294698721999964],[-70.07508210499998,-4.285287097999969],[-70.09604235499995,-4.287765472999979],[-70.10936260499994,-4.256151471999942],[-70.12099222999996,-4.285418847999949],[-70.14514372999997,-4.272748222999951],[-70.15638672999995,-4.27474097399994],[-70.17063372999996,-4.305227847999959],[-70.15207397899997,-4.321289222999951],[-70.15260922999994,-4.330033722999929],[-70.17479772899998,-4.334881847999952],[-70.18083560499997,-4.3554047229999355],[-70.19633035499999,-4.360337223999977],[-70.21379122999997,-4.298446345999935],[-70.22542085499998,-4.317035847999932],[-70.25995747899998,-4.308601598999928],[-70.26810235499994,-4.295799221999971],[-70.24725235499994,-4.286787096999944],[-70.24838260499996,-4.272837347999939],[-70.28978522999995,-4.288006596999935],[-70.28434222999994,-4.272510221999937],[-70.30739322999995,-4.258530847999964],[-70.30810710499998,-4.24728797399996],[-70.27853410499995,-4.228927972999941],[-70.28758410499995,-4.198806472999934],[-70.28660272999997,-4.167367848999959],[-70.31970698099997,-4.143394721999925],[-70.32833247999997,-4.145268597999973],[-70.32764822899998,-4.168349346999946],[-70.33853447899997,-4.179146222999975],[-70.37681397999995,-4.13500709799996],[-70.43282060399997,-4.131289222999953],[-70.44236810499996,-4.139438846999951],[-70.43490260599998,-4.1627278479999745],[-70.45423572999994,-4.158920722999937],[-70.46491360499994,-4.175874346999933],[-70.48522822999996,-4.160794596999949],[-70.49269372999998,-4.19157884699996],[-70.50557260599999,-4.199133596999957],[-70.51410873099996,-4.190835222999965],[-70.50363922999998,-4.168765721999932],[-70.50824948099995,-4.151187596999932],[-70.52341848099996,-4.1363753479999446],[-70.53560197999997,-4.145405596999979],[-70.55110947999998,-4.136315847999981],[-70.54101072999998,-4.154795596999975],[-70.55774223099996,-4.165345222999974],[-70.55542222999998,-4.201602346999948],[-70.57189122999995,-4.21125122199993],[-70.56446422999994,-4.174119472999962],[-70.62210160399997,-4.192134722999981],[-70.63520198099997,-4.1734888469999305],[-70.61737748099995,-4.12917747299997],[-70.64462235499997,-4.1269467209999675],[-70.65018435499996,-4.1641257219999375],[-70.66062422999994,-4.144762972999956],[-70.66993385699993,-4.144376222999938],[-70.66678110499998,-4.170223095999972],[-70.68227735599999,-4.206926221999936],[-70.69036747999996,-4.188188097999955],[-70.72394760599997,-4.185987097999941],[-70.75775060599995,-4.158519095999964],[-70.78673560399994,-4.185421971999972],[-70.80098635599995,-4.181818347999979],[-70.82563985499996,-4.211863722999965],[-70.84323860499995,-4.217138845999955],[-70.84458197999999,-4.230820346999963],[-70.82605635599998,-4.219329221999942],[-70.81677635499994,-4.22944197399994],[-70.83438435499994,-4.254099096999937],[-70.85098110499996,-4.246960722999972],[-70.86388960599999,-4.250648971999965],[-70.84625185499993,-4.279381097999931],[-70.87661972999996,-4.291456722999953],[-70.87638185599997,-4.321646097999974],[-70.90005385599994,-4.325880722999955],[-70.91543473099995,-4.360014847999935],[-70.93351860599995,-4.356059096999957],[-70.93803960599996,-4.383095723999929],[-70.94828860599995,-4.376021846999947],[-70.96903210599999,-4.377593222999963],[-70.97536735499995,-4.356772847999935],[-70.99449235599997,-4.344756597999947],[-70.98794885599995,-4.376552097999934],[-70.99651485499999,-4.38580234799997],[-71.01789273099996,-4.379986846999941],[-71.03999948099994,-4.399186722999957],[-71.04348573099998,-4.372820347999948],[-71.05067735599994,-4.367480472999944],[-71.05695323099997,-4.385772596999971],[-71.07841548099998,-4.39435459799995],[-71.07744622999996,-4.374202473999958],[-71.09103085599997,-4.372502721999979],[-71.10811160499998,-4.37869372199998],[-71.10623772999998,-4.399365221999972],[-71.11504172999997,-4.408139471999959],[-71.12936210499998,-4.3889970979999475],[-71.14764035599995,-4.380775723999932],[-71.14978185599995,-4.402250347999939],[-71.15608748099999,-4.402280097999949],[-71.15783772999998,-4.391197097999964],[-71.18188673099996,-4.3938954729999296],[-71.19368885699998,-4.423067597999932],[-71.20606210599993,-4.399629972999946],[-71.19797198099997,-4.386400097999967],[-71.20139835599997,-4.378238597999939],[-71.21538960599997,-4.378452722999953],[-71.22240898099994,-4.406173470999931],[-71.23026323099998,-4.383066471999939],[-71.24591810599998,-4.390492971999947],[-71.26920572999995,-4.383757472999946],[-71.27956360499996,-4.396917347999931],[-71.26067072999996,-4.394228597999927],[-71.26778535599993,-4.4090049729999805],[-71.26086110499995,-4.425113972999952],[-71.27480473099996,-4.43848659799994],[-71.28848635599996,-4.440151346999926],[-71.30473835499998,-4.417142722999927],[-71.31911023099997,-4.417809097999964],[-71.30085985499994,-4.444435346999967],[-71.30821235599996,-4.46225734799998],[-71.31347098099997,-4.442721971999958],[-71.34026373099994,-4.440223597999932],[-71.34590298099994,-4.4255422229999795],[-71.36058410599998,-4.433632472999932],[-71.37854923199995,-4.424185972999965],[-71.39061310599993,-4.427231721999931],[-71.41638260699995,-4.462281221999945],[-71.43360998099996,-4.47596297299998],[-71.43786923099998,-4.470847222999964],[-71.42604173099994,-4.466214097999966],[-71.43094148099993,-4.4466797229999315],[-71.41225248099994,-4.435391347999939],[-71.43629460699998,-4.427685097999927],[-71.43817248099998,-4.449054097999976],[-71.45118823199994,-4.445514222999975],[-71.45085748099996,-4.431712347999962],[-71.46152223099995,-4.439241222999954],[-71.47768498099998,-4.433549597999956],[-71.48261410599997,-4.456597097999975],[-71.50687473099998,-4.437348598999961],[-71.50657848099996,-4.457655847999945],[-71.49279785599998,-4.47435722299997],[-71.49397210599994,-4.48520147399995],[-71.51618560599996,-4.471608222999976],[-71.51741498099994,-4.461219847999928],[-71.53727735599995,-4.4630840979999675],[-71.53624397999994,-4.481692847999966],[-71.55837460699996,-4.477603598999963],[-71.55070760599995,-4.4855607239999244],[-71.56692573099997,-4.505757223999979],[-71.60281535699994,-4.528454222999926],[-71.61886760699997,-4.527003721999961],[-71.63345560699997,-4.512332847999971],[-71.61251297999996,-4.482880721999948],[-71.61617385599999,-4.466980347999936],[-71.62721148099996,-4.476028721999967],[-71.62472498099999,-4.488876096999945],[-71.64790535599997,-4.502731972999925],[-71.64659298099997,-4.480573721999974],[-71.65428760599997,-4.4711384729999395],[-71.66053185599998,-4.474716472999944],[-71.65403898199997,-4.487577597999973],[-71.65793460699996,-4.500936097999954],[-71.67196998099996,-4.505826347999971],[-71.68821560699996,-4.496957471999963],[-71.70679598099997,-4.509887722999963],[-71.73685585799996,-4.495562222999979],[-71.75072560599995,-4.467422473999932],[-71.74895735599995,-4.491321222999943],[-71.76764810799995,-4.503698972999928],[-71.77135035699996,-4.4885998479999785],[-71.78532885699997,-4.48231784799998],[-71.78336885599998,-4.496598348999953],[-71.79241723099994,-4.495161597999925],[-71.79379873299996,-4.483654347999959],[-71.81025260699994,-4.492896347999931],[-71.80653547999998,-4.504389597999932],[-71.83211973099998,-4.495838721999974],[-71.83015798099996,-4.514432846999966],[-71.83913735699997,-4.504527847999952],[-71.85655735599994,-4.511365972999954],[-71.86499785599995,-4.526451097999939],[-71.87934960599995,-4.515264721999927],[-71.88534635599996,-4.521933846999957],[-71.90548773199998,-4.514750348999939],[-71.90780848099996,-4.51977884799993],[-71.89359360699996,-4.522513973999935],[-71.88458660599997,-4.537088222999955],[-71.91818310499997,-4.52885484799998],[-71.92677560799996,-4.547255596999946],[-71.91910860699994,-4.5634459729999435],[-71.93047785699997,-4.561732973999938],[-71.92719010799993,-4.570063097999935],[-71.93435973099997,-4.578199721999965],[-71.94999760599995,-4.5802857229999745],[-71.94260685599994,-4.594721722999964],[-71.95039810499998,-4.599128472999951],[-71.94653010699994,-4.607831472999976],[-71.97682498199998,-4.611409346999949],[-71.98385648199996,-4.603452347999962],[-71.99373372999997,-4.609019473999979],[-71.98120410699994,-4.626011222999978],[-72.00218810699994,-4.629050347999964],[-72.00598710599996,-4.645282222999981],[-72.01554660699998,-4.631080973999929],[-72.04244323299997,-4.6229029729999525],[-72.03793973199998,-4.642823221999947],[-72.04591060699994,-4.644425722999927],[-72.04642173099995,-4.654220097999939],[-72.05810485699993,-4.649364722999962],[-72.06819310499998,-4.659234847999926],[-72.05966960699993,-4.6733529729999645],[-72.06498823299995,-4.676143597999953],[-72.07080398199997,-4.662880722999944],[-72.08028072999997,-4.668669847999979],[-72.07742110699996,-4.681171847999963],[-72.08937047999996,-4.68108897299993],[-72.10130623099997,-4.705505847999973],[-72.12467010699999,-4.715762472999927],[-72.12511048199997,-4.733600598999942],[-72.13307910699996,-4.733300347999943],[-72.12726185699995,-4.722514347999947],[-72.14035623199999,-4.711507972999925],[-72.14672773099994,-4.7239067229999705],[-72.16150910699997,-4.728796847999945],[-72.15931260699995,-4.7352619719999325],[-72.17189748299995,-4.733894348999968],[-72.19322673099998,-4.745816096999931],[-72.18735573199996,-4.750485347999927],[-72.19236473199999,-4.762948347999952],[-72.20927910799998,-4.747459972999934],[-72.22191923199995,-4.75512697299996],[-72.21251160699995,-4.759395597999969],[-72.21508110699995,-4.767034972999966],[-72.24351098199998,-4.78136047299995],[-72.25572285699997,-4.765460098999938],[-72.26142823199996,-4.7807525979999355],[-72.25403760799998,-4.791251472999932],[-72.26542060699995,-4.786167847999934],[-72.27115348199999,-4.7983520979999525],[-72.28386273199999,-4.79556159699996],[-72.27658260799996,-4.788861597999926],[-72.27804685699994,-4.77102722199993],[-72.28326873199995,-4.783418722999954],[-72.30142073199994,-4.775378847999946],[-72.30650448199998,-4.790422597999964],[-72.31319060699997,-4.785670473999971],[-72.31049685799996,-4.774439472999973],[-72.32688073099996,-4.779992847999949],[-72.31971098199995,-4.78858534799997],[-72.32272248299995,-4.8116967229999545],[-72.32526448099998,-4.80173659899998],[-72.33865048199993,-4.8044579729999555],[-72.33898235699996,-4.793179847999966],[-72.34483923299996,-4.806709722999926],[-72.37070635699996,-4.804802347999953],[-72.35884360699998,-4.823386848999974],[-72.37497260699996,-4.821944346999942],[-72.38221610699998,-4.826271973999951],[-72.37233298299998,-4.832410597999967],[-72.38906060699998,-4.833285347999947],[-72.37534098199995,-4.83756697299998],[-72.38372010699999,-4.849629223999955],[-72.38025173199998,-4.85851484799997],[-72.38967448099999,-4.861829596999939],[-72.38143348199998,-4.8719889729999295],[-72.39915860699995,-4.873815223999941],[-72.40611048299996,-4.888655222999944],[-72.41240248199995,-4.876362722999943],[-72.42185598199995,-4.875994347999949],[-72.41565598199998,-4.900978348999956],[-72.42833210699996,-4.901530846999947],[-72.43383010699995,-4.910687348999943],[-72.44295723199997,-4.89820059799996],[-72.45466660699998,-4.900794221999945],[-72.45451310699997,-4.891494222999938],[-72.47042735699995,-4.89112597299993],[-72.46919048199999,-4.905285472999935],[-72.46321873199997,-4.902669971999956],[-72.45134848199996,-4.9156879739999795],[-72.45841498299995,-4.924181097999963],[-72.47373335699996,-4.9245540979999305],[-72.48202898199997,-4.950801722999927],[-72.48795448199996,-4.950296972999979],[-72.48773110699995,-4.933385097999974],[-72.49677673199994,-4.949989722999931],[-72.50674035799994,-4.945139596999979],[-72.50494073199997,-4.935812472999942],[-72.52115885699999,-4.932871723999938],[-72.52216848199998,-4.960019096999929],[-72.52725123299996,-4.953409597999951],[-72.53880360699998,-4.964100973999962],[-72.53689423199995,-4.953654722999943],[-72.55193648199997,-4.955560722999962],[-72.56800010699999,-4.9837175979999415],[-72.58298698199997,-4.981524848999925],[-72.58467373199994,-4.99796484899997],[-72.59799948199998,-4.983860347999951],[-72.59783098199995,-4.994850723999946],[-72.60983335699996,-4.996005472999968],[-72.59850573199998,-4.999989098999947],[-72.61223385699998,-5.016558723999935],[-72.60621310699997,-5.030974598999933],[-72.61711535699999,-5.0359580979999805],[-72.62119785699997,-5.05180409899998],[-72.62880810699994,-5.038353223999934],[-72.62841223299995,-5.050876722999931],[-72.64142123099998,-5.062989472999959],[-72.64201123199996,-5.044972473999962],[-72.65737348199997,-5.06362672399996],[-72.65749135699997,-5.054529723999963],[-72.66598673299995,-5.059119473999942],[-72.67082798299998,-5.047255347999965],[-72.69245185699998,-5.060901096999942],[-72.70901760699996,-5.048370597999963],[-72.71518848299996,-5.057455847999961],[-72.72764823199998,-5.051992847999941],[-72.72622048199997,-5.061668097999927],[-72.73760385699995,-5.061228347999929],[-72.72986635699993,-5.0743990989999475],[-72.73809035699998,-5.075531847999969],[-72.73986010799996,-5.088593347999961],[-72.75636685699999,-5.076617347999957],[-72.76802435699994,-5.099224223999954],[-72.78418873399994,-5.0933128479999255],[-72.77905635699994,-5.102008724999962],[-72.78594698299997,-5.113441973999954],[-72.79052498299995,-5.105843473999926],[-72.80102610699998,-5.111365347999936],[-72.81831160699994,-5.102775597999937],[-72.81536185699997,-5.1391400979999275],[-72.82230760799996,-5.131679098999939],[-72.82347948199998,-5.144036723999932],[-72.83355585699996,-5.138491224999939],[-72.84951985799995,-5.1459482239999375],[-72.85085310699998,-5.1360134729999345],[-72.88756973099999,-5.1640113489999635],[-72.88420723199994,-5.175251972999945],[-72.87719360799997,-5.174179098999957],[-72.87999023199995,-5.186890597999934],[-72.87578460799995,-5.176677097999971],[-72.86902723299994,-5.179062973999976],[-72.87672935799998,-5.188414222999938],[-72.86936360799996,-5.200855973999978],[-72.87573648199998,-5.203674097999965],[-72.86489610699994,-5.207677222999962],[-72.86390323199998,-5.234001848999981],[-72.87327060699994,-5.248893473999942],[-72.86223798199995,-5.247500348999949],[-72.87107685599995,-5.2634648479999555],[-72.86052460699995,-5.27116684799995],[-72.86789035699996,-5.274449347999962],[-72.86777835799995,-5.290734223999948],[-72.87645723099996,-5.289068846999953],[-72.87045235799997,-5.29377647299998],[-72.87450360599996,-5.303848347999974],[-72.88864260599996,-5.30690672399993],[-72.88252585799995,-5.310621597999955],[-72.89184510599995,-5.31771509999993],[-72.88814623199994,-5.323591723999925],[-72.90416135699996,-5.333809097999961],[-72.90353423199997,-5.34000459899994],[-72.89608835799999,-5.33246259799995],[-72.89029185699997,-5.350844973999926],[-72.90395048299996,-5.352926597999954],[-72.90724910599994,-5.370988723999972],[-72.92028323299996,-5.375952597999969],[-72.92414235799998,-5.407609347999937],[-72.93865973299995,-5.4185234729999365],[-72.93210735899999,-5.426871597999934],[-72.95281485699996,-5.4446517249999715],[-72.94591885599993,-5.453689222999969],[-72.95888473299993,-5.466128848999972],[-72.95843373299994,-5.480899723999926],[-72.94904273299994,-5.479878097999972],[-72.96159923299996,-5.495300722999957],[-72.96059373299994,-5.521978097999977],[-72.95440860699995,-5.523589098999935],[-72.95285748299995,-5.544867473999943],[-72.93857385799998,-5.541279973999963],[-72.95730873099996,-5.558194473999947],[-72.95014698199998,-5.563575723999975],[-72.96129485699998,-5.573102598999981],[-72.95297710699998,-5.577473973999929],[-72.96076335699996,-5.5798923489999765],[-72.95164835699995,-5.582669347999968],[-72.97367835799997,-5.61291072399996],[-72.95911573199999,-5.65689109799996],[-72.98557035799996,-5.661275848999935],[-72.98955648299994,-5.6745097229999715],[-72.97993660699996,-5.678495848999944],[-72.98421510799994,-5.693510348999951],[-72.99295798099996,-5.696340348999968],[-72.99067260799995,-5.7062128489999395],[-72.99841898099999,-5.700565723999944],[-73.00398623299998,-5.7084715989999495],[-72.99511048299996,-5.715832723999938],[-73.00317573199999,-5.720204098999943],[-73.00046523399999,-5.728521847999957],[-73.00790598199995,-5.7243364739999265],[-73.00523523199996,-5.7323219739999445],[-73.02753110699996,-5.7334114749999685],[-73.01918673299997,-5.74052009899998],[-73.04639873299993,-5.759347973999979],[-73.04271823299996,-5.775544973999956],[-73.05464998199994,-5.775637973999949],[-73.04904285899994,-5.782666848999952],[-73.05302910699999,-5.795169973999975],[-73.06229010699997,-5.793615348999936],[-73.06725948299999,-5.80217209999995],[-73.07086035699996,-5.796565098999963],[-73.07299948199994,-5.805148598999949],[-73.07978923199994,-5.801202347999947],[-73.08478523199994,-5.81144672399995],[-73.07548423299994,-5.809799098999974],[-73.07646748199994,-5.81644259899997],[-73.09539698299994,-5.821176223999942],[-73.08766848299996,-5.820242723999968],[-73.08909023199993,-5.830234598999937],[-73.10131435699998,-5.8257435989999635],[-73.11421610799994,-5.833184347999975],[-73.11701973299995,-5.864329347999956],[-73.12236110699996,-5.857831974999954],[-73.12820748199994,-5.87057434899998],[-73.13575460799996,-5.8634258489999524],[-73.13485098199999,-5.869644223999956],[-73.15206798299994,-5.86795959799997],[-73.16116373199998,-5.885337473999925],[-73.15612360799997,-5.880845223999927],[-73.15361235699999,-5.88686434899995],[-73.16732473299999,-5.897121973999958],[-73.16122585799997,-5.907857973999967],[-73.16765685699994,-5.907645223999964],[-73.17210798199994,-5.930113848999952],[-73.17960198399999,-5.926792098999954],[-73.18694973299995,-5.944716347999929],[-73.17734035799998,-5.97085272299995],[-73.19417385799994,-5.99055597399996],[-73.18680248399994,-6.005125348999968],[-73.20898123299997,-6.008637599999929],[-73.21838623299993,-6.019875223999975],[-73.20976235799998,-6.022523099999944],[-73.22146848199998,-6.02152684999993],[-73.21822498299997,-6.027849099999969],[-73.23646748299996,-6.036040223999976],[-73.23805623299995,-6.046042224999951],[-73.22754385799993,-6.043580848999966],[-73.23538085799998,-6.051327349999951],[-73.22878685799998,-6.053599348999967],[-73.23449998299998,-6.063486098999931],[-73.22746760799998,-6.0766978499999595],[-73.23956898299997,-6.077387347999945],[-73.23112073299995,-6.091340848999948],[-73.23764473399996,-6.090558724999937],[-73.23573073299997,-6.10074610099997],[-73.24819210799996,-6.10802122399997],[-73.24663835799998,-6.1496245999999815],[-73.21627185799997,-6.183180974999971],[-73.21560298299994,-6.192473098999926],[-73.22422623299997,-6.194366473999935],[-73.21120910799993,-6.201713723999944],[-73.22028510799998,-6.219577473999948],[-73.21283010699995,-6.2260937249999415],[-73.20859535799997,-6.219536473999938],[-73.18666698299995,-6.262065849999942],[-73.18060598199997,-6.25729122499996],[-73.16070473199994,-6.276667724999925],[-73.15791598399994,-6.322551724999926],[-73.15253423299998,-6.329343350999977],[-73.14727598199994,-6.323066224999934],[-73.15054823199995,-6.338398724999934],[-73.14300560699996,-6.334838224999942],[-73.14089610899998,-6.358742473999939],[-73.13204648099997,-6.362652724999975],[-73.13557598199998,-6.380259224999975],[-73.12986498199996,-6.375052475999951],[-73.12790998199995,-6.393204348999973],[-73.11857660699997,-6.388656097999956],[-73.10379985799995,-6.410944724999979],[-73.12119023199995,-6.431741224999939],[-73.11116760699997,-6.453566725999963],[-73.11979085699994,-6.467952474999947],[-73.11855598199998,-6.462004724999929],[-73.12974148399996,-6.463579223999943],[-73.12790998299994,-6.476925599999959],[-73.14253223299994,-6.490765974999931],[-73.13195385799997,-6.496754848999956],[-73.13522610799998,-6.510461349999957],[-73.14182223199998,-6.514680349999935],[-73.14187360799997,-6.50531634999993],[-73.15135085699995,-6.526678724999954],[-73.16338748199996,-6.531325223999943],[-73.17032898299993,-6.51793884999995],[-73.17303948199998,-6.527778974999933],[-73.18796660699996,-6.523016350999967],[-73.17574048199998,-6.534574348999968],[-73.18726035799995,-6.540739975999941],[-73.18167698099995,-6.545779224999933],[-73.19953410699998,-6.5467051009999295],[-73.19334948299996,-6.554235350999932],[-73.20297010899998,-6.553204600999948],[-73.19610773199997,-6.5628728499999625],[-73.20669223299996,-6.577112850999981],[-73.22179123299998,-6.564428599999928],[-73.23005648199995,-6.573447850999969],[-73.22741273299994,-6.58884272399996],[-73.24175760799994,-6.583745973999953],[-73.23935248199996,-6.592755724999961],[-73.25071960799994,-6.58099722399993],[-73.26829998099998,-6.593461974999968],[-73.27538173299996,-6.584919974999934],[-73.29237885799995,-6.587682099999938],[-73.29696098299996,-6.597154349999926],[-73.31592298199996,-6.59084809999996],[-73.32957360799998,-6.600411349999945],[-73.33326723199997,-6.593539474999943],[-73.35280885799995,-6.593267474999948],[-73.38241285799995,-6.6215983499999425],[-73.37991748299999,-6.635759723999968],[-73.41502585799998,-6.642929224999932],[-73.42485410799998,-6.6550203499999725],[-73.44029848399998,-6.6519135999999435],[-73.46404748299994,-6.669060725999941],[-73.47213560699998,-6.664340724999931],[-73.48532460799998,-6.674519974999953],[-73.52192660699995,-6.676140600999929],[-73.54035085699996,-6.686118224999973],[-73.56179223299995,-6.72203309899993],[-73.58713210799993,-6.723623849999967],[-73.62415998299997,-6.745159974999979],[-73.62439998299999,-6.7528299749999405],[-73.63825998299995,-6.754149974999962],[-73.66636998299998,-6.805549974999963],[-73.68197998299996,-6.81425997499997],[-73.69594998399998,-6.839969974999974],[-73.71045998399995,-6.84018997499993],[-73.72227010799998,-6.884599973999968],[-73.74743998299994,-6.9090299759999425],[-73.76078998299994,-6.935829974999933],[-73.74388998499995,-6.964159974999973],[-73.76127998399994,-6.9777299749999315],[-73.76307998199997,-7.007459974999961],[-73.75596998399999,-7.014989974999935],[-73.76288998299998,-7.034369973999958],[-73.75709998299999,-7.0467599749999295],[-73.78706998399997,-7.090289974999962],[-73.78397998399998,-7.103649974999939],[-73.79910223199994,-7.114272598999946]]]}},{"type":"Feature","properties":{"cod_regpol":"15R1","regionpol":"MADRE DE DIOS","tipo":"REGION POLICIAL"},"geometry":{"type":"Polygon","coordinates":[[[-70.40343322899997,-13.116934105999974],[-70.40440672899996,-13.126084606999939],[-70.41769510499995,-13.133089979999966],[-70.40904060599996,-13.138859730999968],[-70.38966210399997,-13.131538355999965],[-70.40122710499998,-13.15322998199997],[-70.38557685499995,-13.167038979999973],[-70.38846685499993,-13.192388730999937],[-70.39547647999996,-13.183050854999976],[-70.46424772999995,-13.15969060499998],[-70.54942522999994,-13.15317098099996],[-70.58608572999998,-13.104141855999956],[-70.62782172999994,-13.09231660599994],[-70.66032522899997,-13.08833273099998],[-70.68293222999995,-13.097624605999954],[-70.68520872899995,-13.106781230999957],[-70.75994123099997,-13.108095980999963],[-70.79941385599994,-13.090352105999955],[-70.81735347999995,-13.069851480999944],[-70.84296097999999,-13.067048480999972],[-70.86311035599994,-13.080324355999949],[-70.89926622999997,-13.06968485699997],[-70.88729110499997,-13.10336448199996],[-70.92139285499997,-13.110830980999935],[-70.92763135599995,-13.128779605999966],[-70.94228035499998,-13.135486605999972],[-70.94219022999994,-13.156498854999938],[-70.97723623099995,-13.169682980999937],[-70.99420460499994,-13.202222355999936],[-70.99085085599995,-13.221546355999976],[-71.01121285599999,-13.23871423099996],[-71.01403535499998,-13.267188480999948],[-71.03626122899993,-13.27049485599997],[-71.09159185599998,-13.240037105999932],[-71.12201173099999,-13.233529230999977],[-71.13934510499996,-13.195799230999967],[-71.14397560599997,-13.137234606999982],[-71.16166185599997,-13.119592230999956],[-71.16818223099995,-13.094088605999957],[-71.16081885599993,-13.071859480999933],[-71.17379885599996,-13.055007855999975],[-71.16652972999998,-13.017670230999954],[-71.17939510599996,-12.998342229999935],[-71.17191623099995,-12.98198298099993],[-71.15900060599995,-12.97867885599993],[-71.16151348099999,-12.967440229999966],[-71.17641010599993,-12.970943354999974],[-71.19594585599998,-12.95958147999994],[-71.22093160599997,-12.957663981999929],[-71.23085748099999,-12.97248247999994],[-71.26495310699994,-12.962878854999929],[-71.27194260599998,-12.944030980999969],[-71.25223373099993,-12.92988160599998],[-71.24489610599994,-12.90751810599994],[-71.27062498099997,-12.889464604999944],[-71.27295460599998,-12.849312105999957],[-71.28257698099998,-12.827811230999941],[-71.19030497999995,-12.769210230999931],[-71.17899623099999,-12.749721354999963],[-71.19048385599996,-12.73161823099997],[-71.18501948099998,-12.717501979999952],[-71.20065048099997,-12.694059854999978],[-71.19093172999999,-12.664155354999934],[-71.21188285599999,-12.625615229999937],[-71.20139260599996,-12.608042981999972],[-71.20693160699994,-12.594650354999942],[-71.20218322999995,-12.56886110499994],[-71.15329273099996,-12.486476854999978],[-71.08543960699996,-12.408186229999956],[-71.05378373099995,-12.391032604999964],[-71.03480748099997,-12.357600355999978],[-71.01284385599996,-12.355195854999977],[-70.98718085499996,-12.337439979999942],[-70.96230410599998,-12.339150855999947],[-70.95109335499995,-12.321920729999931],[-70.95376135599997,-12.304299854999954],[-70.92157310599998,-12.280969854999967],[-70.92123098099995,-12.268377354999927],[-70.94236835599997,-12.266535479999959],[-70.93412385699997,-12.254552979999971],[-70.94705185499998,-12.246326103999934],[-70.93566747999995,-12.23578372999998],[-70.95752397999996,-12.236152104999974],[-70.95524348099997,-12.254623229999936],[-70.96487385599994,-12.242172478999976],[-70.97774923099996,-12.247575104999953],[-70.97592485499996,-12.234215603999928],[-70.98499372999999,-12.226602604999925],[-70.96204973099998,-12.216428604999976],[-70.96761035599997,-12.200974729999928],[-70.97603010499995,-12.200553729999967],[-70.96876797999994,-12.211236479999968],[-71.00097397999997,-12.222761104999961],[-70.98950185599995,-12.197952354999927],[-71.00113185599997,-12.20016247999996],[-71.03745985599994,-12.157519604999948],[-71.06498223199998,-12.160484104999966],[-71.05021248099996,-12.14952072999995],[-71.05007210499997,-12.139539729999967],[-71.06370160599994,-12.140960604999975],[-71.06812210499999,-12.15292372999994],[-71.08394448099995,-12.157922979999967],[-71.07629647999994,-12.14120610499998],[-71.09924047999993,-12.125839979999967],[-71.09815298099994,-12.106649729999958],[-71.11237898099995,-12.092704354999967],[-71.11932535499994,-12.104106229999957],[-71.12844685499994,-12.104579979999926],[-71.12599097999998,-12.088617229999954],[-71.11690460499995,-12.082232229999931],[-71.13127097999995,-12.078337979999958],[-71.13125348099999,-12.061191354999949],[-71.15074185599997,-12.062313979999942],[-71.15807398099997,-12.037321104999933],[-71.17575585599997,-12.031374605999929],[-71.18652622999997,-12.038005230999943],[-71.18415810699997,-12.023410854999952],[-71.19073610499998,-12.016060854999978],[-71.21032973199993,-12.019130729999972],[-71.22060897999995,-12.004659104999973],[-71.23892210599996,-12.001308729999948],[-71.24718410599996,-11.967709854999953],[-71.26483073099996,-11.974673978999931],[-71.27156647999993,-11.986181104999957],[-71.28887985699998,-11.978585730999953],[-71.29240573099997,-11.965587478999964],[-71.27589935599997,-11.967902979999963],[-71.27365397999995,-11.95375585499994],[-71.28780985599997,-11.94224872999996],[-71.30494773199996,-11.941950603999942],[-71.31291148099996,-11.927408854999953],[-71.33033010599996,-11.944423854999968],[-71.32129623099996,-11.920655353999962],[-71.32753710499998,-11.917302603999929],[-71.33520460599993,-11.92991597899993],[-71.34549448199994,-11.93011510499997],[-71.35389223099997,-11.919626104999963],[-71.34483060699995,-11.911759478999954],[-71.35505398099997,-11.897353603999932],[-71.36245610599997,-11.901834728999972],[-71.35837335599996,-11.911925354999937],[-71.38944185599996,-11.904025478999927],[-71.39943310599995,-11.889520230999949],[-71.41231198099996,-11.899710354999968],[-71.42363085599999,-11.89745322899995],[-71.42787948099993,-11.890681854999968],[-71.41931560499995,-11.86777872999994],[-71.42973823099999,-11.87733835399996],[-71.44733048199998,-11.869670729999939],[-71.43903223099994,-11.861173354999949],[-71.44152173099997,-11.844244854999943],[-71.42140685599998,-11.85065110499994],[-71.42963860699996,-11.833789103999948],[-71.46074048099996,-11.844958603999942],[-71.47132898099994,-11.811964729999943],[-71.48108785699998,-11.812296602999936],[-71.48540285499996,-11.825175478999938],[-71.50511398099997,-11.811809853999932],[-71.50859923099995,-11.821336229999929],[-71.52370197999994,-11.813978478999957],[-71.53576035599997,-11.829055854999979],[-71.54145210599995,-11.820643355999948],[-71.54372223099995,-11.828788604999943],[-71.55632423199995,-11.824198603999946],[-71.55684160599998,-11.832544354999982],[-71.57229785699997,-11.833512479999968],[-71.56712360599994,-11.839337729999954],[-71.60022273199996,-11.839855229999955],[-71.59771898099996,-11.854927604999943],[-71.60713298099995,-11.846565103999978],[-71.60384473199997,-11.855778854999926],[-71.63158585499997,-11.863623854999958],[-71.62729623199994,-11.875975479999966],[-71.64034885599995,-11.88330297899995],[-71.62969973199995,-11.88819360499997],[-71.63525797999995,-11.894753353999931],[-71.62709585699997,-11.906787854999948],[-71.63133535599997,-11.931791604999944],[-71.63984798199994,-11.93304348099997],[-71.63118535599995,-11.946363229999974],[-71.64038223099993,-11.95751310399993],[-71.64866123099995,-11.952756103999945],[-71.64561535599995,-11.966824604999942],[-71.66113385499995,-11.966622604999941],[-71.66447985799994,-11.981218105999972],[-71.68853648099997,-11.98868897999995],[-71.71963748199994,-11.981018604999974],[-71.74023260599995,-11.996274229999926],[-71.73905148099993,-12.010053479999954],[-71.74956235599996,-12.019118229999947],[-71.82790973299996,-12.048787854999944],[-71.84493335799993,-12.044892105999963],[-71.88778610599996,-12.059043729999928],[-71.90459373099998,-12.088753854999936],[-71.92881835599997,-12.097214854999947],[-71.94934748199995,-12.173591854999927],[-71.96834585599998,-12.199519479999935],[-71.96481248199996,-12.246009729999969],[-71.97097848199996,-12.269986354999958],[-71.96482035699995,-12.287621104999971],[-71.97238085699996,-12.30793360499996],[-71.95882960599994,-12.320095979999962],[-71.97303123199998,-12.320543355999973],[-72.02998673199994,-12.286300104999953],[-72.04335885599994,-12.254884354999945],[-72.05643898099999,-12.257278479999968],[-72.07530010599999,-12.243264103999934],[-72.10561135699999,-12.238792979999971],[-72.09220498099995,-12.194417979999969],[-72.10043623099995,-12.169418729999961],[-72.08755860499997,-12.142690355999946],[-72.09444660699995,-12.085190978999947],[-72.17373298099994,-12.059810354999968],[-72.23042460699997,-12.061778104999973],[-72.26893285799997,-12.054375354999934],[-72.26960023199996,-12.022836479999967],[-72.25916460699995,-12.005723479999972],[-72.28154448199996,-11.995797229999937],[-72.28622172999997,-11.975316354999961],[-72.34048973199998,-11.965767728999936],[-72.33682148199995,-11.937336604999928],[-72.34751423199998,-11.891267479999954],[-72.33183973199993,-11.85608622999996],[-72.39075685699999,-11.827556854999955],[-72.39099898199999,-11.806610228999944],[-72.37076798199996,-11.784967354999935],[-72.38500648299998,-11.76172147899996],[-72.42332685699995,-11.737818354999945],[-72.42873873099995,-11.708971854999959],[-72.38771023199996,-11.660459229999958],[-72.39030173199995,-11.650684229999968],[-72.37531735699997,-11.64416547999997],[-72.37564235699995,-11.633173728999964],[-72.35562310699999,-11.635025353999936],[-72.34804198199998,-11.617858979999937],[-72.30789448199994,-11.587537104999967],[-72.31302485699996,-11.561518354999976],[-72.29803035699996,-11.504116103999934],[-72.30417348199995,-11.49711422799993],[-72.28962773299997,-11.482852479999963],[-72.28745673199995,-11.466647979999948],[-72.29255073199994,-11.433273104999955],[-72.27082135699999,-11.400189103999935],[-72.24789448199994,-11.385005853999928],[-72.23925835699998,-11.345060978999982],[-72.20462335699995,-11.347432728999934],[-72.21888468299994,-11.29686068899997],[-72.19941285699997,-11.26423522999994],[-72.20517898699995,-11.239896391999935],[-72.19706060599998,-11.22786135399997],[-72.19940773199994,-11.197810853999954],[-72.18652347999995,-11.184888728999965],[-72.20678076499996,-11.172294631999932],[-72.19385560599994,-11.156662320999942],[-72.18793543399994,-11.163728572999958],[-72.18431865299993,-11.155543226999953],[-72.17647958799995,-11.15911162599997],[-72.16928045999998,-11.143741100999932],[-72.13501622099994,-11.135555754999928],[-72.12046873199995,-11.11949022899995],[-72.12324610699994,-11.103591853999944],[-72.14815084599996,-11.087776177999956],[-72.17877059699998,-11.09755090599998],[-72.18329946099993,-11.092591849999963],[-72.18250860699999,-11.057798852999952],[-72.19306129599994,-11.049676616999932],[-72.17648459699996,-11.038993855999934],[-72.17532435699997,-11.024831978999941],[-72.18525403299998,-11.008834820999937],[-72.17611622499999,-10.996815363999929],[-72.15825022699994,-11.005287898999939],[-72.15286323099997,-10.99421485399995],[-72.12793021099998,-10.979842446999953],[-72.12503458999998,-10.99562352099997],[-72.10470985999996,-10.992930721999926],[-72.05441310699996,-11.011073603999932],[-72.04369872899997,-10.996919693999928],[-72.01083257099998,-10.987746869999967],[-71.93837657999995,-11.003895174999968],[-71.92333246299995,-10.996097478999957],[-71.84700848899996,-10.995678519999956],[-71.82846250199998,-11.011867834999975],[-71.80895310799997,-10.993828104999977],[-71.78022847999995,-10.987814478999951],[-71.75114448099998,-10.993751979999956],[-71.72928285599994,-10.98367572899997],[-71.71600260599996,-10.997850227999947],[-71.70169398199994,-10.97383860399998],[-71.69355585599999,-10.979740853999942],[-71.68072285599999,-10.971558104999929],[-71.66171910499997,-10.983183851999968],[-71.55885360599996,-10.964802728999928],[-71.53197710599994,-10.952138478999927],[-71.52714885599994,-10.961727104999966],[-71.50813248199995,-10.966092228999969],[-71.48595135599999,-10.963790227999937],[-71.47250948099997,-10.953692603999968],[-71.41294135599998,-10.958068353999977],[-71.39345510499999,-10.94733397899995],[-71.37801235599994,-10.95347435399998],[-71.35401410599997,-10.949791103999928],[-71.33612646199998,-10.91678829999995],[-71.31730485599996,-10.909565103999967],[-71.30833698099997,-10.877813853999953],[-71.29471371599993,-10.876298703999964],[-71.27272701099997,-10.852818726999942],[-71.27147385599994,-10.819046852999975],[-71.25872332499995,-10.784934501999942],[-71.24505363599997,-10.776529079999932],[-71.22156377199997,-10.77669844199994],[-71.22886585599997,-10.764998227999968],[-71.21874909899998,-10.760205828999972],[-71.22460257299997,-10.730652924999958],[-71.21553682599995,-10.714948480999965],[-71.22781484599994,-10.702813230999936],[-71.23131265299997,-10.685238531999971],[-71.20629098199998,-10.652160103999961],[-71.22080272999995,-10.636734352999952],[-71.19621285599999,-10.579861352999956],[-71.16529310599998,-10.569643853999935],[-71.16457085599995,-10.531261477999976],[-71.14680014699996,-10.530984022999974],[-71.12851435499994,-10.504735852999943],[-71.07850585499995,-10.501370977999954],[-71.02453348099993,-10.47820010299995],[-71.00063936999999,-10.44222231699996],[-71.00497245899999,-10.430818518999956],[-70.95841480299998,-10.38957678199995],[-70.96801200599998,-10.33555137299993],[-70.88945882099995,-10.33513861299997],[-70.87399258499994,-10.300695979999944],[-70.88083327499999,-10.261970186999974],[-70.86685394099999,-10.253047207999941],[-70.80320133399994,-10.25115440899998],[-70.75069335599994,-10.191011727999978],[-70.70644335599997,-10.161357477999957],[-70.70823147999994,-10.136840227999926],[-70.69817385599998,-10.11803122699996],[-70.64989978199998,-10.07947457399996],[-70.64454182399999,-10.068740453999965],[-70.66003160699995,-10.051465853999957],[-70.65205855299996,-10.040059991999954],[-70.67231835499996,-10.023134727999945],[-70.65689285499997,-9.99972947799995],[-70.66762748099995,-9.970693103999963],[-70.64852147999994,-9.951576227999965],[-70.65089447999998,-9.93195510299995],[-70.63347923799995,-9.898958456999935],[-70.63953932499999,-9.884375986999942],[-70.61380449399996,-9.873393331999978],[-70.61375385399998,-11.000167979999958],[-70.52166747999996,-10.934215603999974],[-70.51538085499993,-10.94716735399993],[-70.45173635499998,-10.996759728999962],[-70.43775972999998,-11.03879685399994],[-70.38578122899997,-11.047773477999954],[-70.37377147999996,-11.060540979999928],[-70.30842572999995,-11.07058597899993],[-70.24154147999997,-11.047062353999934],[-70.19905272899996,-11.05401472899996],[-70.17608460499997,-11.04012935299994],[-70.15826810499993,-11.041872228999978],[-70.15613785499994,-11.033525478999934],[-70.14052885299998,-11.029671727999926],[-70.11570185399995,-11.005909853999981],[-70.10741322799998,-11.007885103999968],[-70.09284972999995,-10.98711697899995],[-70.06458710499999,-10.993875352999964],[-70.03712935599998,-10.980019478999964],[-70.03685397999993,-10.970972853999967],[-70.02736247999997,-10.977752478999946],[-70.00753197999995,-10.962710228999981],[-69.99882435499995,-10.965167853999958],[-69.99439660399997,-10.950697478999928],[-69.98450235499996,-10.95565510299997],[-69.98202360499994,-10.943133978999981],[-69.97424810399997,-10.949299227999973],[-69.95795860399994,-10.940850978999947],[-69.95397597799996,-10.92856560399997],[-69.93330085599996,-10.922221728999943],[-69.92067810499998,-10.933814978999976],[-69.90122172999997,-10.920561104999933],[-69.87344097899995,-10.931061978999935],[-69.86272260599998,-10.926828978999936],[-69.85827197999998,-10.934337353999979],[-69.85114447999996,-10.924576478999938],[-69.83159022999996,-10.933880229999943],[-69.81106747999996,-10.926001978999977],[-69.79430972999995,-10.934086978999972],[-69.76953772899998,-10.929936978999933],[-69.77308785399998,-10.940029728999946],[-69.75993460399997,-10.93951285399993],[-69.73764085499994,-10.974966602999928],[-69.72225697899995,-10.964724227999966],[-69.71685697899994,-10.975905103999935],[-69.70053447899994,-10.965526728999976],[-69.69731085499996,-10.972450103999961],[-69.65869460399995,-10.952563978999933],[-69.63359885499995,-10.957392728999935],[-69.62033685499995,-10.95006122899997],[-69.61047535399996,-10.957583228999965],[-69.60922397799999,-10.945667853999964],[-69.57584460499999,-10.942090478999944],[-69.22833197899996,-11.499824229999945],[-69.10344722899998,-11.681347728999981],[-68.96827160299995,-11.916314479999926],[-68.65227910299996,-12.502740354999958],[-68.66042760499994,-12.51940760499997],[-68.65551997799997,-12.53459335499997],[-68.66473322799999,-12.524222604999977],[-68.68137735299996,-12.52535697999997],[-68.67408547799994,-12.53246372999996],[-68.67447897799997,-12.552973604999977],[-68.69148135399996,-12.557262230999982],[-68.69930447899998,-12.572096354999928],[-68.69386347899996,-12.586605729999974],[-68.70141597999998,-12.579107355999952],[-68.71384085299997,-12.60411972999998],[-68.72415447899994,-12.602035354999941],[-68.73176097799995,-12.609912730999952],[-68.74058560299994,-12.632759480999937],[-68.73103622899998,-12.650896479999972],[-68.73380772799999,-12.667383730999973],[-68.71954735399999,-12.661224731999937],[-68.72830160299998,-12.671318354999926],[-68.71991785399996,-12.667027979999943],[-68.71192822899997,-12.680111605999969],[-68.73448710399998,-12.692118729999947],[-68.72513310499994,-12.697258354999974],[-68.74237060399997,-12.707991855999978],[-68.72790747899995,-12.713389106999955],[-68.76688535499994,-12.742194231999974],[-68.78045410399994,-12.73208210499996],[-68.78897435299996,-12.757794481999952],[-68.80395297899997,-12.756566480999936],[-68.80473347899994,-12.78357073099994],[-68.81801522899997,-12.790763230999971],[-68.80763110399994,-12.80861822999998],[-68.82435097899997,-12.804832105999935],[-68.83937285399998,-12.823896605999948],[-68.82912810399995,-12.828474354999969],[-68.83930485399998,-12.829631604999975],[-68.83094910299997,-12.841663230999927],[-68.84175297899998,-12.843487854999978],[-68.83479885299994,-12.857838855999944],[-68.85098310399997,-12.866436730999965],[-68.85853797899995,-12.858913604999941],[-68.87054385399995,-12.870093354999938],[-68.86408985399999,-12.874841981999964],[-68.87251147899997,-12.887513730999956],[-68.86610997899999,-12.89551548199995],[-68.87487272899995,-12.919232479999948],[-68.86130897799995,-12.926630854999928],[-68.87663047799998,-12.928677230999938],[-68.86612860299994,-12.931316854999977],[-68.87341435299999,-12.939762604999942],[-68.86021185399994,-12.947767605999957],[-68.87921497899998,-12.941758104999963],[-68.87598985299996,-12.978023980999978],[-68.86503810399995,-12.972014480999974],[-68.86232335399995,-12.981272355999977],[-68.87680197799995,-12.98718910599996],[-68.86837935399996,-12.990251856999976],[-68.87187322899996,-13.003925856999956],[-69.64722660599995,-13.341242230999967],[-70.40343322899997,-13.116934105999974]]]}},{"type":"Feature","properties":{"cod_regpol":"20R1","regionpol":"MOQUEGUA","tipo":"REGION POLICIAL"},"geometry":{"type":"Polygon","coordinates":[[[-70.90904997999996,-17.65105998399997],[-70.91249998199999,-17.687369984999975],[-70.95627997999998,-17.675959984999963],[-70.98316222999995,-17.684626984999966],[-70.99299623099995,-17.67911910899994],[-71.00334960499998,-17.68369923499995],[-71.01711322999995,-17.709210859999928],[-71.02691597999996,-17.70387498499997],[-71.05792397899995,-17.718075234999958],[-71.08333598099995,-17.717527360999952],[-71.08217585499995,-17.734617235999963],[-71.10113473099995,-17.739497984999957],[-71.12148985599998,-17.785629984999957],[-71.12140998099994,-17.803349984999954],[-71.13944335599996,-17.821482360999937],[-71.16874410599996,-17.809369109999977],[-71.19116998099997,-17.777347610999982],[-71.34919923199993,-17.693449234999946],[-71.36337498099994,-17.692652359999954],[-71.36819335699994,-17.70616210999998],[-71.38138673099996,-17.707347609999943],[-71.34108198099995,-17.636988234999933],[-71.36554685499993,-17.545363234999968],[-71.36295310599996,-17.48878510999998],[-71.38113873099996,-17.44998235999998],[-71.39435548099993,-17.389412109999967],[-71.41880472999998,-17.377486360999967],[-71.42466798099997,-17.36363285999994],[-71.43279098099998,-17.366648484999928],[-71.43139260599997,-17.35052348499994],[-71.44471473099998,-17.332236359999968],[-71.45810748099996,-17.332419984999945],[-71.46989060599998,-17.318818359999966],[-71.47688473199997,-17.322810483999945],[-71.47253710599995,-17.297158235999973],[-71.49079898099995,-17.285005609999928],[-71.46554998099998,-17.25450273499996],[-71.44095610699998,-17.25171660999996],[-71.42351535599994,-17.236616109999943],[-71.40858973099995,-17.209682483999927],[-71.35531610599998,-17.15127373399997],[-71.31632998099997,-17.124738734999937],[-71.30224610599998,-17.093851109999946],[-71.32469185599996,-17.06030848499995],[-71.31905360499997,-17.041454358999943],[-71.33942410599997,-17.021758983999973],[-71.35731510499994,-17.024354984999945],[-71.36523435499998,-17.014110608999943],[-71.38578798099996,-17.020501983999964],[-71.39488210599995,-16.992849358999933],[-71.39083098099997,-16.97806935999995],[-71.40457147999996,-16.95676423499998],[-71.46401973099995,-16.95646473499994],[-71.45984648099994,-16.937362608999933],[-71.42440035499999,-16.91831398499994],[-71.42248535599998,-16.896398483999974],[-71.44115448099996,-16.86310010899996],[-71.43550110599995,-16.836147358999938],[-71.44430548099996,-16.80467410899996],[-71.43360135599994,-16.78926848499998],[-71.42292785599994,-16.73789785899993],[-71.36444860599994,-16.720344483999952],[-71.35068510599996,-16.72739785899995],[-71.34698485599995,-16.742242983999972],[-71.32717135599995,-16.752445234999982],[-71.28909298199994,-16.726457608999965],[-71.28581235599995,-16.71635435999997],[-71.29601285699994,-16.706266358999926],[-71.28390497999999,-16.68223948399998],[-71.27915185499995,-16.615821858999936],[-71.26040647999997,-16.605201733999934],[-71.26284023099998,-16.584911233999946],[-71.24909972999995,-16.56410035899995],[-71.23749548199999,-16.514591233999965],[-71.24934385599994,-16.482358983999973],[-71.24210360599994,-16.463064233999944],[-71.21913910599994,-16.460565608999957],[-71.19702910599995,-16.47165873399996],[-71.13951873099995,-16.474973733999946],[-71.12472535599994,-16.46107298399994],[-71.10845948099995,-16.465705859999957],[-71.08193973099998,-16.456857733999982],[-71.07265485599999,-16.465755483999942],[-71.04719548099996,-16.454402983999955],[-71.03725785499995,-16.485685608999972],[-71.01924135599995,-16.486890733999928],[-71.01256560599995,-16.498578984999938],[-70.99345398099996,-16.49655335899996],[-70.97952273099997,-16.480573608999975],[-70.95608523099997,-16.47252085899993],[-70.95323185499996,-16.459947608999983],[-70.97561647999999,-16.418321608999975],[-70.96382910599993,-16.399740233999978],[-70.97509760499997,-16.39102935899996],[-70.96939860499998,-16.36960798399997],[-70.98628998099997,-16.309946107999963],[-70.94361110599993,-16.314405483999963],[-70.93910985599996,-16.298932983999975],[-70.91578673099997,-16.28240010899998],[-70.90146635499997,-16.27770235899993],[-70.88080598099998,-16.28454398399998],[-70.84447473099993,-16.235877984999945],[-70.86695860599997,-16.224584608999976],[-70.85388948099995,-16.196687732999976],[-70.86024472999998,-16.175571482999942],[-70.87859347999995,-16.166616483999974],[-70.86782835599996,-16.15386585899995],[-70.86711123099997,-16.128484733999926],[-70.89570610599998,-16.106281233999937],[-70.87506098099993,-16.094577733999927],[-70.87810510499997,-16.081443733999947],[-70.86680598099997,-16.080081982999957],[-70.85673522999997,-16.05633735799995],[-70.80451197999997,-16.05513398399995],[-70.80735773099997,-16.040828733999945],[-70.82094572999995,-16.029750857999943],[-70.81655885499998,-16.00275610899996],[-70.82860560499995,-15.999205606999965],[-70.82019810599996,-15.978467983999963],[-70.80750910499995,-15.988016982999966],[-70.79996960499994,-15.975963607999972],[-70.77596998099995,-16.013399983999932],[-70.74123997999999,-16.01617998399996],[-70.72210997999997,-16.034189857999934],[-70.66834997999996,-16.013389982999968],[-70.64082222899998,-15.987636733999977],[-70.62476998099999,-16.003019983999934],[-70.56288997999997,-15.982499982999968],[-70.52607547999997,-16.026723481999966],[-70.51032235499997,-16.029986358999963],[-70.50732423099998,-16.03814448299994],[-70.48255960499995,-16.039474858999938],[-70.46577897999998,-16.050369108999973],[-70.44746485699994,-16.034470732999978],[-70.44012473099997,-16.036751482999932],[-70.43428223099994,-16.061878358999934],[-70.40322872999997,-16.08723135899993],[-70.40830160499996,-16.120795733999955],[-70.40194210599998,-16.149029733999953],[-70.37375310499993,-16.175917357999936],[-70.36064272999994,-16.207792857999948],[-70.34027885499995,-16.200903357999948],[-70.32856010599994,-16.205411982999976],[-70.32651710499994,-16.23211185799994],[-70.34513485499997,-16.25610198399994],[-70.34028072999996,-16.270093233999944],[-70.34659547999996,-16.305602483999962],[-70.33875797999997,-16.322798358999933],[-70.34561072899999,-16.348139483999944],[-70.35660385499995,-16.36769873399993],[-70.37059510499995,-16.368650483999943],[-70.38225697999997,-16.38592373499995],[-70.35655372999997,-16.40027060899996],[-70.36088760499996,-16.41083135899993],[-70.32505172999998,-16.417524983999954],[-70.31673510499996,-16.44439860899996],[-70.30631385499998,-16.44720560899998],[-70.31340160499997,-16.46815298399997],[-70.30116997999994,-16.478671858999974],[-70.22866622999999,-16.506075732999932],[-70.20049485499999,-16.539589733999946],[-70.18477797799994,-16.53760860799997],[-70.17545560499997,-16.561530733999973],[-70.17624372999995,-16.594152983999948],[-70.16570597999998,-16.61332410899996],[-70.14876085499998,-16.61531335899997],[-70.13783235499994,-16.628574733999926],[-70.08784510399994,-16.655232233999982],[-70.04861160499996,-16.627707983999926],[-70.01323597999993,-16.64034298499996],[-69.99839060499994,-16.675148358999934],[-70.01136472999997,-16.686910359999956],[-70.01045310499995,-16.699896484999954],[-69.99691035499995,-16.710258108999938],[-69.99530235499998,-16.72858948499993],[-70.01021397999995,-16.74133948599996],[-70.03554197999995,-16.74288973399996],[-70.03220860499994,-16.75292485899996],[-70.05712497899998,-16.77016410899995],[-70.05781635499994,-16.78781248399997],[-70.09031385499998,-16.810854733999975],[-70.09427885399998,-16.890924858999938],[-70.10559747999997,-16.897263733999978],[-70.11634972999997,-16.922163483999952],[-70.14662498099995,-16.93873048399996],[-70.14837222899996,-16.921869732999937],[-70.17368935499996,-16.91223235999996],[-70.18128922999995,-16.932119609999972],[-70.21801335499998,-16.94635248399993],[-70.22703335499995,-16.95935535999996],[-70.25245322999996,-16.94471248399998],[-70.25906635499996,-16.902033234999976],[-70.24121072999998,-16.856918108999935],[-70.22474460499996,-16.85706585899993],[-70.21686522999994,-16.84331448399996],[-70.18406722999998,-16.83468748399997],[-70.18255960499994,-16.81650685799997],[-70.24730047999998,-16.80246485899994],[-70.26657497999997,-16.770833482999933],[-70.29185685499993,-16.781345232999968],[-70.31129497999996,-16.773300733999974],[-70.37279497899993,-16.798179733999973],[-70.38523047999996,-16.815871109999932],[-70.44068935499996,-16.840046857999937],[-70.45096685599998,-16.861816483999974],[-70.44157422899997,-16.892404357999965],[-70.45175198099997,-16.900005733999933],[-70.45919135399998,-16.92273823499994],[-70.45365760499993,-16.929745734999926],[-70.46501685499999,-16.94443410899993],[-70.44319922999995,-16.964277358999936],[-70.46315847999995,-17.004367483999943],[-70.43920122999998,-17.050363234999963],[-70.44873935499999,-17.080669108999928],[-70.49131360499996,-17.090208485999938],[-70.52114060499997,-17.158234358999948],[-70.55505047999998,-17.197663233999947],[-70.57250785399998,-17.19410935999997],[-70.60997835499995,-17.214503858999933],[-70.65109347999999,-17.20917535899997],[-70.68409073099997,-17.224264733999973],[-70.70427910499996,-17.267205109999963],[-70.71591710499996,-17.273652109999944],[-70.70565223099999,-17.291179734999957],[-70.73386823099997,-17.323191109999982],[-70.74670285499997,-17.351353608999943],[-70.75240410499998,-17.38057335999997],[-70.73671997999998,-17.408279983999932],[-70.75462960599998,-17.437578108999958],[-70.77997997999995,-17.45059998399995],[-70.87995997999997,-17.555669984999952],[-70.90904997999996,-17.65105998399997]]]}},{"type":"Feature","properties":{"cod_regpol":"08R2","regionpol":"PASCO","tipo":"REGION POLICIAL"},"geometry":{"type":"Polygon","coordinates":[[[-76.27823860999996,-10.943336728999952],[-76.26562711099996,-10.958566102999953],[-76.27294773599994,-10.970507478999934],[-76.26643273599996,-10.992389603999982],[-76.25567111099997,-11.00239510299997],[-76.25995148499999,-11.015006478999965],[-76.25344311099997,-11.022878478999928],[-76.25966785999998,-11.027401853999947],[-76.23957035999996,-11.049199103999968],[-76.25014998599994,-11.105199978999963],[-76.21462998599998,-11.150309978999928],[-76.22715998599995,-11.155769979999945],[-76.24152998499994,-11.143099978999942],[-76.25776998499998,-11.151749979999977],[-76.30790035999996,-11.132664103999957],[-76.31807023499994,-11.091642603999958],[-76.33550973599995,-11.082533228999978],[-76.35095898599997,-11.09419335399997],[-76.38949611099997,-11.070988228999965],[-76.43366210999994,-11.080093728999941],[-76.44680661099994,-11.07124735399998],[-76.46119723499999,-11.084128853999971],[-76.49352348599996,-11.088599603999967],[-76.51467973499996,-11.068712853999955],[-76.53299023599999,-11.03412697899995],[-76.57894598599995,-11.014776978999976],[-76.58160348599995,-10.984984352999959],[-76.56502123599995,-10.963932228999965],[-76.58387760999994,-10.853608727999926],[-76.60157673599997,-10.815868353999974],[-76.61772373599996,-10.814592103999928],[-76.63348648699997,-10.78452847899996],[-76.62784886099996,-10.765960477999954],[-76.64224086099995,-10.74639835399995],[-76.65943298599996,-10.687925478999944],[-76.67095386099999,-10.67781397799996],[-76.65565536099996,-10.646781852999936],[-76.67557361199994,-10.621372478999945],[-76.67270311099998,-10.609890227999927],[-76.68586230799997,-10.581457150999938],[-76.70371969999997,-10.588593548999938],[-76.71018798599994,-10.54074060299996],[-76.73024061099994,-10.508402603999969],[-76.72915071799997,-10.479066057999944],[-76.71566373699994,-10.462464853999961],[-76.70087561099996,-10.461008727999968],[-76.69681998599998,-10.442486352999936],[-76.66524848599994,-10.438556603999928],[-76.64897623599995,-10.415835977999961],[-76.62039423599998,-10.415248102999954],[-76.59335898599994,-10.401493978999952],[-76.59338048599994,-10.387240228999929],[-76.57925361199995,-10.37587485299997],[-76.55824373599995,-10.39342972999998],[-76.55188048599996,-10.384644478999974],[-76.53189536099995,-10.386872977999928],[-76.52383998599998,-10.37721597899997],[-76.49094111099998,-10.378896477999945],[-76.48658173599995,-10.352435602999947],[-76.47280436099999,-10.337767602999975],[-76.49397611099994,-10.310531227999945],[-76.42493998599997,-10.319219977999978],[-76.40067998499995,-10.308429977999936],[-76.38721998699998,-10.289289977999942],[-76.36449998599994,-10.299469977999934],[-76.33578998599995,-10.286319978999927],[-76.32575998499993,-10.305529977999981],[-76.33067986099996,-10.31611997899995],[-76.31694010999996,-10.340229977999968],[-76.32340998599994,-10.359579978999932],[-76.30551711099997,-10.41254472999998],[-76.28528748599996,-10.416419977999965],[-76.27470536099997,-10.402464727999927],[-76.26947686099999,-10.368988228999967],[-76.22632998599994,-10.396929976999957],[-76.23088861099995,-10.371790976999932],[-76.20416985999998,-10.376865228999975],[-76.20716998599994,-10.388709978999941],[-76.18539673599997,-10.39546310299994],[-76.17194923599999,-10.411546853999937],[-76.14448048499997,-10.408116478999943],[-76.12963085899997,-10.430800726999962],[-76.11880473499997,-10.426373101999957],[-76.10418748499995,-10.435546852999948],[-76.09289248599998,-10.42928122799998],[-76.07826873499994,-10.434153729999935],[-76.07828323599995,-10.451988228999937],[-76.05703710999995,-10.465419976999954],[-76.03922260999997,-10.454577977999975],[-76.02493985899997,-10.467438978999951],[-76.01133473599998,-10.454897477999964],[-76.00279098499993,-10.48889072999998],[-75.97581010999994,-10.479336352999951],[-75.92953998499996,-10.41517997799997],[-75.92458998499995,-10.404039978999947],[-75.93453985999997,-10.374979978999932],[-75.92440998399996,-10.356029976999935],[-75.85972698499995,-10.30283835399996],[-75.85536998599997,-10.40592997799996],[-75.85893998499995,-10.441549977999955],[-75.86989635999998,-10.455373351999981],[-75.85221873399996,-10.443701228999942],[-75.81916235999995,-10.439646728999946],[-75.80821510999994,-10.45737685399996],[-75.79798735999998,-10.437441728999943],[-75.77820710999998,-10.441406852999933],[-75.76683061099999,-10.432477478999942],[-75.74524973499996,-10.44029072799998],[-75.72442860999996,-10.42938647799997],[-75.69278085999997,-10.441097727999932],[-75.69293848499996,-10.44945797899993],[-75.66910410999998,-10.457540352999956],[-75.66482048599994,-10.47040560399995],[-75.67653786099999,-10.518432977999964],[-75.66098373499995,-10.552245853999977],[-75.67074373499997,-10.566314104999947],[-75.66700748399995,-10.578437852999969],[-75.67836810999995,-10.611930602999962],[-75.65242448399994,-10.630697353999949],[-75.64005036099996,-10.62987235299994],[-75.63425498499998,-10.620063852999976],[-75.62033298499995,-10.628270352999948],[-75.61236648399995,-10.620555227999944],[-75.60112373499999,-10.63164872699997],[-75.59436236099998,-10.628399102999936],[-75.58118148499995,-10.649152103999938],[-75.55684510999998,-10.637050101999932],[-75.54310110999995,-10.63941897899997],[-75.53750235999996,-10.654771478999976],[-75.54851685999995,-10.673149602999956],[-75.53199273399997,-10.68280335299994],[-75.51155248499998,-10.68280335299994],[-75.52146998499995,-10.738489977999961],[-75.55365998599996,-10.745249977999947],[-75.56812060999994,-10.727157728999941],[-75.58409585999993,-10.801567103999957],[-75.60662173499998,-10.823115977999976],[-75.64976998499998,-10.82337997999997],[-75.67854998599995,-10.84017997899997],[-75.69296286099996,-10.835138728999937],[-75.69325260999994,-10.817219353999974],[-75.73280685999998,-10.809264477999932],[-75.75856998399996,-10.830089978999979],[-75.78913998499996,-10.825269977999938],[-75.81544748499994,-10.84698160499994],[-75.81557886099995,-10.87249322699995],[-75.83696798499994,-10.886036728999954],[-75.85825935899999,-10.867856977999963],[-75.86478185999994,-10.87658597899997],[-75.87606998499996,-10.867495229999975],[-75.91316023599995,-10.872001102999945],[-75.93592385999995,-10.889722603999928],[-75.93714648499997,-10.871507852999969],[-75.99476098499997,-10.820957352999926],[-76.04550998499997,-10.88073997899994],[-76.08213998499997,-10.895139977999975],[-76.12292998499998,-10.96263997899996],[-76.12252535899995,-10.95233997899993],[-76.14623823499994,-10.945814477999932],[-76.19090423499995,-10.96031047899993],[-76.21284373499998,-10.932372978999979],[-76.20979685999998,-10.918966728999976],[-76.22919723499996,-10.91558985499995],[-76.24946486099998,-10.924531228999967],[-76.26589648599997,-10.920122977999938],[-76.26222660999997,-10.908970728999975],[-76.27003510999998,-10.916535103999934],[-76.28169723699995,-10.913917978999962],[-76.27823860999996,-10.943336728999952]]]}},{"type":"Feature","properties":{"cod_regpol":"16R1","regionpol":"PIURA","tipo":"REGION POLICIAL"},"geometry":{"type":"Polygon","coordinates":[[[-81.02773063699993,-5.8264058239999486],[-80.96835548999996,-5.844623098999932],[-80.94314448899996,-5.845679723999979],[-80.89148823999994,-5.809820348999949],[-80.86708234599996,-5.7702997729999765],[-80.85523436499994,-5.724857473999975],[-80.85511523999998,-5.625240222999935],[-80.90183258399998,-5.503852220999931],[-80.94954886499994,-5.432999973999927],[-81.06403511499997,-5.322585973999935],[-81.09183986499994,-5.308371099999931],[-81.10777148999995,-5.315242222999927],[-81.13841369699998,-5.263187217999928],[-81.19287575499999,-5.216893271999936],[-81.18914441499999,-5.194311143999926],[-81.17338421399995,-5.1838318509999795],[-81.16757851699998,-5.16778454599995],[-81.17963678999996,-5.132452184999977],[-81.16051271099997,-5.123481381999966],[-81.16805722699996,-5.081149108999966],[-81.15992721199996,-5.072677917999954],[-81.14768323399994,-5.0791434899999786],[-81.13235642999996,-5.069668242999967],[-81.11452791399995,-5.083925416999932],[-81.08813834499995,-5.080410997999934],[-81.06200586499995,-5.04928122299998],[-81.06353165999997,-5.017911045999938],[-81.08784961499998,-4.965351597999927],[-81.32825791699997,-4.68246843999998],[-81.32731657699998,-4.669160605999934],[-81.30864781999998,-4.659977721999951],[-81.28641872799994,-4.5753690199999255],[-81.27454817299997,-4.571563070999957],[-81.28208927399999,-4.532017984999925],[-81.30454429099996,-4.4800906799999325],[-81.30036089799995,-4.4591344969999795],[-81.27368649599998,-4.444579859999976],[-81.25536732199998,-4.399395144999971],[-81.25051020299998,-4.3507406779999656],[-81.26087710899998,-4.309178073999931],[-81.25403418499997,-4.274197707999974],[-81.23912496799994,-4.25070913199994],[-81.22304837799999,-4.2478356249999365],[-81.20405849199994,-4.2272616819999485],[-81.17765737799994,-4.217143128999965],[-81.14763993499997,-4.180185688999927],[-81.12971109399996,-4.175012619999961],[-81.10007173099996,-4.1281793429999425],[-81.05609567699997,-4.104903053999976],[-81.04163273699999,-4.082784345999926],[-81.01833238299997,-4.113659266999946],[-81.00091769899996,-4.1124507899999685],[-80.97272820899997,-4.127656785999932],[-80.96055018599998,-4.148950336999974],[-80.97174837499995,-4.166925502999959],[-80.96532045099997,-4.174394738999979],[-80.94451062899998,-4.16869160899995],[-80.93211319599999,-4.179097341999977],[-80.92544880499997,-4.169021294999936],[-80.87176738199997,-4.19233251299994],[-80.83801460299998,-4.1898141029999465],[-80.80441873699993,-4.176137816999926],[-80.78390220999995,-4.180637421999961],[-80.76682542099996,-4.174057493999953],[-80.74450043399997,-4.183894553999949],[-80.73638712599995,-4.177195346999952],[-80.72107085699997,-4.194022728999926],[-80.69585557699997,-4.188956171999962],[-80.64567197599996,-4.229214805999959],[-80.62342105299996,-4.231516850999981],[-80.60466260199996,-4.210382306999975],[-80.59027737799994,-4.214119489999973],[-80.58780451899997,-4.198628105999944],[-80.56193208099995,-4.176176060999978],[-80.52215469999999,-4.102339042999972],[-80.48769409599998,-4.082566386999929],[-80.46384573899996,-4.11580072199996],[-80.46696273899994,-4.127859346999969],[-80.44700973899995,-4.121150222999972],[-80.44931248999995,-4.209335972999952],[-80.43113861399996,-4.1960644729999785],[-80.40927736399993,-4.218535097999961],[-80.36778123899995,-4.19743159799998],[-80.35267973899994,-4.220701222999935],[-80.33978911399998,-4.20838084899998],[-80.32937111399997,-4.214577972999962],[-80.31386523899994,-4.1985527229999775],[-80.30999611399994,-4.20381834799997],[-80.36724998999995,-4.269949347999955],[-80.36717573999994,-4.282050722999941],[-80.39079686399998,-4.29576759899993],[-80.42356836399995,-4.330984347999959],[-80.45331048899999,-4.383435596999959],[-80.44601948899998,-4.393648473999974],[-80.45388286399998,-4.407648473999927],[-80.44913473899999,-4.447611222999967],[-80.41951173899997,-4.466884722999964],[-80.41666798899996,-4.460050723999927],[-80.39164261399998,-4.48556247199997],[-80.38051761499997,-4.476749972999926],[-80.36131448899994,-4.47989459799993],[-80.29198636399997,-4.437230472999943],[-80.29554886499994,-4.423966847999964],[-80.27708398899995,-4.404099597999959],[-80.26205473899995,-4.4104335979999405],[-80.24735936499997,-4.391238222999959],[-80.23468948799996,-4.387011722999944],[-80.23176186299997,-4.372810472999959],[-80.22048236399996,-4.378121097999951],[-80.21828911399996,-4.3534668479999254],[-80.21135348899998,-4.359249972999976],[-80.20807611399994,-4.351546847999941],[-80.19637111399999,-4.3505742219999775],[-80.20547848899997,-4.338671848999979],[-80.18685548899998,-4.335113222999951],[-80.17916411499994,-4.297507846999963],[-80.16478511399998,-4.289902347999941],[-80.16581248799997,-4.300703098999975],[-80.15541411299995,-4.304339847999927],[-80.13627923899998,-4.285164097999939],[-80.13496098899998,-4.296283222999932],[-80.10863286399996,-4.298150347999979],[-80.10424023799999,-4.290956971999947],[-80.06147648799998,-4.310220723999976],[-80.03449998999997,-4.3487460979999355],[-79.96297848899997,-4.3944842229999495],[-79.93866986399996,-4.396710973999973],[-79.91927911399995,-4.385429722999959],[-79.87064448899997,-4.413310597999953],[-79.85405473899993,-4.434466846999953],[-79.85300386399996,-4.451312472999973],[-79.81301761399999,-4.491101597999943],[-79.79015823899994,-4.492736348999927],[-79.72591986399993,-4.469849597999939],[-79.70626948899996,-4.47074022299995],[-79.68225198899995,-4.447880847999954],[-79.64377936399995,-4.433420097999942],[-79.60165036399997,-4.456279347999953],[-79.56339061399996,-4.514269472999956],[-79.55252923899997,-4.51396097199995],[-79.54163086399996,-4.52673047299993],[-79.52077923899998,-4.526449222999929],[-79.50928911299997,-4.517839847999937],[-79.49042973899998,-4.5281503489999295],[-79.47801948899996,-4.5678495979999525],[-79.49521098899999,-4.5798984729999574],[-79.48824998899994,-4.625990222999974],[-79.46446098899997,-4.650460973999941],[-79.45594923799996,-4.704220722999935],[-79.43043961399997,-4.740009722999957],[-79.39249998799994,-4.831640597999979],[-79.36530273799997,-4.836330097999962],[-79.34814648799994,-4.883921847999943],[-79.32411911299994,-4.8847402229999375],[-79.30169136299997,-4.904119097999967],[-79.26550973799993,-4.9671699729999546],[-79.20987386299998,-4.9655074729999455],[-79.22206086299997,-4.982381597999961],[-79.21295578599995,-5.001332499999933],[-79.22591000599994,-5.047400706999952],[-79.27291030499998,-5.058483218999925],[-79.27360093499993,-5.073709072999975],[-79.29612755799997,-5.101599820999979],[-79.29512851899995,-5.110764820999975],[-79.33028278099994,-5.124296890999972],[-79.34167817799994,-5.140293711999959],[-79.34436898899997,-5.165843989999928],[-79.36871849299996,-5.175249031999954],[-79.37836615199996,-5.189976023999975],[-79.36971942299994,-5.213004421999926],[-79.34884144999995,-5.233826732999944],[-79.34730797599997,-5.252447540999981],[-79.36087674999999,-5.276973988999941],[-79.34482833299995,-5.3076311199999395],[-79.32769560499997,-5.316737313999965],[-79.33053904699995,-5.331559754999944],[-79.32020951999993,-5.36213708899993],[-79.30853872499995,-5.365398063999976],[-79.30546114599997,-5.42701262099996],[-79.29459018199998,-5.439889584999946],[-79.29927075499995,-5.460004405999939],[-79.28056924399993,-5.486612936999961],[-79.27639237399995,-5.519946968999932],[-79.28624023799995,-5.525580098999967],[-79.31007036399996,-5.519769473999929],[-79.32896098799995,-5.53508009899997],[-79.38713086299998,-5.521919848999971],[-79.39937745399999,-5.534831507999968],[-79.37151159099994,-5.600866251999946],[-79.38482398599996,-5.681565297999953],[-79.39963255399994,-5.703994399999942],[-79.39869503599994,-5.771912991999955],[-79.39012298999995,-5.79207718899994],[-79.37620091199994,-5.800414829999966],[-79.37650297199997,-5.824331164999933],[-79.35072928399995,-5.85498972299996],[-79.35250884299995,-5.871699640999964],[-79.33347525699998,-5.894151112999964],[-79.35958198899993,-5.919539098999962],[-79.36189061299996,-5.932759722999947],[-79.39835936199995,-5.949929723999958],[-79.41860936299997,-5.97009959899998],[-79.46250961399994,-5.944849599999941],[-79.47005073799994,-5.928080098999942],[-79.49849998899998,-5.915140598999926],[-79.51396098999999,-5.920980473999975],[-79.52763086399995,-5.912871098999972],[-79.55380073899994,-5.938310598999976],[-79.59583011399997,-5.933619098999941],[-79.60132023899996,-5.939539098999944],[-79.61110736399996,-5.923462848999975],[-79.61324023899994,-5.895539098999961],[-79.62622061399998,-5.888119098999937],[-79.62993948999997,-5.8630194749999305],[-79.63741011399998,-5.8594199729999445],[-79.62874998899997,-5.851609349999933],[-79.63224998899994,-5.829929723999953],[-79.62320898999997,-5.82140034899993],[-79.62258398899996,-5.797572223999964],[-79.63097261399997,-5.796380848999945],[-79.63536723799996,-5.809001972999965],[-79.68271098899999,-5.846445347999975],[-79.73687698899994,-5.838197222999952],[-79.73931636399999,-5.7995878479999305],[-79.71662298999996,-5.741556598999978],[-79.74819336399997,-5.710181598999952],[-79.76641611399998,-5.70825197399995],[-79.74444911399996,-5.677113223999925],[-79.79025973899996,-5.645726598999943],[-79.80500973899996,-5.646414098999969],[-79.81900961399998,-5.664822223999977],[-79.85233986299994,-5.603581973999951],[-79.86441986399996,-5.563419972999952],[-79.85399611399998,-5.530744098999946],[-79.90154298899995,-5.481017598999927],[-79.90484586399998,-5.493414098999949],[-79.94587298899995,-5.514996097999926],[-79.96052348899997,-5.581623098999955],[-80.00100386399998,-5.585341848999974],[-80.05283694799994,-5.563572663999935],[-80.05697460699997,-5.618486059999952],[-80.06995891999998,-5.646170674999951],[-80.07105335299997,-5.673253921999958],[-80.06106673899995,-5.684399607999978],[-80.06637196199995,-5.6982112389999315],[-80.09517055199996,-5.702607987999954],[-80.09114738899996,-5.726861246999931],[-80.10293466299998,-5.761498074999963],[-80.09236894099996,-5.79509126399995],[-80.05298436499999,-5.811244098999964],[-80.05779298899995,-5.818806599999959],[-80.10607223999995,-5.867449223999927],[-80.12010161399996,-5.872218723999936],[-80.12384761399994,-5.89131059999994],[-80.19617773899995,-5.8920878489999495],[-80.27875198899994,-5.919992223999941],[-80.33471286399998,-5.95390434899997],[-80.62713286499996,-6.372080099999948],[-80.78380473999994,-6.298964847999969],[-80.89453911499999,-6.203345723999973],[-81.05566211599995,-6.105652348999968],[-81.11149799099996,-6.061941348999937],[-81.14925973899994,-5.981240223999976],[-81.14928911499999,-5.88923047399993],[-81.12851361499997,-5.864464848999944],[-81.12351361399999,-5.84297259899995],[-81.09746098899996,-5.838173723999944],[-81.08370915699999,-5.7917420559999755],[-81.07073436499996,-5.785835973999951],[-81.05130301099996,-5.796475525999938],[-81.02773063699993,-5.8264058239999486]],[[-81.24991571799995,-4.638474839999958],[-81.24991572000432,-4.638474841938824],[-81.24993956999998,-4.638506315999962],[-81.24991571799995,-4.638474839999958]]]}},{"type":"Feature","properties":{"cod_regpol":"18R1","regionpol":"PUNO","tipo":"REGION POLICIAL"},"geometry":{"type":"MultiPolygon","coordinates":[[[[-70.18550460499995,-16.53719498499993],[-70.20049485499999,-16.539589733999946],[-70.22866622999999,-16.506075732999932],[-70.30116997999994,-16.478671858999974],[-70.31340160499997,-16.46815298399997],[-70.30631385499998,-16.44720560899998],[-70.31673510499996,-16.44439860899996],[-70.32505172999998,-16.417524983999954],[-70.36088760499996,-16.41083135899993],[-70.35655372999997,-16.40027060899996],[-70.38225697999997,-16.38592373499995],[-70.37059510499995,-16.368650483999943],[-70.35660385499995,-16.36769873399993],[-70.34561072899999,-16.348139483999944],[-70.33875797999997,-16.322798358999933],[-70.34659547999996,-16.305602483999962],[-70.34028072999996,-16.270093233999944],[-70.34513485499997,-16.25610198399994],[-70.32403322999994,-16.21787223399997],[-70.33459660499994,-16.201568108999936],[-70.36227935499994,-16.206498608999937],[-70.37375310499993,-16.175917357999936],[-70.40194210599998,-16.149029733999953],[-70.40830160499996,-16.120795733999955],[-70.40322872999997,-16.08723135899993],[-70.43428223099994,-16.061878358999934],[-70.44112135499995,-16.03581423399993],[-70.46577897999998,-16.050369108999973],[-70.48255960499995,-16.039474858999938],[-70.50732423099998,-16.03814448299994],[-70.51032235499997,-16.029986358999963],[-70.52607547999997,-16.026723481999966],[-70.56288997999997,-15.982499982999968],[-70.62476998099999,-16.003019983999934],[-70.64082222899998,-15.987636733999977],[-70.66834997999996,-16.013389982999968],[-70.72210997999997,-16.034189857999934],[-70.74123997999999,-16.01617998399996],[-70.77596998099995,-16.013399983999932],[-70.79996960499994,-15.975963607999972],[-70.80750910499995,-15.988016982999966],[-70.84130860599998,-15.971826608999947],[-70.83219922999996,-15.949095732999979],[-70.84327697999998,-15.923255858999937],[-70.86578360499993,-15.889386108999929],[-70.89291385499996,-15.888401982999937],[-70.89006810499995,-15.851938233999931],[-70.94226835499995,-15.774924232999979],[-70.93321985499995,-15.770673733999956],[-70.92263035599996,-15.746190983999952],[-70.90475460699997,-15.73733998199998],[-70.89992510599996,-15.717626606999943],[-70.91786198099999,-15.686342231999959],[-70.91798397999997,-15.643800732999978],[-70.93916322999996,-15.618023859999937],[-70.98236847999993,-15.59804348299997],[-71.00618748099998,-15.56904310799996],[-71.00719447999995,-15.542949731999954],[-71.01835635499998,-15.529378982999958],[-71.00803373099995,-15.519240357999934],[-71.01815035599998,-15.502046607999944],[-71.01608273099998,-15.49077985799994],[-70.99262235599997,-15.46050835799997],[-71.00530248099994,-15.442171107999968],[-71.02712248099994,-15.432039232999955],[-71.03867335699994,-15.407150232999982],[-71.03641685499997,-15.391950607999945],[-71.01988198099997,-15.37325898399996],[-71.00611897999994,-15.33522735799994],[-70.98511335599994,-15.316676607999966],[-70.95905835599996,-15.319051607999938],[-70.95003222999998,-15.30037060799998],[-70.95490785599998,-15.286861857999952],[-70.97439360499999,-15.274151733999929],[-70.98528060399997,-15.249029607999944],[-70.96250248099994,-15.215636857999982],[-70.98200973099995,-15.149451982999949],[-70.97864185599997,-15.111367857999937],[-70.99413885499996,-15.094801856999936],[-70.99338347999998,-15.03581485799998],[-71.00420635599994,-14.998656731999972],[-71.00405010599997,-14.97187723299993],[-70.98474035599997,-14.94606848199993],[-70.99597335599998,-14.893905231999952],[-70.99136785499996,-14.861269357999959],[-70.99659185399997,-14.843943482999975],[-70.99467548099994,-14.829898982999964],[-70.97832660599994,-14.824154606999969],[-70.98370898099995,-14.78603123199997],[-70.97488960599998,-14.766339356999936],[-70.98152860599998,-14.755488232999937],[-71.01309347999995,-14.739693856999963],[-71.02776348099997,-14.760074982999981],[-71.03569385599997,-14.752117357999964],[-71.05324048099999,-14.754330482999933],[-71.08951035599995,-14.71318810699995],[-71.08804298099994,-14.695701106999934],[-71.11010698099994,-14.673537106999959],[-71.11809173099994,-14.647949857999947],[-71.10911848099994,-14.633950856999945],[-71.07390485599996,-14.631446481999944],[-71.03104197999994,-14.593262606999929],[-71.01005310599999,-14.597541981999939],[-71.02043073099998,-14.58534548199998],[-71.01471035599997,-14.577978481999935],[-70.99954285499996,-14.572301482999933],[-70.97770323099996,-14.583021106999979],[-70.96611648099997,-14.568335981999951],[-70.99934885599998,-14.502638106999939],[-70.98658535599998,-14.49871798199996],[-70.98797260499998,-14.455320355999959],[-70.96235298099998,-14.444538981999926],[-70.98582085599998,-14.406725606999942],[-70.97869160499994,-14.394484356999953],[-70.98603597999994,-14.379762481999933],[-70.97048248099998,-14.378283857999975],[-70.96208497999999,-14.361168231999955],[-70.92977272999997,-14.340878232999955],[-70.91218210499994,-14.341473106999956],[-70.91345685699997,-14.30331948199995],[-70.89282273199996,-14.28667185699993],[-70.89098935699997,-14.272714981999968],[-70.87991460399996,-14.270434106999971],[-70.88216497999997,-14.25346523199994],[-70.89979260499996,-14.232986230999927],[-70.89457972999998,-14.209108607999951],[-70.88214385599997,-14.198785606999934],[-70.88939347999997,-14.187038856999948],[-70.88661010599998,-14.172314355999958],[-70.86733797999995,-14.169561230999932],[-70.84625972999999,-14.148899106999977],[-70.82114447999999,-14.141146857999956],[-70.80613010599996,-14.120320106999941],[-70.80561022999996,-14.09928435699993],[-70.79004297999995,-14.08096835699996],[-70.79588285399996,-14.072119106999935],[-70.81791472999998,-14.067582856999934],[-70.82947173099996,-14.076336856999944],[-70.83166598199995,-14.061521482999979],[-70.84952410499994,-14.054171480999969],[-70.86039110599995,-14.030841856999928],[-70.85353460499994,-14.012859356999968],[-70.84036222999998,-14.008167106999963],[-70.85263610599998,-13.99819673199994],[-70.84627560599995,-13.963541230999965],[-70.80967285499997,-13.912264230999938],[-70.81418423099996,-13.901128356999948],[-70.83085960599993,-13.895075107999958],[-70.82562473099995,-13.878053731999955],[-70.83242035499995,-13.856872479999936],[-70.85416060599994,-13.85354823199998],[-70.87513585599999,-13.838986106999926],[-70.88004797999997,-13.817367856999965],[-70.85392648099997,-13.798604981999972],[-70.84908285499995,-13.815299229999937],[-70.82840035599997,-13.827630855999928],[-70.76772660499995,-13.814384730999961],[-70.73221685499993,-13.823449230999927],[-70.70918572999994,-13.843148480999957],[-70.69885823099997,-13.803167606999978],[-70.71386397999999,-13.772801355999945],[-70.72209147999996,-13.770641980999926],[-70.71870210499998,-13.764901857999973],[-70.73537572999999,-13.735299355999928],[-70.73586685599997,-13.712450356999966],[-70.72123510599994,-13.700155606999942],[-70.71512885499999,-13.662253980999935],[-70.68951997899995,-13.652593105999927],[-70.66280698099996,-13.660567105999974],[-70.61619085599995,-13.609062482999946],[-70.58860422999999,-13.598584480999932],[-70.57787010499999,-13.585841105999975],[-70.54362547999995,-13.577635230999931],[-70.54659772999997,-13.54984335599994],[-70.53887360499994,-13.531256730999928],[-70.48879472999994,-13.50038073099995],[-70.45261797999996,-13.447918355999946],[-70.47182698099994,-13.439927980999926],[-70.44264598099994,-13.395405480999955],[-70.45111585499995,-13.36516973199997],[-70.41982535499994,-13.358553730999972],[-70.39950035499999,-13.371643605999964],[-70.39273110499994,-13.344771856999955],[-70.40250260499994,-13.329410480999968],[-70.39559872999996,-13.316665480999973],[-70.36805747999995,-13.307072480999977],[-70.34584660499996,-13.312746105999963],[-70.34664810499999,-13.295187230999943],[-70.37083747999998,-13.276411355999926],[-70.40535235499993,-13.26940848099997],[-70.42295497999999,-13.254719105999982],[-70.41630885499995,-13.24260710699997],[-70.39062648099997,-13.232108480999955],[-70.38446385499998,-13.204735854999967],[-70.38557685499995,-13.167038979999973],[-70.40122710499998,-13.15322998199997],[-70.38966210399997,-13.131538355999965],[-70.40904060599996,-13.138859730999968],[-70.41769510499995,-13.133089979999966],[-70.40440672899996,-13.126084606999939],[-70.40286810499998,-13.114412855999944],[-69.64986322899995,-13.341716855999948],[-68.87187322899996,-13.003925856999956],[-68.87115735399993,-13.018605605999937],[-68.85317560399994,-13.01590048099996],[-68.86678122899997,-13.03087860599993],[-68.85166385299993,-13.032449980999957],[-68.85011235399998,-13.047985104999952],[-68.86300185299996,-13.047428105999927],[-68.85417010399993,-13.059860104999927],[-68.86910847899998,-13.081501855999932],[-68.85979935399996,-13.095664479999982],[-68.86638335499998,-13.110980730999927],[-68.85924247899999,-13.11328810599997],[-68.87310660399999,-13.113089230999947],[-68.86596572899998,-13.119295355999952],[-68.87801972899996,-13.136202855999954],[-68.86769610299996,-13.13439285499993],[-68.86990422899999,-13.14893335599993],[-68.85808872899997,-13.150524605999976],[-68.87085897799994,-13.168028980999964],[-68.85679585299994,-13.16995848099998],[-68.86113210399998,-13.183484480999937],[-68.87213197899996,-13.181356105999953],[-68.85222085399994,-13.21069573099993],[-68.85466747899994,-13.216881980999972],[-68.86139072799995,-13.212446230999944],[-68.86274335399997,-13.225017479999963],[-68.85379585299995,-13.222090603999959],[-68.85752722899997,-13.23500698099997],[-68.84528747799999,-13.246693105999952],[-68.85951585299995,-13.255960105999975],[-68.85291422799997,-13.261393105999957],[-68.85933135199997,-13.26719523099996],[-68.84901885299996,-13.269614481999952],[-68.86191460399994,-13.271275230999947],[-68.85691222899999,-13.293991356999982],[-68.86840035399996,-13.29982623099994],[-68.85940622799995,-13.312287104999939],[-68.87878785499998,-13.329377980999936],[-68.86802535399994,-13.333501981999973],[-68.87899810399995,-13.344402355999932],[-68.86700197899995,-13.350767605999977],[-68.87536722899995,-13.353882855999927],[-68.86879685399998,-13.35924223099994],[-68.88846285299996,-13.371912105999968],[-68.88315610199999,-13.381406230999971],[-68.89167772899998,-13.383185605999927],[-68.88458197899996,-13.39309760599997],[-68.89469735499995,-13.40170935599997],[-68.88532797899995,-13.404436105999935],[-68.89774997899997,-13.413263731999962],[-68.88948635299994,-13.435396480999941],[-68.90051947799998,-13.435220731999948],[-68.89879685499994,-13.446712857999955],[-68.90599810299994,-13.437068230999955],[-68.89607622799997,-13.461259729999938],[-68.90599022899994,-13.456671855999957],[-68.90144335399998,-13.470449230999975],[-68.90833197899997,-13.469539105999957],[-68.90548247899994,-13.475386730999958],[-68.91675772899998,-13.484271106999927],[-68.90742922899994,-13.489089106999927],[-68.92194472899996,-13.510103730999958],[-68.91454347899997,-13.512543480999966],[-68.91933785299994,-13.525328104999971],[-68.92206772899993,-13.517279480999946],[-68.93516860499994,-13.529088730999945],[-68.94082710299995,-13.52228185599995],[-68.93561960299996,-13.534747231999972],[-68.94951560499999,-13.55153323299993],[-68.94580472899997,-13.56857797999993],[-68.95805860399997,-13.589812480999967],[-68.95247260399998,-13.604400356999975],[-68.97223635299997,-13.601390605999939],[-68.97243560299995,-13.611107481999966],[-69.00504497899993,-13.624119104999977],[-68.99020310299994,-13.634894481999936],[-68.99578910399998,-13.652390606999973],[-69.02032922799998,-13.657632855999964],[-69.02504885499997,-13.650749980999933],[-69.03300385399996,-13.653861355999936],[-69.03559372799998,-13.640482480999935],[-69.04684572899998,-13.644996105999951],[-69.06319210399994,-13.659405855999978],[-69.06724222899999,-13.686751981999976],[-69.03550197999994,-13.71620110699996],[-69.02594722999999,-13.739292980999949],[-69.00775972799994,-13.738501480999957],[-68.97445510299997,-13.760587856999962],[-68.98035747799997,-13.782982481999966],[-68.99238772899997,-13.778046856999936],[-68.99423010399994,-13.787512356999969],[-68.97428272899998,-13.79617310599997],[-68.95859160399993,-13.790498106999962],[-68.91723560399998,-13.814172356999961],[-68.92307035299996,-13.828039856999965],[-68.94105047799997,-13.839539731999935],[-68.95096497899993,-13.87867035599993],[-68.97280085499995,-13.882187231999978],[-68.98252760399998,-13.894712356999946],[-68.98283472899993,-13.930081856999948],[-68.96330110299994,-13.948669606999943],[-68.97889322799995,-13.976530106999974],[-68.95401185399999,-14.005277981999939],[-68.94628947899997,-14.004518979999943],[-68.93633985399998,-14.026345731999982],[-68.91794135399994,-14.027351605999968],[-68.90904885399993,-14.040419981999946],[-68.89032035399998,-14.046605481999961],[-68.87942972899998,-14.064673855999956],[-68.88405072799998,-14.08391998199994],[-68.87528322899993,-14.086790981999968],[-68.87112885299996,-14.111056605999977],[-68.84925785399997,-14.138298855999949],[-68.83328910399996,-14.144873105999977],[-68.83370122999997,-14.153943356999946],[-68.84625197899999,-14.153033105999953],[-68.85617972799997,-14.16266798199996],[-68.84631447799995,-14.196939482999937],[-68.82675585399994,-14.215607481999939],[-68.96240622899995,-14.220054731999937],[-68.96893747799999,-14.235234356999968],[-68.98500572899997,-14.237115231999951],[-68.98839510399995,-14.250430232999975],[-68.97924872899995,-14.265625482999951],[-69.00517635399996,-14.290865855999982],[-69.01524335399995,-14.314709232999974],[-68.98540660399993,-14.374663355999928],[-69.00401322799996,-14.391165231999935],[-69.00526372799999,-14.404343731999973],[-69.02481072799998,-14.406808481999974],[-69.02838410399994,-14.424818856999934],[-69.05038235199999,-14.42912810599995],[-69.06122972799994,-14.442538481999975],[-69.08194922899997,-14.44443948099996],[-69.09748272799999,-14.485722480999982],[-69.11252460399999,-14.486149982999962],[-69.11829297899999,-14.507893606999971],[-69.15403247999996,-14.52161760699994],[-69.14354160499994,-14.530258231999937],[-69.15003035499996,-14.580314231999978],[-69.17924760399995,-14.590522231999955],[-69.22135247899996,-14.58178798199998],[-69.23101372899998,-14.608733857999937],[-69.22790122899994,-14.654161106999936],[-69.24490297899996,-14.661326856999949],[-69.25837297899994,-14.683976733999941],[-69.22487060399999,-14.739024731999962],[-69.23993997999997,-14.759473731999947],[-69.27085160299998,-14.769570356999964],[-69.30120372899995,-14.765298981999933],[-69.35379685399994,-14.801665731999947],[-69.35678910399997,-14.851982483999961],[-69.34387135399999,-14.882726856999966],[-69.35383647899994,-14.924407981999934],[-69.36458785499997,-14.930980482999928],[-69.36057422899995,-14.961060607999968],[-69.32324022899996,-15.004587856999933],[-69.31435935399998,-15.04123435699995],[-69.29952147899996,-15.047371105999957],[-69.30409572899998,-15.053634732999967],[-69.29012497899998,-15.074714857999936],[-69.29244535399994,-15.083738232999963],[-69.28593360399998,-15.083130856999958],[-69.28464647899995,-15.096470733999979],[-69.27269135399996,-15.103476482999952],[-69.27728522899997,-15.109902106999982],[-69.26842572899994,-15.10434373299995],[-69.26561097799998,-15.117240858999935],[-69.26257297899997,-15.10971535799996],[-69.24346322999997,-15.112206106999963],[-69.24393547899996,-15.121849232999978],[-69.23624022899997,-15.11969335799995],[-69.22960747899998,-15.132162108999978],[-69.19045122899996,-15.15877573299997],[-69.15400585399993,-15.21510935699996],[-69.13178122899996,-15.233435482999937],[-69.13182422899996,-15.245869107999965],[-69.11967972899998,-15.259322232999978],[-69.13733597899994,-15.255152357999975],[-69.15215622899996,-15.268890606999946],[-69.17629610399996,-15.261359733999939],[-69.17796985399997,-15.279176482999958],[-69.19348785299997,-15.295820982999942],[-69.19479272899997,-15.315039232999936],[-69.20656397899995,-15.32425210799994],[-69.21564160299994,-15.317158107999944],[-69.24855835399995,-15.37080898299996],[-69.26032947899995,-15.374036357999955],[-69.24984697899998,-15.426719232999972],[-69.23233460399996,-15.441795857999978],[-69.24082660399995,-15.460393483999951],[-69.25351135499994,-15.469192607999958],[-69.29007172899998,-15.43687960699998],[-69.31172485499997,-15.472966232999966],[-69.30058297899996,-15.48634685899998],[-69.31338335299995,-15.492526357999964],[-69.30885985299994,-15.505129857999975],[-69.33146447899998,-15.53797923299993],[-69.39110972999998,-15.507250982999949],[-69.37483947899995,-15.491466231999937],[-69.37708472999998,-15.482022107999967],[-69.36788872899996,-15.496190857999977],[-69.37259085599999,-15.50253773299994],[-69.36184735399996,-15.49920898299996],[-69.36307885399998,-15.514148357999943],[-69.35002047899997,-15.51083773299996],[-69.35909872899998,-15.502749732999973],[-69.35837097899997,-15.482933733999971],[-69.37611047899998,-15.471496231999936],[-69.39815697799997,-15.482723733999933],[-69.43307447899997,-15.47830748299998],[-69.43220110399994,-15.486703982999927],[-69.41498897799994,-15.497976731999927],[-69.43214397899999,-15.505596983999965],[-69.44181447899996,-15.491095232999953],[-69.43572447899999,-15.477270981999936],[-69.44032360399996,-15.46255760899993],[-69.45976960399997,-15.453290357999947],[-69.47737110399999,-15.426185482999927],[-69.49905110399999,-15.41379023299993],[-69.49744435399998,-15.404905232999965],[-69.51238747899998,-15.407395982999958],[-69.53169710399999,-15.386796981999964],[-69.51614222899997,-15.378674607999926],[-69.52211085299996,-15.369968107999966],[-69.54044222899995,-15.379635733999976],[-69.55322122999996,-15.376014482999949],[-69.56658972899999,-15.34756460799997],[-69.57322473099998,-15.350937982999938],[-69.56824622999994,-15.36230110799994],[-69.57862235499994,-15.361888732999944],[-69.58905172899995,-15.373046232999968],[-69.62227897999998,-15.34436085699997],[-69.62939047899994,-15.346292481999967],[-69.62326922899996,-15.353481357999954],[-69.63425310499997,-15.353219982999974],[-69.62979972899996,-15.34370810799993],[-69.64051997999997,-15.334199233999982],[-69.63085910399997,-15.336966357999927],[-69.63012972999996,-15.330719607999981],[-69.65386810199993,-15.297891357999958],[-69.63335022899997,-15.31299385699998],[-69.64394410399996,-15.29589810899995],[-69.64185047799998,-15.282575107999946],[-69.66829473099995,-15.274800483999968],[-69.66870285399995,-15.268198981999944],[-69.65511610499993,-15.269221856999934],[-69.67742385499997,-15.243037107999953],[-69.68933347899997,-15.254661982999949],[-69.68671735399994,-15.237945482999976],[-69.70924972899996,-15.233036357999936],[-69.71812972999999,-15.24387110799995],[-69.73557485299995,-15.241336481999952],[-69.74002185399996,-15.257316357999969],[-69.74976835499996,-15.24979710699995],[-69.75930272999994,-15.25740660799994],[-69.74669260499996,-15.260355232999927],[-69.74900635499995,-15.27165998299995],[-69.73454897899995,-15.270925982999927],[-69.74062897899995,-15.274655107999934],[-69.74060122899994,-15.279244108999933],[-69.72397660299998,-15.278070107999952],[-69.72671872899997,-15.272901482999941],[-69.71445410399997,-15.277926107999974],[-69.69916885499998,-15.309943732999955],[-69.72254610399995,-15.307452607999949],[-69.72441022899994,-15.296504481999932],[-69.75094298099998,-15.283203607999951],[-69.75839247799996,-15.297730982999951],[-69.75166335499995,-15.302652482999974],[-69.77386872999995,-15.306071732999953],[-69.77370335399996,-15.319058232999964],[-69.78119947999994,-15.319887606999941],[-69.79396922999996,-15.299012982999955],[-69.81629935499996,-15.287595232999934],[-69.81496385499997,-15.274082232999945],[-69.83057922999996,-15.282099607999953],[-69.81842310399998,-15.306803856999977],[-69.83679210499997,-15.278893982999932],[-69.83860010499995,-15.285580232999962],[-69.84706623099999,-15.283503982999946],[-69.84441010399996,-15.293686732999959],[-69.85733072999994,-15.29188548299993],[-69.85607272899995,-15.302694482999982],[-69.86707097999994,-15.302615982999953],[-69.86922322899994,-15.290209107999942],[-69.88011072899997,-15.30138835799994],[-69.89489297899996,-15.295082106999928],[-69.87564435499996,-15.309050857999978],[-69.88959185499994,-15.302385232999939],[-69.90270560399995,-15.303081731999953],[-69.89575335499995,-15.30772260699996],[-69.90122385499996,-15.315450982999948],[-69.89543235499997,-15.32460198299998],[-69.88987335499996,-15.32104523299995],[-69.88957022999995,-15.331592981999961],[-69.86377247999997,-15.336815482999953],[-69.86834247899998,-15.340973857999927],[-69.85692797899998,-15.347443857999963],[-69.89265197899994,-15.340973606999967],[-69.87393947799995,-15.351336732999982],[-69.88008072999997,-15.355731857999956],[-69.87404672999998,-15.356450983999935],[-69.87168922999996,-15.366896982999947],[-69.84419147999995,-15.352999607999948],[-69.84945110399997,-15.34600035799997],[-69.84721172999997,-15.341807357999926],[-69.83892685399996,-15.33960848299995],[-69.84256872899994,-15.337076107999962],[-69.84527497899995,-15.331796108999981],[-69.84486810399994,-15.330261606999954],[-69.83658935499994,-15.338925607999954],[-69.84645822999994,-15.344855107999933],[-69.83943197899998,-15.349611981999942],[-69.80693047799997,-15.345101607999936],[-69.79112485399997,-15.351904857999955],[-69.79966347999994,-15.358000482999955],[-69.82367710499994,-15.355418982999936],[-69.83947922999994,-15.367745857999978],[-69.86054560499997,-15.361571107999964],[-69.87386047999996,-15.377161607999938],[-69.87612010499998,-15.35988948299996],[-69.90477347899997,-15.355740232999949],[-69.90649222899998,-15.367422357999942],[-69.92097147999993,-15.366425607999929],[-69.91432547899996,-15.370807732999936],[-69.92552735499999,-15.38426173299996],[-69.92319947899995,-15.36595798299993],[-69.92711447999994,-15.374829857999941],[-69.93285472899998,-15.361115607999977],[-69.92790485399996,-15.384657857999969],[-69.94298210399995,-15.396931732999974],[-69.93218922999995,-15.41151285899997],[-69.93758585499995,-15.415259857999956],[-69.91721735399994,-15.439006357999972],[-69.92228348099997,-15.454388232999975],[-69.89693760499995,-15.494627732999959],[-69.89631547899995,-15.484642231999942],[-69.89312560399998,-15.478815732999976],[-69.89582997999997,-15.495499356999971],[-69.86441397999994,-15.534931358999927],[-69.86043810499996,-15.557607232999942],[-69.84925697999995,-15.56081323199993],[-69.81067960499996,-15.60767223199997],[-69.81614447999993,-15.619286857999953],[-69.80736497899994,-15.625122358999931],[-69.81353947899999,-15.634413106999943],[-69.80460322899995,-15.65397298199997],[-69.79253972899994,-15.662866357999974],[-69.78232210399995,-15.661336482999957],[-69.78061422899998,-15.653189356999974],[-69.77090072899995,-15.658185233999973],[-69.76107622999996,-15.681808607999926],[-69.77590260399995,-15.682191732999968],[-69.79803685599995,-15.667227608999951],[-69.80297772999995,-15.674782358999948],[-69.74376447999998,-15.72283698299998],[-69.75283635299996,-15.729740482999944],[-69.79385947999998,-15.725300982999954],[-69.84597709299999,-15.686494565999965],[-69.85303884299998,-15.659179791999975],[-69.84834300899996,-15.638498080999966],[-69.86784102199994,-15.615693676999967],[-69.88438983399993,-15.613775836999935],[-69.90535083099996,-15.576347712999961],[-69.91083212399997,-15.59097735399996],[-69.90338506999996,-15.585584299999937],[-69.90099291999996,-15.590779601999941],[-69.91063317699997,-15.601915772999973],[-69.90404232799995,-15.609210965999978],[-69.91642874999997,-15.610245779999957],[-69.91010624399996,-15.624937976999945],[-69.92723390599997,-15.657653872999958],[-69.94665827599994,-15.678405848999944],[-69.95855535399994,-15.663716482999973],[-69.96737110599997,-15.66544748299998],[-69.96170422999995,-15.679185356999938],[-69.96259310599999,-15.679747607999957],[-69.96600872899995,-15.677880981999976],[-69.96813760499998,-15.67808460799995],[-69.95508347999998,-15.687424732999943],[-69.96353835499997,-15.687586857999975],[-69.95623360499997,-15.689687982999942],[-69.97106510399993,-15.704671732999941],[-69.99946997799998,-15.68683273299996],[-70.01742285499995,-15.690793233999955],[-70.03417972999995,-15.722627607999982],[-70.02385135499998,-15.742205482999964],[-70.03596122999994,-15.75419110799993],[-70.02279132199993,-15.787845983999944],[-70.00612716799998,-15.786560466999958],[-69.99097106499994,-15.808887075999962],[-69.98857585199994,-15.819258761999947],[-69.99543302099994,-15.824163847999955],[-69.98897079399995,-15.827321710999968],[-70.00433026499996,-15.82488340599997],[-70.01629937299998,-15.832055601999969],[-70.01304912299997,-15.849280890999978],[-69.98619080899994,-15.85924891999997],[-69.96338971899996,-15.849980899999935],[-69.91173281599998,-15.881445008999947],[-69.89179710499997,-15.882220982999968],[-69.88276785499994,-15.890561483999932],[-69.88252522999994,-15.90571560799998],[-69.85945820599994,-15.928892265999934],[-69.84378267899996,-15.919506747999947],[-69.84622457999996,-15.909553690999928],[-69.83602510399999,-15.923353732999942],[-69.83374722899998,-15.910183607999954],[-69.81561085499999,-15.910693357999946],[-69.80825798099994,-15.922089358999926],[-69.78775760499997,-15.921256983999967],[-69.78414210399995,-15.928112233999968],[-69.77764922899996,-15.916721982999945],[-69.78246347899994,-15.89224698399994],[-69.79773735499998,-15.893673857999943],[-69.79458085399995,-15.886314482999978],[-69.80463922999996,-15.885927358999936],[-69.79782785499998,-15.881420857999956],[-69.80825335499998,-15.869069357999933],[-69.81729347899994,-15.881999984999936],[-69.82246247899997,-15.877146484999969],[-69.81543347999997,-15.868270984999981],[-69.82664222899996,-15.868489482999962],[-69.82662610399996,-15.859635483999966],[-69.83451010499994,-15.86007535799996],[-69.83650022999996,-15.868707107999967],[-69.84944960399997,-15.86140385799996],[-69.84283410499995,-15.808184608999966],[-69.82891322899997,-15.787053108999942],[-69.80556210499998,-15.783390232999977],[-69.79624910399997,-15.808281607999959],[-69.76587585499993,-15.833078607999937],[-69.77945135499994,-15.856033233999938],[-69.75947410399993,-15.91277135799993],[-69.75764672899999,-15.900393106999957],[-69.74062035399999,-15.919185107999965],[-69.73592610299994,-15.901469107999958],[-69.71288985499996,-15.91896748399995],[-69.70023722999997,-15.907799357999977],[-69.69828847899998,-15.893058607999933],[-69.70489410499994,-15.896571106999943],[-69.69703560399995,-15.889763607999953],[-69.66667085399996,-15.914861733999942],[-69.68328435499996,-15.91068198299996],[-69.68764510499994,-15.920199982999975],[-69.67173935499994,-15.956604607999964],[-69.56266085399994,-15.959456608999972],[-69.48385435299997,-15.993524983999976],[-69.45173547899998,-15.993610481999951],[-69.42316122999995,-16.047037357999955],[-69.42553972799993,-16.077522732999967],[-69.43075235499998,-16.09505110899994],[-69.44507860299996,-16.112478857999974],[-69.45280997999998,-16.114427232999958],[-69.43176235399994,-16.08036123399995],[-69.43462022999995,-16.053157358999954],[-69.45529160399997,-16.045696233999934],[-69.43895597899996,-16.054191233999973],[-69.44687135499998,-16.062656732999926],[-69.45557222899998,-16.06068823299995],[-69.45064285399997,-16.077573607999966],[-69.45612010499997,-16.09068173299994],[-69.46868297899994,-16.094306607999954],[-69.46947835399999,-16.112616483999943],[-69.49176235599998,-16.12424673399994],[-69.48947760399994,-16.132330232999948],[-69.50547685399994,-16.14373860799998],[-69.49193472899998,-16.160307734999947],[-69.50504397999998,-16.174877857999945],[-69.51067147899994,-16.157933482999965],[-69.51659235299996,-16.16065035899993],[-69.51275985399997,-16.189045233999934],[-69.49432422899997,-16.20806135899994],[-69.47271385399995,-16.198214107999945],[-69.45996272899998,-16.20206610899993],[-69.43385510399997,-16.180546233999962],[-69.40401085399998,-16.190398109999933],[-69.38900847899998,-16.180118233999963],[-69.38362972799996,-16.191028358999972],[-69.40039685599999,-16.19936735899995],[-69.39863197899996,-16.20885498399997],[-69.36219572999994,-16.24780360899996],[-69.29472122899995,-16.25410335899994],[-69.29510422999994,-16.260386607999976],[-69.28685242899996,-16.259997518999967],[-69.28627707399994,-16.275815188999957],[-69.26185648299997,-16.289244404999977],[-69.24176736299995,-16.27581554099993],[-69.24928055399994,-16.270367041999975],[-69.23543535999994,-16.26190894299998],[-69.21151062299998,-16.267868979999946],[-69.14945735599997,-16.25449111399996],[-69.11553418399996,-16.237989021999965],[-69.10251710599994,-16.24004384899996],[-69.10243368399995,-16.224521683999967],[-69.08153572899994,-16.221381858999962],[-69.05525885399999,-16.197361608999927],[-69.01276397899994,-16.21976160899993],[-69.00697422899998,-16.205356608999978],[-68.98433585299995,-16.19010723399998],[-68.95649239599999,-16.196600279999927],[-68.96648833799998,-16.240483022999967],[-68.97925305399997,-16.26215028499996],[-68.98819226699999,-16.258402470999954],[-68.99679985099993,-16.273881509999967],[-69.00487491299998,-16.273417639999934],[-69.00730525199998,-16.270735848999948],[-68.99249052299996,-16.238066344999936],[-69.00709098199997,-16.260802457999944],[-69.03010494899996,-16.275771240999973],[-69.05578794499996,-16.250756234999926],[-69.07641982199993,-16.259162239999966],[-69.07603946899997,-16.274197286999936],[-69.04254093999998,-16.286754047999978],[-69.02195872899995,-16.331905982999956],[-69.03082285499994,-16.375776608999956],[-69.02313835399997,-16.403941608999958],[-69.03622222899997,-16.40934810899995],[-69.04661447899997,-16.43465248399997],[-69.05528722899999,-16.432549859999938],[-69.06603572799997,-16.45239885899997],[-69.09182810399994,-16.470160233999934],[-69.09849572899998,-16.490713358999926],[-69.09791522799998,-16.497865357999956],[-69.08133072999993,-16.49867548499998],[-69.06766797799997,-16.531241483999963],[-69.03677385299994,-16.55990348399996],[-69.03130272899995,-16.60580860899995],[-69.01705072899995,-16.638152358999946],[-68.99610160399993,-16.656576233999942],[-69.04345697899998,-16.68784173399996],[-69.05520897899999,-16.686652358999936],[-69.10452347799998,-16.712458983999966],[-69.13643560399998,-16.713540984999952],[-69.17001372799996,-16.727535107999927],[-69.18618747899995,-16.79755473499995],[-69.19753322899999,-16.799240233999967],[-69.21924472999996,-16.836130984999954],[-69.25339760299994,-16.86099435899996],[-69.30467497899997,-16.91584098499993],[-69.32458572899998,-16.951542484999948],[-69.32008197899995,-16.96075323499997],[-69.33542947899997,-16.980264859999977],[-69.36900785399996,-16.99040823499996],[-69.39357810399997,-17.02056836099996],[-69.37309372999994,-17.048308608999946],[-69.37373885499994,-17.073123359999954],[-69.40626847999994,-17.100289482999926],[-69.43291722899994,-17.109863983999958],[-69.44912935399998,-17.097750735999966],[-69.51184935399993,-17.146170858999938],[-69.55690172799996,-17.159275109999953],[-69.57330860499997,-17.185425734999967],[-69.56899672999998,-17.193996984999956],[-69.57975972799994,-17.208130859999926],[-69.60114847999995,-17.216501983999933],[-69.61597947899998,-17.26127923399997],[-69.62828910499996,-17.273539109999945],[-69.63632222899997,-17.271165983999936],[-69.64131997899995,-17.287449984999967],[-69.65543747999993,-17.270751985999937],[-69.68293160399998,-17.278736359999982],[-69.69524810499996,-17.27439448499996],[-69.73107035499999,-17.295466733999945],[-69.76183785399996,-17.28043548499994],[-69.76528910399998,-17.26336323399994],[-69.78824610499998,-17.236443359999953],[-69.79873247999996,-17.232007858999964],[-69.85078322899994,-17.244081983999934],[-69.87554497899998,-17.22232035899998],[-69.89863285499996,-17.220906233999926],[-69.94279685499998,-17.197837859999936],[-69.96795510599998,-17.178517608999982],[-69.97227935499996,-17.166007858999933],[-69.98136397999997,-17.168622484999958],[-69.98763085499996,-17.151423858999976],[-70.01394210599994,-17.14101448499997],[-70.02513185499998,-17.122181484999942],[-70.04033035499998,-17.127678983999942],[-70.04680472999996,-17.09943360899996],[-70.04233597999996,-17.058712858999968],[-70.09963797999995,-17.006009233999976],[-70.09528885499998,-16.985847858999932],[-70.14662498099995,-16.93873048399996],[-70.11805635599995,-16.923757858999977],[-70.10559747999997,-16.897263733999978],[-70.09427885399998,-16.890924858999938],[-70.09031385499998,-16.810854733999975],[-70.05781635499994,-16.78781248399997],[-70.05712497899998,-16.77016410899995],[-70.03220860499994,-16.75292485899996],[-70.03554197999995,-16.74288973399996],[-70.01021397999995,-16.74133948599996],[-69.99556310499997,-16.729775984999947],[-69.99691035499995,-16.710258108999938],[-70.01010797999999,-16.700435358999982],[-70.01176672899999,-16.688483858999973],[-69.99839060499994,-16.675148358999934],[-70.00147172999993,-16.656573983999976],[-70.02414985499996,-16.631408358999977],[-70.04861160499996,-16.627707983999926],[-70.08784510399994,-16.655232233999982],[-70.13783235499994,-16.628574733999926],[-70.14876085499998,-16.61531335899997],[-70.16570597999998,-16.61332410899996],[-70.17624372999995,-16.594152983999948],[-70.17545560499997,-16.561530733999973],[-70.18550460499995,-16.53719498499993]]],[[[-69.82898460399997,-15.895100483999954],[-69.83347447899996,-15.886782858999936],[-69.82521647899995,-15.878328107999948],[-69.82324260499996,-15.891002857999979],[-69.82898460399997,-15.895100483999954]]],[[[-69.68741210399997,-15.74924223399995],[-69.67548635499998,-15.790605482999979],[-69.68278510599998,-15.79811723299997],[-69.69623247899995,-15.75421685799995],[-69.68741210399997,-15.74924223399995]]],[[[-69.71573247999999,-15.650689482999951],[-69.69280272899994,-15.662771481999982],[-69.70217572999996,-15.676306607999948],[-69.71720510299997,-15.680404357999976],[-69.72722660599999,-15.662755857999969],[-69.71573247999999,-15.650689482999951]]],[[[-68.91839910299996,-16.233297108999977],[-68.79493497299995,-16.332557875999953],[-68.79996751899995,-16.348771548999935],[-68.91842868099997,-16.395659964999936],[-68.91839910299996,-16.233297108999977]]],[[[-68.93605660299994,-16.237810482999976],[-68.94664447899999,-16.24382210899995],[-68.95329297899997,-16.22645510899997],[-68.94537885399996,-16.227246108999964],[-68.93605660299994,-16.237810482999976]]]]}},{"type":"Feature","properties":{"cod_regpol":"19R2","regionpol":"SAN MARTIN","tipo":"REGION POLICIAL"},"geometry":{"type":"Polygon","coordinates":[[[-77.00589648599998,-7.802914099999953],[-77.04201561099995,-7.739275350999947],[-76.99864261099998,-7.665431600999966],[-76.99562886099994,-7.626364473999956],[-77.02284961099997,-7.601699225999937],[-77.01094711099995,-7.570626975999971],[-77.04695911199997,-7.529907850999962],[-77.00276936099993,-7.534765598999968],[-76.98687236199999,-7.527602599999966],[-76.96385923599996,-7.480783225999971],[-76.92687311099996,-7.499244100999931],[-76.89945323599994,-7.491767600999935],[-76.87764111099995,-7.495990351999978],[-76.84180635999996,-7.477763725999978],[-76.82779136099998,-7.485116224999956],[-76.81491836099997,-7.465128725999932],[-76.78051373599999,-7.444014600999935],[-76.76410836099996,-7.387346725999976],[-76.70827536099995,-7.350726848999955],[-76.71666211199994,-7.3374433509999335],[-76.74306661199995,-7.33458109999998],[-76.74655261099997,-7.330292349999979],[-76.73045311099997,-7.321045099999935],[-76.73522311099998,-7.310522974999969],[-76.75726835999996,-7.284430099999952],[-76.77724323599995,-7.276051600999949],[-76.78951073599995,-7.259799849999979],[-76.79823561099994,-7.2607616019999455],[-76.79305136099998,-7.246913599999971],[-76.82816498599993,-7.2561079749999635],[-76.83854348599994,-7.248596598999939],[-76.86084998599995,-7.19809997699997],[-76.89431998599997,-7.171009849999962],[-76.88999998599996,-7.155669973999977],[-76.90358998499994,-7.132349975999944],[-76.90734998599999,-7.094149974999937],[-76.90575873599994,-7.054216474999976],[-76.89734211099994,-7.046690099999978],[-76.90235211199996,-7.01032747499994],[-76.90930460999994,-7.001978099999974],[-76.93793698599995,-7.00099522499994],[-76.95703123599998,-6.991478475999941],[-76.96735861099995,-6.935823725999967],[-76.98991873699998,-6.900954849999948],[-77.00625398599993,-6.841303223999944],[-77.01534373599998,-6.8356757249999305],[-77.01359736099994,-6.803893349999953],[-77.03123236099998,-6.782724599999938],[-77.02775411099998,-6.766729974999976],[-77.03915236199998,-6.730255849999935],[-77.02541986099999,-6.713501974999929],[-77.04137110999994,-6.675654849999944],[-77.05697073599998,-6.665994099999978],[-77.06206260999994,-6.6442100999999525],[-77.07541910999998,-6.636578098999962],[-77.06442011099995,-6.601011349999965],[-77.04943748699998,-6.593703099999971],[-77.04661136199996,-6.565689474999942],[-77.05836911099993,-6.567449224999962],[-77.08565473499993,-6.5501562249999665],[-77.12277961099994,-6.508618474999935],[-77.15822323499998,-6.501197099999956],[-77.17704786099995,-6.449474600999963],[-77.19821323699995,-6.431536347999952],[-77.19787236099995,-6.420986098999947],[-77.22143973699997,-6.419304474999933],[-77.24859285999997,-6.390506598999934],[-77.27551436099998,-6.384731098999964],[-77.28254923699996,-6.373335599999962],[-77.28665998499997,-6.331023472999959],[-77.26169036199997,-6.327144848999978],[-77.24365311099996,-6.338120474999926],[-77.22145636199997,-6.3811327249999295],[-77.20896498599996,-6.375043348999952],[-77.16594823699995,-6.379430223999975],[-77.13230273599999,-6.322550724999928],[-77.13889886099997,-6.291730348999977],[-77.17079073599996,-6.265198974999976],[-77.17407023599998,-6.246529348999957],[-77.21162673599997,-6.215840349999951],[-77.21919073599997,-6.194313099999931],[-77.20200498699995,-6.180620849999968],[-77.21212486099995,-6.160831598999948],[-77.22770711099997,-6.144165598999962],[-77.23939036199994,-6.1499840999999265],[-77.25382748699997,-6.138510223999958],[-77.28047848699998,-6.142209098999956],[-77.33241073499994,-6.112181598999939],[-77.34642798699997,-6.114341098999944],[-77.35867936099999,-6.0728202239999405],[-77.38050011299998,-6.079985974999943],[-77.39419211199998,-6.041115598999966],[-77.40460573599995,-6.034734347999972],[-77.41930473699995,-6.032380848999935],[-77.43211573599996,-6.061916349999933],[-77.46750836199999,-6.019614974999968],[-77.47413898699995,-5.999784098999953],[-77.48707536299997,-6.010248848999936],[-77.48902073699998,-6.028510974999961],[-77.50975186199997,-6.032496098999957],[-77.51792186199998,-6.054853348999927],[-77.53380886099995,-6.063371348999965],[-77.55473536199997,-6.050728724999942],[-77.56680323699999,-6.02812197399993],[-77.58619948699999,-6.036916599999927],[-77.59636161299994,-6.03333085099996],[-77.59646561199997,-6.005280223999932],[-77.63913986199998,-6.001079473999937],[-77.66989236099994,-5.979357223999955],[-77.67200861199996,-5.964744598999971],[-77.65189061199999,-5.93533197499994],[-77.66329386299998,-5.917670223999949],[-77.66551236199996,-5.892204723999953],[-77.68308048699998,-5.877575597999964],[-77.68152673499998,-5.8494870979999405],[-77.69481336099994,-5.84023284899996],[-77.72641598699994,-5.843981973999973],[-77.74613836099996,-5.8351104739999755],[-77.76392911199997,-5.819708723999952],[-77.77035548799995,-5.788142598999968],[-77.76056011199995,-5.770454473999962],[-77.77241861199997,-5.753351347999967],[-77.75935861199997,-5.7298479729999485],[-77.77514798699997,-5.710751974999937],[-77.77509086199996,-5.6896793489999595],[-77.75436523799993,-5.65899772299997],[-77.75260623699995,-5.63757759899994],[-77.73638398799994,-5.6092900989999634],[-77.76576173699993,-5.538982472999976],[-77.75703736299994,-5.513941598999963],[-77.77157036199998,-5.493920598999978],[-77.77063748699999,-5.47815309799995],[-77.74883198699996,-5.459859349999931],[-77.76845123699997,-5.438048723999941],[-77.74482773799997,-5.40689909699995],[-77.71270261199999,-5.416411224999933],[-77.69601548699995,-5.4116240979999475],[-77.70278673699994,-5.380687723999927],[-77.68206648699999,-5.338395597999977],[-77.68414823699999,-5.29588122399997],[-77.69629673699995,-5.258770972999969],[-77.73970786199999,-5.21185659899993],[-77.70824261199994,-5.190907347999939],[-77.69528098599994,-5.164740348999942],[-77.71999636199996,-5.14062434899995],[-77.74528511199998,-5.133017597999981],[-77.77428673699995,-5.09717797299993],[-77.82176211199999,-5.085665723999966],[-77.81181736199994,-5.05634559799995],[-77.81387473699994,-5.039809473999981],[-77.82461961199994,-5.031778724999981],[-77.75844548599997,-4.950052722999942],[-77.76693161099996,-4.921218722999981],[-77.76015173699994,-4.90934509799996],[-77.79357486199996,-4.849963472999946],[-77.79184236199995,-4.832951222999952],[-77.79911348699994,-4.824592847999952],[-77.78926711199995,-4.785106473999974],[-77.79468536199994,-4.7602168479999705],[-77.77187886299998,-4.7175585979999255],[-77.73139411299996,-4.68844022299993],[-77.71596973699997,-4.66508797399996],[-77.69451236199995,-4.6586730979999516],[-77.67257173699994,-4.630480347999935],[-77.65261323699997,-4.574570347999952],[-77.65965336199997,-4.557974222999974],[-77.64901561199997,-4.5464159729999665],[-77.65545698599993,-4.518544972999962],[-77.64135261299998,-4.510060722999981],[-77.64063086099998,-4.496515596999927],[-77.61102048699996,-4.494265722999955],[-77.58908786099994,-4.48046484799994],[-77.56827536099996,-4.420919971999979],[-77.56585923599994,-4.365535722999937],[-77.58555073699995,-4.25133397299993],[-77.54840536199998,-4.105404847999978],[-77.53787736199996,-3.96189947299996],[-77.56901861199998,-3.893073971999968],[-77.56149361099995,-3.8761658469999247],[-77.58191598699995,-3.8628163469999777],[-77.60923636099994,-3.825242221999929],[-77.62822086199998,-3.8170507219999763],[-77.65191411199999,-3.780562346999943],[-77.61562298699994,-3.7077187219999246],[-77.61996673699997,-3.622408221999933],[-77.64300961299995,-3.6193463469999756],[-77.66667298699997,-3.5718719709999505],[-77.71645961199994,-3.54230509599995],[-77.71513123599993,-3.5148535969999557],[-77.74564223699997,-3.482228971999973],[-77.77254323599999,-3.428809471999955],[-77.77785536199997,-3.1918607219999444],[-77.79093648599996,-3.1176303459999417],[-77.78582786199996,-3.1062827219999463],[-77.79445211199999,-3.08925884599995],[-77.78766411199996,-3.074775345999967],[-77.79314723699997,-3.043981346999942],[-77.81725098699997,-3.000792095999941],[-77.80861598799999,-2.9861250959999666],[-76.63186511099997,-2.5896892199999684],[-76.53432435999997,-2.512278470999945],[-76.50333160999998,-2.532156845999964],[-76.50637536199997,-2.5828353459999676],[-76.47064298499998,-2.6043148459999657],[-76.40796623599994,-2.68778984599993],[-76.38636910999998,-2.697529220999968],[-76.38434398599998,-2.716769345999978],[-76.39547460999995,-2.726033220999966],[-76.36531148599994,-2.740104720999966],[-76.34420685999999,-2.800070345999927],[-76.31783598699997,-2.807718720999958],[-76.30734235999995,-2.834851470999979],[-76.31686523499997,-2.8975605979999273],[-76.34031023599994,-2.9135455969999384],[-76.35123111099995,-2.9464275969999676],[-76.34841111099996,-2.977534096999932],[-76.33792823499994,-2.988613596999926],[-76.35247036099997,-3.021069971999964],[-76.35347073499997,-3.0904199709999602],[-76.38926561099998,-3.1276777199999515],[-76.34878123699997,-3.1664999709999506],[-76.36388086099998,-3.180980470999941],[-76.36405460999998,-3.1932412229999727],[-76.35182673599996,-3.205981721999933],[-76.36729098399996,-3.2178300969999327],[-76.35427348599995,-3.236361345999967],[-76.33732460999994,-3.218880221999939],[-76.32803211199996,-3.219306721999942],[-76.33765836099997,-3.251548846999981],[-76.32598286099994,-3.2580620959999465],[-76.32646511099995,-3.2747088469999426],[-76.31396036099994,-3.2861617219999744],[-76.31065560999997,-3.305426595999961],[-76.28219385999995,-3.333401472999981],[-76.27002673499999,-3.3611340949999544],[-76.27430161099994,-3.3998104709999666],[-76.26372073499994,-3.4030370959999345],[-76.25671086099999,-3.4360468469999432],[-76.26146285999994,-3.4752187219999655],[-76.24892660999996,-3.4766839719999325],[-76.22453686099993,-3.5161858469999743],[-76.20617973499998,-3.5280565969999316],[-76.22204073599994,-3.553723346999959],[-76.26053448599998,-3.5729217219999327],[-76.23753035999994,-3.60243634699998],[-76.23408300299997,-3.63482339899997],[-76.32378511099995,-3.6853493359999447],[-76.30752302999997,-3.6982716539999387],[-76.28984376199998,-3.696615240999961],[-76.27294542199996,-3.72974830499993],[-76.28031598799998,-3.74701814499997],[-76.27583497199998,-3.7617421379999314],[-76.25744155199999,-3.7434617649999495],[-76.24886737499997,-3.7447663419999344],[-76.24764231299997,-3.7878439479999315],[-76.21182919199998,-3.8345610559999272],[-76.20430777899998,-3.9238835359999484],[-76.14451125099998,-3.959035427999936],[-76.13870830199994,-4.00268730099998],[-76.12002233799996,-4.035595680999961],[-76.07847787699995,-4.04938916499998],[-76.07946501599997,-4.07485180499998],[-76.06537468499994,-4.089196553999955],[-76.06127122399994,-4.122204799999963],[-76.07030766599996,-4.179696917999934],[-76.02185484099994,-4.220402501999956],[-76.00941231999997,-4.257849573999977],[-76.00958582899995,-4.273884256999963],[-76.03021394599995,-4.2968320189999645],[-76.02524309499995,-4.323403867999957],[-75.97495279999998,-4.372006228999965],[-75.95235342899997,-4.375050880999936],[-75.86785159299995,-4.429948458999945],[-75.86333136099995,-4.455236234999973],[-75.87890920199999,-4.490446003999978],[-75.87719809799995,-4.544131266999955],[-75.89169387999993,-4.584175194999943],[-75.85188886699996,-4.599958913999956],[-75.84547962199997,-4.6258148299999675],[-75.85217887499994,-4.658738512999946],[-75.84305312299995,-4.687086852999926],[-75.74028214399993,-4.73784789299998],[-75.72159685599996,-4.789661231999958],[-75.72570148099999,-4.813172184999928],[-75.66429102099994,-4.8412381759999334],[-75.68748444499994,-4.889370808999956],[-75.67344134499996,-4.924807880999936],[-75.64216227299994,-4.930954057999941],[-75.60409183899998,-4.922492957999964],[-75.58107778599998,-4.939028411999971],[-75.52010564399995,-4.940874131999976],[-75.47856234799997,-4.956275342999959],[-75.42389840199996,-4.988093718999949],[-75.38582062299997,-5.05316927399997],[-75.43805866599996,-5.047430329999941],[-75.46957268999995,-5.057652517999941],[-75.51162582199998,-5.113149648999979],[-75.61355392399997,-5.194221871999957],[-75.61815154999994,-5.208482275999927],[-75.59288599099995,-5.2362331399999675],[-75.59004183799993,-5.258447009999941],[-75.59749157199997,-5.2755450479999695],[-75.63257495699997,-5.276244320999979],[-75.62305202599998,-5.319782421999946],[-75.65376712999995,-5.372118432999969],[-75.65227051299996,-5.40185573499997],[-75.61869598599998,-5.451386801999945],[-75.62044015699996,-5.467719824999961],[-75.63981273699994,-5.498763245999953],[-75.63042957999994,-5.514782959999934],[-75.60028262599997,-5.534640076999949],[-75.61077957099997,-5.560767518999967],[-75.51825336599995,-5.587350208999965],[-75.45424871599994,-5.575268938999955],[-75.50061527999998,-5.739847993999945],[-75.53936346099994,-5.794655724999927],[-75.51240076599998,-5.867093995999937],[-75.54671018099998,-5.9360767719999785],[-75.56700973499994,-5.9583652239999765],[-75.57110510999996,-6.003987724999945],[-75.53279373499998,-6.0955994739999255],[-75.52555498499999,-6.165125598999964],[-75.49414773499996,-6.189316973999951],[-75.48718760999998,-6.203415348999954],[-75.48728510999996,-6.254259723999951],[-75.49634373499998,-6.281025348999947],[-75.55009498499999,-6.347707974999935],[-75.53644710999998,-6.391540223999925],[-75.54341810999995,-6.406865223999944],[-75.53373048599997,-6.416300724999928],[-75.53900285999998,-6.435132974999931],[-75.52984936099995,-6.440098098999954],[-75.52014123499998,-6.464820724999981],[-75.52422748499998,-6.475579598999957],[-75.50959660999996,-6.49214134999994],[-75.50043548499997,-6.759353474999955],[-75.51273498499995,-6.7864657239999815],[-75.56184023499998,-6.801614099999938],[-75.57416735999993,-6.808825974999934],[-75.57678623599998,-6.820988849999935],[-75.60919885999994,-6.838760474999958],[-75.63284723499999,-6.843395474999966],[-75.64237398599994,-6.81576197499993],[-75.65967198499999,-6.81933209999994],[-75.67291523499995,-6.844396974999938],[-75.68675411099997,-6.846142849999978],[-75.68998635999998,-6.861267599999962],[-75.70080560899999,-6.869113974999948],[-75.72479585999997,-6.850874474999955],[-75.74605660999998,-6.856546849999972],[-75.78053910999995,-6.848412099999962],[-75.79418335999998,-6.821401599999945],[-75.81397185899993,-6.825477974999956],[-75.81393348399996,-6.81722547499993],[-75.84387535999997,-6.797261724999942],[-75.87751585999996,-6.8022983509999335],[-75.91535561099994,-6.79063597499993],[-75.94295073499995,-6.795029099999965],[-75.96495110999996,-6.788406599999973],[-75.98016223499997,-6.800068974999931],[-75.98383310899999,-6.793753225999978],[-76.00058010999999,-6.795063225999968],[-76.01158485999997,-6.806022224999936],[-76.05205923499994,-6.812733974999958],[-76.03500385999996,-6.864986349999981],[-76.01064673499997,-6.89042134999994],[-76.01573586099994,-6.9137009749999265],[-76.04640235999995,-6.924931599999979],[-76.05184423499998,-6.937871599999937],[-76.03564011099996,-6.993146474999946],[-76.02049010999997,-6.98965734899997],[-76.00811323399995,-7.002220724999972],[-76.01071710999997,-7.078379849999976],[-76.02330123499996,-7.114306848999945],[-76.04658560999997,-7.121430223999937],[-76.05994498399997,-7.1613012249999315],[-76.14352523599996,-7.2039624739999795],[-76.14571498499998,-7.217929224999978],[-76.15927561099994,-7.23056859999997],[-76.16666148599995,-7.267596350999952],[-76.21311136199995,-7.310142601999928],[-76.19591823499997,-7.334402849999947],[-76.21455061099994,-7.40452072599993],[-76.16727535999996,-7.493017599999973],[-76.12191085999996,-7.525992350999957],[-76.11567098599994,-7.562502725999934],[-76.09137361099994,-7.560355725999955],[-76.08725373599998,-7.58074772599997],[-76.07971860999999,-7.5843359769999665],[-76.08490473599994,-7.6051183509999305],[-76.09387148499997,-7.609725975999936],[-76.08285548599997,-7.619652351999946],[-76.08237498499994,-7.631888725999943],[-76.10133210999999,-7.650456350999946],[-76.10159261099994,-7.7226639759999784],[-76.08667385999996,-7.729231725999966],[-76.08443511099995,-7.762560975999975],[-76.06707023499996,-7.769289600999969],[-76.06055098399997,-7.7878138519999425],[-76.04380298499996,-7.792343599999981],[-76.03730111099998,-7.816926476999981],[-76.00849173499995,-7.856042600999956],[-76.00603973599993,-7.890586851999956],[-75.98816698599995,-7.892326600999979],[-75.97566148399994,-7.908968100999971],[-75.98585548599993,-7.9171443509999335],[-75.99350973499998,-7.9535663509999495],[-75.96697948599996,-7.9603593509999655],[-75.93945560999998,-7.946120100999963],[-75.92783785999995,-7.957255975999942],[-75.89520761099999,-7.933930475999944],[-75.85879323499995,-7.921125350999944],[-75.82949285999996,-7.973495850999939],[-75.84493273499999,-8.059638100999962],[-75.88730598499995,-8.074876975999928],[-75.92098848499995,-8.073119350999946],[-75.92936473499998,-8.089302851999946],[-75.95180298599996,-8.101295225999934],[-75.94063723499994,-8.110459225999932],[-75.93402698399996,-8.134428476999972],[-75.94116485899997,-8.186183976999928],[-75.92647461099995,-8.206219227999952],[-75.91288586099995,-8.256099976999963],[-75.92081611199995,-8.299674226999969],[-75.94865798599994,-8.31828010199996],[-75.96221986099994,-8.314300850999928],[-75.98642573499995,-8.322294976999956],[-75.99412498599997,-8.319234352999956],[-75.99634599299998,-8.305633395999962],[-76.00603892299995,-8.30472442599995],[-76.04259573499996,-8.341591851999965],[-76.05519335999998,-8.32961522599993],[-76.07361822799999,-8.333794323999939],[-76.08701652099995,-8.32814286599995],[-76.10881100399996,-8.335827363999954],[-76.12909636099994,-8.36071097699994],[-76.10916598499995,-8.379613225999947],[-76.10778710999995,-8.399013727999943],[-76.13066798499995,-8.467876976999946],[-76.12639648499999,-8.545417975999953],[-76.13467973599995,-8.572556600999974],[-76.12016010999997,-8.589562476999959],[-76.12107423599997,-8.633755976999964],[-76.10761710999998,-8.640466850999928],[-76.10712886099998,-8.648800725999934],[-76.11549998599997,-8.657683601999963],[-76.13002923599998,-8.655287102999978],[-76.13948823499999,-8.666640601999973],[-76.15088086099996,-8.70865435099995],[-76.14526561099996,-8.711435601999938],[-76.15597848599998,-8.732755851999968],[-76.16285723499993,-8.73147847699994],[-76.16643948599994,-8.756414101999951],[-76.19028883299995,-8.753915056999972],[-76.20523560699996,-8.779780752999955],[-76.22299780799995,-8.783312627999976],[-76.23538545799994,-8.77623777499997],[-76.22742940699999,-8.748484622999968],[-76.25712698699994,-8.709371101999977],[-76.25488473399997,-8.690068351999969],[-76.26794335999995,-8.688087726999981],[-76.26299223499996,-8.68220897599997],[-76.24708598399997,-8.68586135199996],[-76.25277923499993,-8.66531247599994],[-76.26872673599996,-8.65101922599996],[-76.26246486099996,-8.638298976999977],[-76.26955273599998,-8.627498102999937],[-76.26159960999996,-8.616357601999937],[-76.28527148599994,-8.586589851999975],[-76.28035860999995,-8.573563976999935],[-76.30180861099996,-8.573615226999948],[-76.30096098499996,-8.558751976999929],[-76.32402535999995,-8.525023475999944],[-76.31143685999996,-8.505005351999955],[-76.32742685999995,-8.479908350999949],[-76.32171610999995,-8.469839476999937],[-76.33283698499997,-8.43052585099997],[-76.35609960999994,-8.425074226999925],[-76.36670998499994,-8.411540725999942],[-76.41749623499999,-8.443748226999958],[-76.44434461099996,-8.489558350999971],[-76.46616736099998,-8.569742976999976],[-76.49250385999994,-8.575760850999927],[-76.49909023599997,-8.563941101999944],[-76.49483786099995,-8.549587850999956],[-76.54007423599995,-8.512921852999966],[-76.54780661099994,-8.497640600999944],[-76.56629298499996,-8.508146476999968],[-76.63679486099994,-8.51456247699997],[-76.64348436099993,-8.523648476999938],[-76.67843548599996,-8.521066351999934],[-76.69727148599998,-8.532408224999926],[-76.72840398599999,-8.515004475999945],[-76.74098935999996,-8.524646851999933],[-76.75459373599995,-8.519644600999925],[-76.76842411099994,-8.52680935199993],[-76.79014986099997,-8.52364135099998],[-76.79631873599999,-8.511188226999934],[-76.80444986099997,-8.510572725999964],[-76.84265911199998,-8.525229975999935],[-76.84684236099997,-8.545789726999942],[-76.86254036099996,-8.552537351999945],[-76.86470161099999,-8.566349600999956],[-76.88735811099997,-8.55479810099996],[-76.89708423599996,-8.568750601999966],[-76.91917598699996,-8.570114975999957],[-76.93666798599997,-8.566581976999942],[-76.94888948499994,-8.545666101999927],[-76.97730086099995,-8.560598726999956],[-76.99484186099994,-8.555631725999945],[-77.01159761099996,-8.537687476999963],[-77.04980136099994,-8.553715226999941],[-77.09165073599996,-8.51698135199996],[-77.08193773599999,-8.487256351999974],[-77.13992773499996,-8.480455100999961],[-77.13384373499997,-8.44002147599997],[-77.11978011099995,-8.447651225999948],[-77.10458898699994,-8.44476347699998],[-77.09319598599996,-8.434469601999979],[-77.08548048599994,-8.406222601999957],[-77.06681048699994,-8.39647660199995],[-77.03401173599997,-8.404706976999933],[-77.00042923599995,-8.382403475999979],[-76.99168473599997,-8.396296350999933],[-76.97689861099997,-8.396138724999958],[-76.96837261299999,-8.371241476999955],[-76.95124736199995,-8.375705226999969],[-76.94267923599995,-8.35994547599995],[-76.92700473599996,-8.359257101999958],[-76.93193023599997,-8.342595102999951],[-76.91374523599995,-8.326089851999939],[-76.91051511099994,-8.295073599999967],[-76.90124323599997,-8.283466351999948],[-76.91307898599996,-8.23698785099998],[-76.92559673599999,-8.218497351999929],[-76.90701136099995,-8.171364725999979],[-76.91176936099998,-8.158901225999955],[-76.93223661099995,-8.137142850999965],[-76.94703361099994,-8.139919475999932],[-76.98491486099994,-8.113853475999974],[-76.99388085999993,-8.086917974999949],[-77.02094336099998,-8.051585975999956],[-77.06870311099993,-8.039511725999944],[-77.07436311099997,-7.9923007259999395],[-77.10284973599994,-7.95126797599994],[-77.08805073599996,-7.914578975999973],[-77.09384173699993,-7.895154475999959],[-77.08680748599994,-7.86393309999994],[-77.04886123599994,-7.825445100999957],[-77.00589648599998,-7.802914099999953]],[[-76.14089669099997,-6.566164241999957],[-76.14117130899996,-6.567224704999944],[-76.14099622499998,-6.566548602999944],[-76.14089669099997,-6.566164241999957]],[[-76.14228587399998,-6.568451791999962],[-76.14221926099998,-6.568488837999951],[-76.14226913499994,-6.5684611009999685],[-76.14228587399998,-6.568451791999962]]]}},{"type":"Feature","properties":{"cod_regpol":"20R2","regionpol":"TACNA","tipo":"REGION POLICIAL"},"geometry":{"type":"Polygon","coordinates":[[[-70.32555234999995,-18.31250913899993],[-70.35387697999994,-18.32619336099998],[-70.37714072999995,-18.35068398599998],[-70.48481635499996,-18.271181610999975],[-70.67857423099997,-18.16184760899995],[-70.76059572999998,-18.07870510999993],[-70.81167372999994,-18.050246109999932],[-70.81315622999995,-18.04048823499994],[-70.88769535399996,-18.00928510999995],[-70.88258597999999,-17.993359360999932],[-70.89018935499996,-17.969294859999934],[-70.91208398099997,-17.952800734999983],[-70.91049223199997,-17.940068361999977],[-70.92333398099998,-17.937789108999937],[-70.92525973099998,-17.926681609999946],[-70.93542973099994,-17.92930661099996],[-70.94314447999994,-17.913812484999937],[-70.95968360599994,-17.91066598599997],[-71.00913472999997,-17.876896484999975],[-71.02951172999997,-17.884904234999965],[-71.09627535599998,-17.86819723499997],[-71.10545298099998,-17.84340235899998],[-71.13944335599996,-17.821482360999937],[-71.12140998099994,-17.803349984999954],[-71.12148985599998,-17.785629984999957],[-71.10113473099995,-17.739497984999957],[-71.08217585499995,-17.734617235999963],[-71.08219135499996,-17.71668360999996],[-71.05792397899995,-17.718075234999958],[-71.02691597999996,-17.70387498499997],[-71.01711322999995,-17.709210859999928],[-71.00334960499998,-17.68369923499995],[-70.99299623099995,-17.67911910899994],[-70.98316222999995,-17.684626984999966],[-70.95627997999998,-17.675959984999963],[-70.91249998199999,-17.687369984999975],[-70.90388998099996,-17.622559984999953],[-70.87995997999997,-17.555669984999952],[-70.77997997999995,-17.45059998399995],[-70.75462960599998,-17.437578108999958],[-70.73671997999998,-17.408279983999932],[-70.75240410499998,-17.38057335999997],[-70.74670285499997,-17.351353608999943],[-70.73386823099997,-17.323191109999982],[-70.70565223099999,-17.291179734999957],[-70.71591710499996,-17.273652109999944],[-70.70427910499996,-17.267205109999963],[-70.68409073099997,-17.224264733999973],[-70.65109347999999,-17.20917535899997],[-70.60997835499995,-17.214503858999933],[-70.57250785399998,-17.19410935999997],[-70.55505047999998,-17.197663233999947],[-70.52114060499997,-17.158234358999948],[-70.49131360499996,-17.090208485999938],[-70.44873935499999,-17.080669108999928],[-70.43920122999998,-17.050363234999963],[-70.46315847999995,-17.004367483999943],[-70.44319922999995,-16.964277358999936],[-70.46501685499999,-16.94443410899993],[-70.45365760499993,-16.929745734999926],[-70.45919135399998,-16.92273823499994],[-70.45175198099997,-16.900005733999933],[-70.44157422899997,-16.892404357999965],[-70.45096685599998,-16.861816483999974],[-70.44160548099995,-16.841226608999932],[-70.40866010499997,-16.82997073499996],[-70.35608597999999,-16.790263608999965],[-70.34492572899995,-16.791464858999973],[-70.31129497999996,-16.773300733999974],[-70.29185685499993,-16.781345232999968],[-70.26828710499996,-16.770431609999946],[-70.24730047999998,-16.80246485899994],[-70.18130072999998,-16.817874983999957],[-70.18406722999998,-16.83468748399997],[-70.21171485499997,-16.840810483999974],[-70.22308397999996,-16.856087859999946],[-70.24376760399997,-16.86024223499993],[-70.25936460499997,-16.903654108999945],[-70.24718185499995,-16.952443984999945],[-70.22703335499995,-16.95935535999996],[-70.21801335499998,-16.94635248399993],[-70.19253497999995,-16.94102260799997],[-70.17368935499996,-16.91223235999996],[-70.14837222899996,-16.921869732999937],[-70.15200372899994,-16.93317398499994],[-70.14558760399996,-16.94268835899993],[-70.12926035399994,-16.948623234999957],[-70.11843610399995,-16.971145234999938],[-70.09528885499998,-16.985847858999932],[-70.09963797999995,-17.006009233999976],[-70.04233597999996,-17.058712858999968],[-70.04680472999996,-17.09943360899996],[-70.04033035499998,-17.127678983999942],[-70.02513185499998,-17.122181484999942],[-70.01317485499999,-17.141639984999927],[-69.98763085499996,-17.151423858999976],[-69.98136397999997,-17.168622484999958],[-69.97248422999996,-17.165859359999956],[-69.95794522999995,-17.186585984999965],[-69.89863285499996,-17.220906233999926],[-69.87554497899998,-17.22232035899998],[-69.84991210499999,-17.24420510899995],[-69.79055072899996,-17.23528910999994],[-69.76528910399998,-17.26336323399994],[-69.76183785399996,-17.28043548499994],[-69.73107035499999,-17.295466733999945],[-69.69524810499996,-17.27439448499996],[-69.68293160399998,-17.278736359999982],[-69.65543747999993,-17.270751985999937],[-69.64456060599997,-17.287515609999957],[-69.57521872899997,-17.292589858999975],[-69.46731635399993,-17.373537109999972],[-69.46829297899995,-17.504169858999944],[-69.66541210299994,-17.659900359999938],[-69.79598822999998,-17.646242233999942],[-69.82119722999994,-17.68635548499998],[-69.82167772999998,-17.743812484999978],[-69.80004885399995,-17.762331984999946],[-69.79571485599996,-17.862257859999943],[-69.77671872999997,-17.908160109999926],[-69.74717772899999,-17.943937484999935],[-69.75150385399996,-17.98558985899996],[-69.81308010399994,-18.11447848599994],[-69.85430872899997,-18.16534761099996],[-69.96054885499996,-18.262884735999933],[-69.98023260499997,-18.27026361099996],[-70.05070697999997,-18.26880273599994],[-70.14965235499994,-18.318367235999972],[-70.19716797999996,-18.322187484999972],[-70.28680472999997,-18.308105486999978],[-70.32555234999995,-18.31250913899993]]]}},{"type":"Feature","properties":{"cod_regpol":"21R1","regionpol":"TUMBES","tipo":"REGION POLICIAL"},"geometry":{"type":"Polygon","coordinates":[[[-81.04163273699999,-4.082784345999926],[-80.98683718399997,-3.9847446989999753],[-80.97425388999994,-3.9779624459999354],[-80.96472601799996,-3.959283561999939],[-80.83475369299998,-3.875247869999953],[-80.82961370899994,-3.836972320999962],[-80.78779132799997,-3.748926155999925],[-80.75410468699994,-3.718023776999928],[-80.65821729899994,-3.6670166939999262],[-80.62846055399996,-3.6622683039999515],[-80.60392064199993,-3.6358253319999676],[-80.57948318399997,-3.6327520739999386],[-80.54620940199999,-3.5891682989999367],[-80.50364271699993,-3.505033581999953],[-80.45910967899994,-3.4861881779999635],[-80.46191341699995,-3.5045195439999475],[-80.45328180299998,-3.4933111969999686],[-80.45657834799994,-3.504610434999961],[-80.41398467599998,-3.494128388999968],[-80.42415833999996,-3.5105415839999523],[-80.37901917099998,-3.4944752109999513],[-80.36648248499995,-3.4818613169999253],[-80.37817846599995,-3.4845943959999772],[-80.33058460099994,-3.441776079999954],[-80.30797129399997,-3.396880160999956],[-80.27989979999995,-3.413821207999945],[-80.25055770599994,-3.4135048599999323],[-80.22196623099995,-3.4358607949999396],[-80.22190536999994,-3.4461823459999437],[-80.24107635899998,-3.4615813349999485],[-80.24560103499994,-3.4873361209999416],[-80.23526801299994,-3.4872004859999493],[-80.22927666499999,-3.5018223899999725],[-80.21592460299996,-3.5004337299999406],[-80.21588169499995,-3.524968099999967],[-80.20677957199996,-3.533720758999948],[-80.20529745699997,-3.5527232929999286],[-80.21868328299996,-3.574031318999971],[-80.21267956899999,-3.5913741109999364],[-80.19568255199994,-3.5941119539999704],[-80.18965573899999,-3.6059055669999793],[-80.19847671099996,-3.620363574999942],[-80.18742265399999,-3.631247425999959],[-80.18689242899995,-3.6612515349999626],[-80.19870194899994,-3.68984091599998],[-80.18058678299997,-3.7280796419999547],[-80.18076826999999,-3.7415143969999463],[-80.18901215399995,-3.743580288999965],[-80.18357946499998,-3.751519805999976],[-80.19232995699997,-3.7486270339999805],[-80.19317804399998,-3.774915132999979],[-80.16067121699996,-3.802655561999927],[-80.16301255599996,-3.8280893059999244],[-80.15230078199994,-3.8552817089999394],[-80.15965528299995,-3.868705266999939],[-80.12797843099997,-3.8885809229999495],[-80.14012110399995,-3.912761097999976],[-80.15874448399995,-3.913075780999975],[-80.17018711399999,-3.9250262929999735],[-80.18473360299998,-3.927277058999948],[-80.21677986399999,-3.9569795979999753],[-80.23447273899995,-3.948465723999959],[-80.23616249099996,-3.9627207209999256],[-80.26232998899997,-3.9994499719999794],[-80.29807623899995,-4.017258096999967],[-80.32369261499997,-4.011165845999926],[-80.33864536499993,-3.9921724729999255],[-80.35275873899997,-3.994764722999946],[-80.36559661399997,-3.9818199719999257],[-80.37709673899997,-3.989678451999964],[-80.40065532199998,-3.9817952789999254],[-80.42470927099998,-3.996591149999972],[-80.43012198099996,-3.9893661779999547],[-80.44554650899994,-3.9962206259999675],[-80.44575099799994,-4.015939585999945],[-80.45655750899994,-4.017531772999973],[-80.45103353799999,-4.0302914309999665],[-80.46784816199994,-4.034698765999963],[-80.48204251499999,-4.054231430999948],[-80.47393739099994,-4.07907767599994],[-80.52190088299994,-4.102073007999934],[-80.56193208099995,-4.176176060999978],[-80.58780451899997,-4.198628105999944],[-80.59027737799994,-4.214119489999973],[-80.60466260199996,-4.210382306999975],[-80.62342105299996,-4.231516850999981],[-80.64567197599996,-4.229214805999959],[-80.69585557699997,-4.188956171999962],[-80.72107085699997,-4.194022728999926],[-80.73638712599995,-4.177195346999952],[-80.74450043399997,-4.183894553999949],[-80.76682542099996,-4.174057493999953],[-80.78390220999995,-4.180637421999961],[-80.80441873699993,-4.176137816999926],[-80.83801460299998,-4.1898141029999465],[-80.87176738199997,-4.19233251299994],[-80.92544880499997,-4.169021294999936],[-80.93211319599999,-4.179097341999977],[-80.94451062899998,-4.16869160899995],[-80.96584753099995,-4.174196224999946],[-80.97174837499995,-4.166925502999959],[-80.96055018599998,-4.148950336999974],[-80.97294372699997,-4.12741230499995],[-81.00091769899996,-4.1124507899999685],[-81.01643987899996,-4.114789625999947],[-81.03866704699999,-4.092548754999939],[-81.04163273699999,-4.082784345999926]],[[-80.43553741799997,-3.605155522999951],[-80.43555270399997,-3.6051642739999465],[-80.43547557899996,-3.60512012199996],[-80.43553741799997,-3.605155522999951]]]}},{"type":"Feature","properties":{"cod_regpol":"22R1","regionpol":"UCAYALI","tipo":"REGION POLICIAL"},"geometry":{"type":"Polygon","coordinates":[[[-75.12083137799993,-8.87983025799997],[-75.10966208699995,-8.92821029199996],[-75.13484527699995,-8.945969266999953],[-75.12010508999998,-8.960699137999939],[-75.11996578199995,-8.983970488999944],[-75.13755988099996,-8.988362861999974],[-75.13921485499998,-8.999503404999928],[-75.15430752299994,-8.99909876099997],[-75.15681117599996,-9.010308703999954],[-75.17386415599998,-9.011575217999962],[-75.17570913499998,-9.024734923999972],[-75.16240119399998,-9.03395345599995],[-75.20121497199995,-9.06383791199994],[-75.19467356799998,-9.073126938999962],[-75.20490205899995,-9.080286519999959],[-75.20645884799995,-9.101342457999976],[-75.24190187199997,-9.102124906999961],[-75.21193216199998,-9.176427108999974],[-75.22091095199994,-9.180077410999957],[-75.24220301699995,-9.220934119999981],[-75.25668595499997,-9.232475957999952],[-75.27191969399996,-9.233415226999966],[-75.26853099299996,-9.252731683999968],[-75.27969834599998,-9.276941553999961],[-75.31392881099998,-9.302088700999946],[-75.33405696799997,-9.288764749999928],[-75.34949079799998,-9.304544470999929],[-75.37215373199996,-9.310229776999961],[-75.41849402199995,-9.29260580099998],[-75.45196794399999,-9.296343673999957],[-75.45625460899998,-9.324999976999948],[-75.49364448499995,-9.377011725999978],[-75.60065949899996,-9.413812848999953],[-75.61137767399998,-9.406141085999934],[-75.61665987799995,-9.414075873999934],[-75.67045087099996,-9.417935813999975],[-75.67112834599999,-9.385868836999975],[-75.69501235899997,-9.363927067999953],[-75.68862268599997,-9.349366329999953],[-75.70569083699996,-9.336267221999947],[-75.72024249699996,-9.27722754599995],[-75.76396276699995,-9.237848216999964],[-75.76379026399997,-9.217098119999946],[-75.77506748599995,-9.219730187999971],[-75.79612726999994,-9.202670438999974],[-75.80245156599995,-9.151776091999977],[-75.82152005499995,-9.118965407999951],[-75.82501722299997,-9.090050847999976],[-75.83787356899995,-9.084892706999938],[-75.83787649599998,-9.061944494999977],[-75.86003596199998,-9.050056110999947],[-75.89147071299999,-9.00302421999993],[-75.89450417799998,-8.983714083999928],[-75.88376730599998,-8.972732544999928],[-75.90312072999996,-8.915495255999929],[-75.90127348599998,-8.89815111799993],[-75.91051489899996,-8.896324968999977],[-75.92788281899993,-8.844538026999942],[-75.92164396199996,-8.780812279999964],[-75.94646486099998,-8.713550726999927],[-75.96409573499994,-8.697357474999933],[-75.97933598499998,-8.652880851999953],[-75.96502348499996,-8.579974601999936],[-75.97072660999999,-8.51240035199993],[-75.95453123499993,-8.499486350999973],[-75.96755473499996,-8.459925725999938],[-75.94229885999994,-8.427658225999949],[-75.94959173499996,-8.391330101999927],[-75.98496285999994,-8.322150351999937],[-75.96221986099994,-8.314300850999928],[-75.94865798599994,-8.31828010199996],[-75.92709323499997,-8.306762100999947],[-75.91435110999998,-8.282828975999962],[-75.91858385999996,-8.264069350999932],[-75.91288585999996,-8.257503851999957],[-75.92647461099995,-8.206219227999952],[-75.94116485899997,-8.186183976999928],[-75.93402698399996,-8.134428476999972],[-75.94063723499994,-8.110459225999932],[-75.95180298599996,-8.101295225999934],[-75.92936473499998,-8.089302851999946],[-75.92098848499995,-8.073119350999946],[-75.88730598499995,-8.074876975999928],[-75.84493273499999,-8.059638100999962],[-75.82949285999996,-7.973495850999939],[-75.85879323499995,-7.921125350999944],[-75.89520761099999,-7.933930475999944],[-75.92783785999995,-7.957255975999942],[-75.93945560999998,-7.946120100999963],[-75.96697948599996,-7.9603593509999655],[-75.99350973499998,-7.9535663509999495],[-75.98585548599993,-7.9171443509999335],[-75.97566148399994,-7.908968100999971],[-75.98816698599995,-7.892326600999979],[-76.00603973599993,-7.890586851999956],[-76.00849173499995,-7.856042600999956],[-76.03730111099998,-7.816926476999981],[-76.04380298499996,-7.792343599999981],[-76.06055098399997,-7.7878138519999425],[-76.06707023499996,-7.769289600999969],[-76.08443511099995,-7.762560975999975],[-76.08667385999996,-7.729231725999966],[-76.10159261099994,-7.7226639759999784],[-76.10133210999999,-7.650456350999946],[-76.08237498499994,-7.631888725999943],[-76.08285548599997,-7.619652351999946],[-76.09387148499997,-7.609725975999936],[-76.08490473599994,-7.6051183509999305],[-76.07971860999999,-7.5843359769999665],[-76.08725373599998,-7.58074772599997],[-76.09137361099994,-7.560355725999955],[-76.11567098599994,-7.562502725999934],[-76.12191085999996,-7.525992350999957],[-76.16727535999996,-7.493017599999973],[-76.20439685999997,-7.431326849999948],[-76.21540810999994,-7.395333099999959],[-76.19591823499997,-7.334402849999947],[-76.21311136199995,-7.310142601999928],[-76.16666148599995,-7.267596350999952],[-76.15927561099994,-7.23056859999997],[-76.14571498499998,-7.217929224999978],[-76.14352523599996,-7.2039624739999795],[-76.05994498399997,-7.1613012249999315],[-76.04658560999997,-7.121430223999937],[-76.02330123499996,-7.114306848999945],[-76.01071710999997,-7.078379849999976],[-76.00811323399995,-7.002220724999972],[-76.02049010999997,-6.98965734899997],[-76.03564011099996,-6.993146474999946],[-76.05184423499998,-6.937871599999937],[-76.04640235999995,-6.924931599999979],[-76.01573586099994,-6.9137009749999265],[-76.01064673499997,-6.89042134999994],[-76.03500385999996,-6.864986349999981],[-76.05104348499998,-6.810923098999979],[-76.01158485999997,-6.806022224999936],[-76.00058010999999,-6.795063225999968],[-75.98383310899999,-6.793753225999978],[-75.98016223499997,-6.800068974999931],[-75.96495110999996,-6.788406599999973],[-75.94295073499995,-6.795029099999965],[-75.91535561099994,-6.79063597499993],[-75.87751585999996,-6.8022983509999335],[-75.84387535999997,-6.797261724999942],[-75.81393348399996,-6.81722547499993],[-75.81397185899993,-6.825477974999956],[-75.79418335999998,-6.821401599999945],[-75.78053910999995,-6.848412099999962],[-75.74605660999998,-6.856546849999972],[-75.72479585999997,-6.850874474999955],[-75.70080560899999,-6.869113974999948],[-75.68998635999998,-6.861267599999962],[-75.68675411099997,-6.846142849999978],[-75.67291523499995,-6.844396974999938],[-75.65967198499999,-6.81933209999994],[-75.64269610999997,-6.815560725999944],[-75.63344223499996,-6.843062349999968],[-75.61688835899997,-6.841188723999949],[-75.57678623599998,-6.820988849999935],[-75.57210148499996,-6.807212225999933],[-75.50799810999996,-6.780379849999974],[-75.50038086099994,-6.757285099999933],[-75.50620710999993,-6.697052974999963],[-75.50022848399993,-6.640322224999977],[-75.50930473499994,-6.582978474999948],[-75.50298348499996,-6.552228724999964],[-75.50959660999996,-6.49214134999994],[-75.52422748499998,-6.475579598999957],[-75.52014123499998,-6.464820724999981],[-75.52984936099995,-6.440098098999954],[-75.53900285999998,-6.435132974999931],[-75.53373048599997,-6.416300724999928],[-75.54341810999995,-6.406865223999944],[-75.53644710999998,-6.391540223999925],[-75.55009498499999,-6.347707974999935],[-75.49634373499998,-6.281025348999947],[-75.48728510999996,-6.254259723999951],[-75.48718760999998,-6.203415348999954],[-75.49414773499996,-6.189316973999951],[-75.52555498499999,-6.165125598999964],[-75.52937335999997,-6.122162597999932],[-75.39307948499999,-6.081711349999978],[-75.32030910899994,-6.09975022499998],[-75.22999810899995,-6.072419973999956],[-75.18481223299995,-6.072297848999938],[-75.13830523399997,-6.034528848999969],[-75.04113810899997,-6.004480723999961],[-74.96169135899999,-5.901494099999979],[-74.88669935899998,-5.8660332239999775],[-74.84565035999998,-5.892199223999967],[-74.83518048499997,-5.919875349999927],[-74.80963435899997,-5.923327099999938],[-74.81108348399994,-5.9381494739999425],[-74.82923273499995,-5.958011598999974],[-74.80680148399995,-5.973361098999931],[-74.80033773399998,-6.000024223999958],[-74.78687348499994,-6.012953598999957],[-74.77201798299996,-6.014139347999958],[-74.76082610899994,-5.999326223999958],[-74.78456773399995,-5.951621472999932],[-74.78351373399994,-5.932615848999944],[-74.77524610899997,-5.924479973999951],[-74.76131298399997,-5.926060973999938],[-74.73140435899995,-5.947438348999981],[-74.69428248499997,-5.950896847999957],[-74.68901223499995,-5.960449099999948],[-74.69991248399998,-6.017225973999928],[-74.69232710899996,-6.033964224999977],[-74.70805485899996,-6.032381598999962],[-74.72912698399995,-6.080794973999957],[-74.77571448399993,-6.10513597399995],[-74.79336823399996,-6.1615428499999325],[-74.86957823499995,-6.225687473999926],[-74.86505860899996,-6.27285934899993],[-74.89360748399997,-6.338287098999956],[-74.89852585899996,-6.406403973999943],[-74.91212273399998,-6.435918475999927],[-74.96423148399998,-6.50092372499995],[-74.97356636099994,-6.527970724999932],[-74.97378710899994,-6.5807265999999345],[-74.95603123399997,-6.685486348999973],[-74.90075660999997,-6.733874974999935],[-74.88958010899995,-6.852550725999947],[-74.79849285899996,-6.980200225999965],[-74.82981435899995,-7.036315100999957],[-74.83660698399996,-7.07166559999996],[-74.87686923399997,-7.119341598999938],[-74.85488873399999,-7.1379257249999455],[-74.85236323399994,-7.158140599999967],[-74.87629635899998,-7.205522849999966],[-74.88128710999996,-7.234177726999974],[-74.84106248399996,-7.271732474999965],[-74.83445835899994,-7.2932767249999415],[-74.70762360799995,-7.321544724999967],[-74.64987298399996,-7.304322100999968],[-74.62510385899998,-7.270490974999973],[-74.62396173399998,-7.24667734999997],[-74.64880710899996,-7.24119185099994],[-74.64031948399997,-7.184397598999965],[-74.62299060899994,-7.173321349999981],[-74.59737698399994,-7.177675724999972],[-74.55038035899997,-7.166110099999969],[-74.53798810899997,-7.178959225999961],[-74.53930173399993,-7.2021447249999255],[-74.51451710899994,-7.217849099999967],[-74.51206148399996,-7.242804974999956],[-74.50009123399997,-7.262049474999969],[-74.47204498399998,-7.275466475999963],[-74.46352085699993,-7.298596850999957],[-74.44444723399994,-7.307129224999926],[-74.43132135899998,-7.301594849999958],[-74.41382723399994,-7.314896850999958],[-74.37017798399995,-7.317272100999958],[-74.36156685899994,-7.336606725999957],[-74.32935685799998,-7.348479724999947],[-74.28195523499994,-7.354095474999951],[-74.25526260899994,-7.34349734999995],[-74.23372660899997,-7.36001560099993],[-74.18085685899996,-7.358747224999945],[-74.14163648299996,-7.377771726999981],[-74.13293685899998,-7.400802350999925],[-74.03996598299995,-7.448154723999949],[-74.03647385799997,-7.481244474999926],[-74.01837310799993,-7.491445350999925],[-74.01209185799996,-7.513884725999958],[-73.98303323299996,-7.5343613499999265],[-73.97856835799996,-7.5614707249999356],[-73.95840423499999,-7.564437474999977],[-73.88864848299994,-7.6039824749999525],[-73.90045898399995,-7.6402284759999475],[-73.86806448299996,-7.675296725999942],[-73.85537698399997,-7.6775898509999365],[-73.83917973299998,-7.66687110099997],[-73.83606060799997,-7.692230475999963],[-73.82246498399996,-7.70051560099995],[-73.81775585799994,-7.717259724999963],[-73.80176010799994,-7.713720850999948],[-73.74141598299997,-7.73328722499997],[-73.73408898299994,-7.744752475999974],[-73.71479923299995,-7.74238597599998],[-73.71171735799999,-7.760905225999977],[-73.68848010899995,-7.7671354759999645],[-73.67618785799993,-7.800530351999953],[-73.68282398399998,-7.817893975999937],[-73.67815973399996,-7.857964099999947],[-73.70357423299998,-7.875956975999941],[-73.72090823399998,-7.872396475999949],[-73.73545110699996,-7.878810600999941],[-73.75826760799998,-7.8706718509999405],[-73.76154298299997,-7.860599600999933],[-73.76582423399998,-7.866216850999933],[-73.75522460899998,-7.8923281009999755],[-73.77225585799994,-7.909164100999931],[-73.74030273299996,-7.929673849999972],[-73.74788673199998,-7.947373225999968],[-73.73047660799995,-7.952628850999929],[-73.72678323499997,-7.96584572699993],[-73.70563473299995,-7.9547031019999395],[-73.69986723299996,-7.97632034999998],[-73.68109960799995,-7.983867225999973],[-73.68166410799995,-7.996751975999928],[-73.66802298299996,-8.013148100999956],[-73.63924848299996,-8.00652947499998],[-73.61685123399997,-8.034250225999926],[-73.62625285799999,-8.057459725999934],[-73.58447110799995,-8.128678476999937],[-73.59569473399995,-8.164560850999976],[-73.58879085799998,-8.196974601999955],[-73.57141210799995,-8.223660099999961],[-73.58738635799995,-8.240860975999965],[-73.56299223199994,-8.245497851999971],[-73.52626198299998,-8.270785726999975],[-73.53761335899998,-8.296773475999942],[-73.52643310799994,-8.321132600999931],[-73.54225973399997,-8.34965035099998],[-73.52182035799996,-8.360134725999956],[-73.51986735799994,-8.372984351999946],[-73.48529473299999,-8.384223100999975],[-73.44131135799995,-8.425401101999967],[-73.42169135799998,-8.43468947699995],[-73.40671485799999,-8.431290975999957],[-73.38811523299995,-8.47024022599993],[-73.37615235799996,-8.463761726999962],[-73.37160635799995,-8.472651601999928],[-73.33183073299995,-8.47403535099994],[-73.32881335799993,-8.523062226999969],[-73.33520298299999,-8.533042225999964],[-73.34104160699997,-8.61678385099998],[-73.33650923299996,-8.620963726999946],[-73.31927523299998,-8.610905976999959],[-73.31187510799998,-8.631906224999966],[-73.30009373299998,-8.63196097599996],[-73.28487810799999,-8.664328226999942],[-73.26569048299996,-8.67133047599998],[-73.25547210799994,-8.690215724999973],[-73.20451748199997,-8.687747101999946],[-73.16724148199995,-8.698297725999964],[-73.13597748299998,-8.739122226999939],[-73.14055173099996,-8.749611226999946],[-73.13463323299999,-8.766723101999958],[-73.11464848299994,-8.784412725999971],[-73.11201373399996,-8.819297602999939],[-73.09579423199995,-8.836403976999975],[-73.07770785799994,-8.842191600999968],[-73.08004148299995,-8.860324851999962],[-73.07107985899995,-8.86242522699996],[-73.05888598299998,-8.90577372699994],[-73.03710135699998,-8.916179726999928],[-73.01927648299994,-8.911298226999975],[-72.99969260799998,-8.91751610199998],[-72.96797960699996,-8.981012976999978],[-72.94091148199993,-8.984940226999981],[-72.96307060799995,-9.01209910199998],[-72.94653423199998,-9.032989476999944],[-72.94305698299996,-9.053528601999972],[-72.94982223299996,-9.070244101999947],[-72.93999410699996,-9.093248101999961],[-72.94647960799995,-9.120346100999939],[-72.96007585699994,-9.133128601999942],[-72.95819735699996,-9.143024227999945],[-72.99015873299999,-9.162032352999972],[-73.00367485799995,-9.160591976999967],[-73.01178485699995,-9.174130727999966],[-73.02612435699996,-9.177856726999948],[-73.01229223199994,-9.195047976999945],[-73.00334285799994,-9.195447352999963],[-73.00929810699995,-9.222364726999956],[-73.02370960699994,-9.220429352999929],[-73.03639410799997,-9.23475160199996],[-73.06259685599997,-9.227099101999954],[-73.07351760799997,-9.23460747699994],[-73.09436135799996,-9.269279350999966],[-73.10732823299998,-9.275348226999938],[-73.10143360799998,-9.308117227999958],[-73.13140623199996,-9.318316851999953],[-73.13379685899997,-9.330564476999939],[-73.14809373199995,-9.336722602999942],[-73.14836610899994,-9.354101101999959],[-73.16937923199998,-9.360389227999974],[-73.17666598199997,-9.355005852999966],[-73.18875973199994,-9.36322260199995],[-73.18632398299997,-9.396940101999974],[-73.20345310699997,-9.405769476999978],[-73.20043948299997,-9.411396477999972],[-72.71629460699995,-9.412241976999951],[-72.71158248199998,-9.430004227999973],[-72.69893148099999,-9.429221601999927],[-72.69514598199999,-9.439364602999945],[-72.68263885699997,-9.433454476999941],[-72.65502023199997,-9.45204535399995],[-72.64332260699996,-9.442199978999952],[-72.62781823199998,-9.442364851999969],[-72.61995460699995,-9.453461602999937],[-72.57677960699993,-9.455868227999929],[-72.57734273199998,-9.464175227999931],[-72.56783123199995,-9.459951352999951],[-72.56132323199995,-9.47251347799994],[-72.55702110699997,-9.46586472699994],[-72.54214435699998,-9.467021852999949],[-72.51953473199995,-9.491281352999977],[-72.50093835699994,-9.480453601999955],[-72.45461923199997,-9.489768977999972],[-72.44078360699996,-9.477033477999953],[-72.42646673199994,-9.485695601999964],[-72.40749223199998,-9.477153602999977],[-72.38640360699998,-9.492346976999954],[-72.35687623199993,-9.494598477999943],[-72.34049698099994,-9.506921603999956],[-72.34247560799997,-9.520527352999977],[-72.31858560699999,-9.543794351999964],[-72.30048435699996,-9.533249977999958],[-72.28289848199995,-9.53995310299996],[-72.28820898199996,-9.603158226999938],[-72.26842573199997,-9.620757727999944],[-72.25281835699997,-9.616333977999943],[-72.26031448199996,-9.641763726999955],[-72.24539260699999,-9.658736352999938],[-72.26295510599994,-9.75085547699996],[-72.24562310699997,-9.750833978999935],[-72.21486910699997,-9.778816352999968],[-72.18691210799994,-9.778206977999957],[-72.15136110699996,-9.79741635299996],[-72.16283335599996,-9.830402101999937],[-72.15430473299995,-9.835257851999927],[-72.14820123299995,-9.872228478999943],[-72.13593535699994,-9.874871602999974],[-72.15071173199993,-9.905741852999938],[-72.16532948199995,-9.908964227999945],[-72.17433748199994,-9.930933851999953],[-72.15582723299997,-9.942233227999964],[-72.16204973099997,-9.953577476999953],[-72.14998673199995,-9.966336977999958],[-72.15884735699996,-9.979176477999943],[-72.17716998199995,-9.985498101999951],[-72.18040435699999,-9.999671853999928],[-71.37504485599999,-10.000144477999982],[-71.36000785599998,-9.983740228999977],[-71.35006635599996,-9.98518560399998],[-71.34276373199998,-9.966773478999926],[-71.31240823099995,-9.991638727999941],[-71.29819023099998,-9.992199102999962],[-71.29105473099997,-9.98192772799996],[-71.25399810599998,-9.976558602999944],[-71.25321285599995,-9.96292572799996],[-71.22051948099994,-9.969677727999965],[-71.20938873099993,-9.965052727999932],[-71.20509373099998,-9.946380852999937],[-71.19257423099998,-9.941763727999955],[-71.18942972999997,-9.920914101999927],[-71.17876373099995,-9.91811910399997],[-71.17118160599995,-9.890527351999935],[-71.13974023099996,-9.857015603999969],[-71.10224223099993,-9.853189477999933],[-71.07691997999996,-9.827703102999976],[-71.05858597999998,-9.824749975999964],[-71.05122460599995,-9.815835977999939],[-70.99391210499994,-9.81720897799994],[-70.99243160499998,-9.795035102999975],[-70.96336735499995,-9.748912477999966],[-70.92382747999994,-9.74129822599997],[-70.89780485599994,-9.714134101999946],[-70.86850210499995,-9.664808727999969],[-70.83869960499999,-9.656670352999981],[-70.83577010599998,-9.643008103999932],[-70.79917772999994,-9.641922226999952],[-70.78614698199993,-9.614269476999937],[-70.76569148199997,-9.606971225999928],[-70.76775285499997,-9.60069260299997],[-70.75758197999994,-9.604726850999953],[-70.75953272999993,-9.58404410199995],[-70.75027097999998,-9.560103726999955],[-70.73831973099993,-9.559005227999933],[-70.72979672999998,-9.57025572699996],[-70.71475810599998,-9.547148602999926],[-70.67971885599997,-9.534458728999937],[-70.66611973099998,-9.519420226999955],[-70.66320298099998,-9.52601147799993],[-70.65137948099994,-9.512371727999948],[-70.65295247999995,-9.500266727999929],[-70.63578147999993,-9.501631851999946],[-70.63190285599995,-9.48019097599996],[-70.62329872999999,-9.470587351999939],[-70.61598972999997,-9.476127602999952],[-70.61154185499998,-9.457426101999943],[-70.59635185599996,-9.459090727999978],[-70.59580560499995,-9.44249610299994],[-70.57080960499997,-9.440389351999954],[-70.56191410599996,-9.430011227999955],[-70.54968922999996,-9.435655476999955],[-70.54648997999993,-9.427878351999937],[-70.53853073099998,-9.438360476999947],[-70.52672222999996,-9.428892727999937],[-70.52601973099996,-9.438308477999954],[-70.50653797999996,-9.423690602999955],[-70.49628985499999,-9.425147226999968],[-70.49441697999998,-9.432898351999938],[-70.49722622999997,-9.442392102999975],[-70.51155797999996,-9.447750226999972],[-70.50477735499999,-9.463339477999966],[-70.52490235599998,-9.461199226999952],[-70.50569922999995,-9.50460160299997],[-70.51371685399994,-9.492802852999944],[-70.52192060399994,-9.505466852999973],[-70.53151685399996,-9.503547727999944],[-70.53097947999998,-9.515523602999963],[-70.54433397999998,-9.514089851999927],[-70.54212885599998,-9.537699353999926],[-70.57062097999994,-9.532917226999928],[-70.56400447999994,-9.540710851999961],[-70.56907847999997,-9.554349727999977],[-70.55414072999997,-9.56506597799995],[-70.55783460499998,-9.574117976999958],[-70.57504547999997,-9.564010727999971],[-70.58844073099993,-9.566649101999928],[-70.58909022999995,-9.548869852999928],[-70.60041535399995,-9.562995727999976],[-70.58564847999997,-9.575581977999946],[-70.58803510499996,-9.598330100999931],[-70.59824410499994,-9.607623101999934],[-70.58470122999995,-9.640839852999932],[-70.56662697999997,-9.667414101999952],[-70.55302347999998,-9.668179726999938],[-70.54256447999995,-9.679935602999933],[-70.52523048099994,-9.714978477999978],[-70.54592185499996,-9.778800726999975],[-70.55963085599996,-9.789468727999974],[-70.57777347899997,-9.777794977999974],[-70.59090447999995,-9.802978477999943],[-70.60816210399997,-9.80114260299996],[-70.62338285499999,-9.82054497799993],[-70.61380449399996,-9.873393331999978],[-70.63953932499999,-9.884375986999942],[-70.63347923799995,-9.898958456999935],[-70.65089447999998,-9.93195510299995],[-70.64852147999994,-9.951576227999965],[-70.66762748099995,-9.970693103999963],[-70.65689285499997,-9.99972947799995],[-70.67231835499996,-10.023134727999945],[-70.65205855299996,-10.040059991999954],[-70.66003160699995,-10.051465853999957],[-70.64454182399999,-10.068740453999965],[-70.64989978199998,-10.07947457399996],[-70.69817385599998,-10.11803122699996],[-70.70823147999994,-10.136840227999926],[-70.70644335599997,-10.161357477999957],[-70.75069335599994,-10.191011727999978],[-70.80320133399994,-10.25115440899998],[-70.86685394099999,-10.253047207999941],[-70.88083327499999,-10.261970186999974],[-70.87399258499994,-10.300695979999944],[-70.88945882099995,-10.33513861299997],[-70.96801200599998,-10.33555137299993],[-70.95841480299998,-10.38957678199995],[-71.00497245899999,-10.430818518999956],[-71.00063936999999,-10.44222231699996],[-71.02453348099993,-10.47820010299995],[-71.07850585499995,-10.501370977999954],[-71.12851435499994,-10.504735852999943],[-71.14680014699996,-10.530984022999974],[-71.16457085599995,-10.531261477999976],[-71.16529310599998,-10.569643853999935],[-71.19621285599999,-10.579861352999956],[-71.22080272999995,-10.636734352999952],[-71.20629098199998,-10.652160103999961],[-71.23131265299997,-10.685238531999971],[-71.22781484599994,-10.702813230999936],[-71.21553682599995,-10.714948480999965],[-71.22460257299997,-10.730652924999958],[-71.21874909899998,-10.760205828999972],[-71.22886585599997,-10.764998227999968],[-71.22156377199997,-10.77669844199994],[-71.24505363599997,-10.776529079999932],[-71.25872332499995,-10.784934501999942],[-71.27147385599994,-10.819046852999975],[-71.27272701099997,-10.852818726999942],[-71.29471371599993,-10.876298703999964],[-71.30833698099997,-10.877813853999953],[-71.31730485599996,-10.909565103999967],[-71.33612646199998,-10.91678829999995],[-71.35401410599997,-10.949791103999928],[-71.37801235599994,-10.95347435399998],[-71.39345510499999,-10.94733397899995],[-71.41294135599998,-10.958068353999977],[-71.47250948099997,-10.953692603999968],[-71.48595135599999,-10.963790227999937],[-71.50813248199995,-10.966092228999969],[-71.52714885599994,-10.961727104999966],[-71.53197710599994,-10.952138478999927],[-71.55885360599996,-10.964802728999928],[-71.66171910499997,-10.983183851999968],[-71.68072285599999,-10.971558104999929],[-71.69355585599999,-10.979740853999942],[-71.70169398199994,-10.97383860399998],[-71.71600260599996,-10.997850227999947],[-71.72928285599994,-10.98367572899997],[-71.75114448099998,-10.993751979999956],[-71.78022847999995,-10.987814478999951],[-71.80895310799997,-10.993828104999977],[-71.82846250199998,-11.011867834999975],[-71.84700848899996,-10.995678519999956],[-71.92333246299995,-10.996097478999957],[-71.93837657999995,-11.003895174999968],[-72.01083257099998,-10.987746869999967],[-72.04369872899997,-10.996919693999928],[-72.05441310699996,-11.011073603999932],[-72.10470985999996,-10.992930721999926],[-72.12503458999998,-10.99562352099997],[-72.12793021099998,-10.979842446999953],[-72.15286323099997,-10.99421485399995],[-72.15825022699994,-11.005287898999939],[-72.17353762699997,-10.995526064999979],[-72.18519084699994,-11.008932294999966],[-72.19417810699997,-11.004493353999976],[-72.21517135699997,-11.013483103999931],[-72.23997685699999,-10.983531853999978],[-72.26212623199996,-10.971675853999955],[-72.31585635699997,-10.982788854999967],[-72.33094660699999,-10.968640602999926],[-72.36041510699994,-10.962101978999954],[-72.39746860699995,-10.933147602999952],[-72.40079960699995,-10.915946228999928],[-72.41903573199994,-10.90629185399996],[-72.42971873199997,-10.886005853999961],[-72.42821498199999,-10.861956977999967],[-72.43721098199995,-10.842589853999925],[-72.47232423099996,-10.817066354999952],[-72.48434760799995,-10.792189477999955],[-72.48140360699995,-10.76755647899995],[-72.46678923199994,-10.750528729999928],[-72.46686010799993,-10.716273352999963],[-72.44580410599997,-10.638317351999945],[-72.40609710699994,-10.649462227999948],[-72.38794035599994,-10.594657102999975],[-72.39227923199996,-10.574502478999932],[-72.37884285699994,-10.547699602999955],[-72.38080235599995,-10.537832227999957],[-72.40942473199993,-10.516277852999963],[-72.46443010699994,-10.508999852999978],[-72.42039898199994,-10.479552851999927],[-72.42292260699998,-10.44474422899998],[-72.45196385599996,-10.416065352999965],[-72.46071523199998,-10.393963853999935],[-72.47716673199994,-10.378694226999926],[-72.47776760699998,-10.36611135499993],[-72.50573135699995,-10.344164228999944],[-72.52562010699995,-10.35079385299997],[-72.53965735699995,-10.335369727999932],[-72.54760648199994,-10.295077228999958],[-72.56087560699996,-10.282903601999976],[-72.56533723199993,-10.26372360299996],[-72.59007835599994,-10.270161727999948],[-72.64402910699994,-10.222531352999965],[-72.68211973199993,-10.223320476999959],[-72.72109698199995,-10.19252535399994],[-72.77042360899998,-10.18480147899993],[-72.79945635799999,-10.19910972799994],[-72.81962310799997,-10.177568354999948],[-72.85416210899996,-10.17602747799998],[-72.86327423199998,-10.166890602999956],[-72.97710285599999,-10.185497727999973],[-73.00946310799998,-10.200657477999926],[-73.02156835699998,-10.187605477999966],[-73.03773123299999,-10.192564728999969],[-73.05023098199996,-10.177383727999938],[-73.05617510699994,-10.146097102999931],[-73.06718060799994,-10.148445102999972],[-73.10671210699996,-10.122264101999974],[-73.12465948199997,-10.133775852999975],[-73.15194923199994,-10.126064477999932],[-73.16997298399997,-10.099393352999925],[-73.19430198299995,-10.081076226999926],[-73.19703123299996,-10.047646477999933],[-73.18715673199995,-10.018338352999933],[-73.21874273199995,-10.000166476999937],[-73.22142510799995,-9.972195727999974],[-73.26795310799997,-9.95226897799995],[-73.30922098199994,-9.89298985299996],[-73.37038048299996,-9.861618351999937],[-73.37255760799997,-9.825199726999926],[-73.45934873299996,-9.795609602999946],[-73.46937598299996,-9.750780102999954],[-73.51781448299994,-9.714996102999976],[-73.53626948299996,-9.709617227999956],[-73.56872848299997,-9.65834747699995],[-73.60918648299997,-9.64440835299996],[-73.64139585799995,-9.592282227999931],[-73.66531248399997,-9.57197260299995],[-73.66041910799999,-9.546081102999949],[-73.68630398299996,-9.528899102999958],[-73.74339060799997,-9.54034760299993],[-73.76475023299997,-9.530882102999954],[-73.81722073299994,-9.52957222699996],[-73.87554085899995,-9.59655860199996],[-73.95975385799994,-9.61078710199996],[-73.98577835899994,-9.635183602999973],[-74.04936948299996,-9.656862727999965],[-74.06945898299995,-9.686611353999979],[-74.06579498399998,-9.705536852999955],[-74.10379685899994,-9.712341852999941],[-74.14443160799993,-9.704640602999973],[-74.18599248399994,-9.765350352999974],[-74.21632098399994,-9.773342851999928],[-74.25341810899994,-9.771726602999934],[-74.28767373399995,-9.79006772799994],[-74.29546098399999,-9.806485101999954],[-74.31695898499999,-9.801581977999945],[-74.31990835899995,-9.827290477999952],[-74.33337998399998,-9.838188601999946],[-74.33830823399995,-9.865862727999968],[-74.37010973299994,-9.848035726999967],[-74.37591448499995,-9.871002476999934],[-74.35921523399998,-9.89291485299998],[-74.36081510899999,-9.901214977999928],[-74.41232623499997,-9.953955102999942],[-74.41482523399998,-9.90123110199994],[-74.43541435899994,-9.873596727999939],[-74.45330085899997,-9.863636227999962],[-74.44724023399993,-9.777149852999969],[-74.45536135899994,-9.745982477999974],[-74.47408960999996,-9.730123977999938],[-74.49014035799996,-9.68519572799994],[-74.49463648399995,-9.656154976999971],[-74.48946748399999,-9.65196397699998],[-74.49729073399999,-9.637597977999974],[-74.49072585799996,-9.618784478999942],[-74.49382935899996,-9.592224852999948],[-74.53165385899996,-9.592102851999925],[-74.57484998399997,-9.572717601999955],[-74.57444723299994,-9.545777976999943],[-74.59349435899998,-9.507361852999964],[-74.58317773399995,-9.498438976999978],[-74.58109248499994,-9.476601726999945],[-74.66260348499998,-9.454945726999938],[-74.70942010899995,-9.42221035199998],[-74.68474385899998,-9.408870602999968],[-74.67275135899996,-9.388882975999934],[-74.65783398299999,-9.382013352999934],[-74.65431748399999,-9.36877422699996],[-74.62737398299998,-9.364775476999966],[-74.62537460899995,-9.35020885199998],[-74.58715023399998,-9.296607476999952],[-74.58990423399996,-9.267171726999948],[-74.62446685899994,-9.215562476999935],[-74.63956448399995,-9.159681601999978],[-74.63653873299995,-9.125511227999937],[-74.67186498399997,-9.110542476999967],[-74.67809373399996,-9.094039101999954],[-74.65839973399994,-9.07140372699996],[-74.65136610899998,-9.048768351999968],[-74.66916398399997,-9.020256726999946],[-74.66170960899996,-9.00382960199994],[-74.64787498299995,-8.995767601999944],[-74.65274023399996,-8.979581976999953],[-74.64431073399999,-8.918783226999949],[-74.62421498399993,-8.888726601999963],[-74.61830860899994,-8.832027350999965],[-74.58808985899998,-8.81264647699993],[-74.57287460899994,-8.792645851999964],[-74.53217810899997,-8.776133226999946],[-74.52535123399997,-8.749316225999962],[-74.54375273399995,-8.593698351999933],[-74.57757148399998,-8.553792225999928],[-74.61781585899996,-8.548719351999978],[-74.65400198399993,-8.557850475999942],[-74.84714648399995,-8.661524102999977],[-74.84077610999998,-8.67906897599994],[-74.84797848399995,-8.691979601999947],[-74.85219873399996,-8.76309435199994],[-74.94071210899995,-8.857892600999946],[-74.97898057099997,-8.871653107999975],[-75.00500213599997,-8.869730510999943],[-75.02240396499997,-8.858526660999928],[-75.06471467799997,-8.882277260999956],[-75.07312544499996,-8.873103101999959],[-75.12083137799993,-8.87983025799997]],[[-75.06957498099996,-8.804879418999974],[-75.06957497499997,-8.804879420999953],[-75.06947767299994,-8.804760082999962],[-75.06957498099996,-8.804879418999974]]]}}]}